food_id,source,usda_food_id,name_zh,name_en,protein_g_per_100g,fat_g_per_100g,carbs_g_per_100g,gi,gi_level,gi_source,gi_match_note,category,translation_note
foundation_321358,foundation_food,321358,鹰嘴豆泥，商业生产,"Hummus, commercial",7.35,17.1,14.9,,,,,Foundation Foods,
foundation_321359,foundation_food,321359,减脂牛奶，液态，2%乳脂，添加维生素A和D,"Milk, reduced fat, fluid, 2% milkfat, with added vitamin A and vitamin D",3.35,1.9,4.91,N/A,N/A,,N/A - 碳水低于 5g/100g，通常不需要 GI,Foundation Foods,
foundation_321360,foundation_food,321360,葡萄番茄，生,"Tomatoes, grape, raw",0.83,0.63,5.51,,,,,Foundation Foods,
foundation_321611,foundation_food,321611,四季豆罐头，常规包装，沥干固形物,"Beans, snap, green, canned, regular pack, drained solids",1.04,0.39,4.11,N/A,N/A,,N/A - 碳水低于 5g/100g，通常不需要 GI,Foundation Foods,
foundation_321900,foundation_food,321900,西兰花，生,"Broccoli, raw",2.57,0.34,6.29,,,,,Foundation Foods,
foundation_322228,foundation_food,322228,低脂牛奶，液态，1%乳脂，添加维生素A和D,"Milk, lowfat, fluid, 1% milkfat, with added vitamin A and vitamin D",3.38,0.95,5.19,,,,,Foundation Foods,
foundation_322559,foundation_food,322559,脱脂牛奶，液态，添加维生素A和D,"Milk, nonfat, fluid, with added vitamin A and vitamin D (fat free or skim)",3.43,0.08,4.89,N/A,N/A,,N/A - 碳水低于 5g/100g，通常不需要 GI,Foundation Foods,
foundation_322892,foundation_food,322892,全脂牛奶，3.25%乳脂，添加维生素D,"Milk, whole, 3.25% milkfat, with added vitamin D",3.28,3.2,4.67,N/A,N/A,,N/A - 碳水低于 5g/100g，通常不需要 GI,Foundation Foods,
foundation_323121,foundation_food,323121,牛肉热狗肠，未加热,"Frankfurter, beef, unheated",11.7,28.0,2.89,N/A,N/A,,N/A - 碳水低于 5g/100g，通常不需要 GI,Foundation Foods,
foundation_323294,foundation_food,323294,杏仁，干烤，加盐,"Nuts, almonds, dry roasted, with salt added",20.4,57.8,16.2,,,,,Foundation Foods,
foundation_323444,foundation_food,323444,里科塔奶酪，全脂奶,"Cheese, ricotta, whole milk",7.81,11.0,6.86,,,,,Foundation Foods,
foundation_323505,foundation_food,323505,羽衣甘蓝，生,"Kale, raw",2.92,1.49,4.42,N/A,N/A,,N/A - 碳水低于 5g/100g，通常不需要 GI,Foundation Foods,
foundation_323604,foundation_food,323604,全蛋，生，冷冻，巴氏杀菌,"Egg, whole, raw, frozen, pasteurized",12.3,10.3,0.91,N/A,N/A,,N/A - 碳水低于 5g/100g，通常不需要 GI,Foundation Foods,
foundation_323697,foundation_food,323697,蛋白，生，冷冻，巴氏杀菌,"Egg, white, raw, frozen, pasteurized",10.1,0.16,0.74,N/A,N/A,,N/A - 碳水低于 5g/100g，通常不需要 GI,Foundation Foods,
foundation_323793,foundation_food,323793,蛋白粉，干,"Egg, white, dried",79.9,0.65,6.02,,,,,Foundation Foods,
foundation_324038,foundation_food,324038,莎莎酱，即食,"Sauce, salsa, ready-to-serve",1.44,0.19,6.74,,,,,Foundation Foods,
foundation_324157,foundation_food,324157,早餐牛肉香肠，预熟，未加热,"Sausage, breakfast sausage, beef, pre-cooked, unprepared",13.3,28.7,3.37,N/A,N/A,,N/A - 碳水低于 5g/100g，通常不需要 GI,Foundation Foods,
foundation_324317,foundation_food,324317,洋葱圈，裹面包屑，预炸，冷冻，烤箱加热,"Onion rings, breaded, par fried, frozen, prepared, heated in oven",4.52,14.4,36.3,,,,,Foundation Foods,
foundation_324653,foundation_food,324653,莳萝或犹太式腌黄瓜,"Pickles, cucumber, dill or kosher dill",0.48,0.43,1.99,N/A,N/A,,N/A - 碳水低于 5g/100g，通常不需要 GI,Foundation Foods,
foundation_324860,foundation_food,324860,花生酱，顺滑型，加盐,"Peanut butter, smooth style, with salt",22.5,51.1,22.3,,,,,Foundation Foods,
foundation_325036,foundation_food,325036,帕玛森奶酪，磨碎,"Cheese, parmesan, grated",29.6,28.0,12.4,,,,,Foundation Foods,
foundation_325198,foundation_food,325198,美式加工奶酪，强化维生素D,"Cheese, pasteurized process, American, vitamin D fortified",18.0,30.6,5.27,,,,,Foundation Foods,
foundation_325287,foundation_food,325287,白葡萄柚汁，罐装或瓶装，无糖,"Grapefruit juice, white, canned or bottled, unsweetened",0.55,0.7,7.59,,,,,Foundation Foods,
foundation_325430,foundation_food,325430,黄桃，生,"Peaches, yellow, raw",0.91,0.27,10.1,,,,,Foundation Foods,
foundation_325524,foundation_food,325524,葵花籽仁，干烤，加盐,"Seeds, sunflower seed kernels, dry roasted, with salt added",21.0,56.1,17.1,,,,,Foundation Foods,
foundation_325658,foundation_food,325658,意式猪肉香肠，温和口味，熟，平底锅煎,"Sausage, Italian, pork, mild, cooked, pan-fried",18.2,26.2,2.15,N/A,N/A,,N/A - 碳水低于 5g/100g，通常不需要 GI,Foundation Foods,
foundation_325871,foundation_food,325871,白面包，商业生产,"Bread, white, commercially prepared",9.43,3.59,49.2,,,,,Foundation Foods,
foundation_325992,foundation_food,325992,火鸡早餐香肠，小肠，温和口味，生,"Sausage, turkey, breakfast links, mild, raw",16.7,10.4,0.93,N/A,N/A,,N/A - 碳水低于 5g/100g，通常不需要 GI,Foundation Foods,
foundation_326135,foundation_food,326135,瑞士奶酪,"Cheese, swiss",27.0,31.0,1.44,N/A,N/A,,N/A - 碳水低于 5g/100g，通常不需要 GI,Foundation Foods,
foundation_326196,foundation_food,326196,羽衣甘蓝，冷冻，煮熟，水煮，沥干，不加盐,"Kale, frozen, cooked, boiled, drained, without salt",2.94,1.21,5.3,,,,,Foundation Foods,
foundation_326458,foundation_food,326458,冷冻胡萝卜，未加工（含USDA食品分发计划食品）,"Carrots, frozen, unprepared (Includes foods for USDA's Food Distribution Program)",0.81,0.47,7.92,,,,,Foundation Foods,
foundation_326698,foundation_food,326698,黄芥末酱，已调制,"Mustard, prepared, yellow",4.25,3.38,5.3,,,,,Foundation Foods,
foundation_326905,foundation_food,326905,无花果，干，未煮,"Figs, dried, uncooked",3.3,0.92,63.9,,,,,Foundation Foods,
foundation_327046,foundation_food,327046,猕猴桃，绿色，生,"Kiwifruit, green, raw",1.06,0.44,14.0,,,,,Foundation Foods,
foundation_327198,foundation_food,327198,哈密瓜，生,"Melons, cantaloupe, raw",0.82,0.18,8.16,,,,,Foundation Foods,
foundation_327357,foundation_food,327357,油桃，生,"Nectarines, raw",1.06,0.28,9.18,,,,,Foundation Foods,
foundation_327501,foundation_food,327501,脐橙，生（含USDA食品分发计划食品）,"Oranges, raw, navels (Includes foods for USDA's Food Distribution Program)",0.91,0.15,11.8,,,,,Foundation Foods,
foundation_327699,foundation_food,327699,草莓，生,"Strawberries, raw",0.64,0.22,7.63,,,,,Foundation Foods,
foundation_327923,foundation_food,327923,长叶生菜，生,"Lettuce, cos or romaine, raw",1.24,0.26,3.24,N/A,N/A,,N/A - 碳水低于 5g/100g，通常不需要 GI,Foundation Foods,
foundation_328637,foundation_food,328637,切达奶酪,"Cheese, cheddar",23.3,34.0,2.44,N/A,N/A,,N/A - 碳水低于 5g/100g，通常不需要 GI,Foundation Foods,
foundation_328841,foundation_food,328841,低脂乡村奶酪，2%乳脂,"Cheese, cottage, lowfat, 2% milkfat",11.0,2.3,4.31,N/A,N/A,,N/A - 碳水低于 5g/100g，通常不需要 GI,Foundation Foods,
foundation_329370,foundation_food,329370,马苏里拉奶酪，低水分，部分脱脂,"Cheese, mozzarella, low moisture, part-skim",23.7,20.4,4.44,N/A,N/A,,N/A - 碳水低于 5g/100g，通常不需要 GI,Foundation Foods,
foundation_329490,foundation_food,329490,全蛋粉，干,"Egg, whole, dried",48.1,39.8,1.87,N/A,N/A,,N/A - 碳水低于 5g/100g，通常不需要 GI,Foundation Foods,
foundation_329596,foundation_food,329596,蛋黄，生，冷冻，巴氏杀菌,"Egg, yolk, raw, frozen, pasteurized",15.6,25.1,0.59,N/A,N/A,,N/A - 碳水低于 5g/100g，通常不需要 GI,Foundation Foods,
foundation_329716,foundation_food,329716,蛋黄粉，干,"Egg, yolk, dried",34.2,55.5,1.07,N/A,N/A,,N/A - 碳水低于 5g/100g，通常不需要 GI,Foundation Foods,
foundation_329830,foundation_food,329830,干白奶酪，queso seco,"Cheese, dry white, queso seco",24.5,24.3,2.07,N/A,N/A,,N/A - 碳水低于 5g/100g，通常不需要 GI,Foundation Foods,
foundation_330137,foundation_food,330137,希腊酸奶，原味，脱脂,"Yogurt, Greek, plain, nonfat",10.3,0.37,3.64,N/A,N/A,,N/A - 碳水低于 5g/100g，通常不需要 GI,Foundation Foods,
foundation_330415,foundation_food,330415,希腊酸奶，草莓味，脱脂,"Yogurt, Greek, strawberry, nonfat",8.06,0.15,12.2,,,,,Foundation Foods,
foundation_330458,foundation_food,330458,椰子油,"Oil, coconut",0.0,99.1,0.84,N/A,N/A,,N/A - 碳水低于 5g/100g，通常不需要 GI,Foundation Foods,
foundation_330869,foundation_food,330869,火鸡绞肉，93%瘦肉/7%脂肪，平底锅煎熟碎肉,"Turkey, ground, 93% lean, 7% fat, pan-broiled crumbles",27.1,11.6,0.0,N/A,N/A,,N/A - 碳水低于 5g/100g，通常不需要 GI,Foundation Foods,
foundation_331897,foundation_food,331897,鸡小腿，仅肉，熟，炖煮,"Chicken, broilers or fryers, drumstick, meat only, cooked, braised",23.9,5.95,0.0,N/A,N/A,,N/A - 碳水低于 5g/100g，通常不需要 GI,Foundation Foods,
foundation_331960,foundation_food,331960,鸡胸肉，去皮去骨，仅肉，熟，炖煮,"Chicken, broiler or fryers, breast, skinless, boneless, meat only, cooked, braised",32.1,3.24,0.0,N/A,N/A,,N/A - 碳水低于 5g/100g，通常不需要 GI,Foundation Foods,
foundation_332282,foundation_food,332282,意大利面酱，番茄/玛丽娜拉，即食,"Sauce, pasta, spaghetti/marinara, ready-to-serve",1.41,1.48,8.05,,,,,Foundation Foods,
foundation_332397,foundation_food,332397,火腿片，预包装，熟食肉（96%无脂，加水）,"Ham, sliced, pre-packaged, deli meat (96%fat free, water added)",16.7,3.73,0.27,N/A,N/A,,N/A - 碳水低于 5g/100g，通常不需要 GI,Foundation Foods,
foundation_332597,foundation_food,332597,巴特利特梨，生（含USDA食品分发计划食品）,"Pears, raw, bartlett (Includes foods for USDA's Food Distribution Program)",0.38,0.16,15.1,,,,,Foundation Foods,
foundation_332791,foundation_food,332791,绿橄榄，曼萨尼亚品种，夹红椒,"Olives, green, Manzanilla, stuffed with pimiento",1.15,12.9,4.96,N/A,N/A,,N/A - 碳水低于 5g/100g，通常不需要 GI,Foundation Foods,
foundation_332864,foundation_food,332864,猪肉西班牙辣香肠，肠衣或绞肉，熟，平底锅煎,"Sausage, pork, chorizo, link or ground, cooked, pan-fried",19.3,28.1,2.63,N/A,N/A,,N/A - 碳水低于 5g/100g，通常不需要 GI,Foundation Foods,
foundation_333008,foundation_food,333008,燕麦葡萄干软曲奇,"Cookies, oatmeal, soft, with raisins",5.79,14.3,69.6,,,,,Foundation Foods,
foundation_333281,foundation_food,333281,红熟番茄丁罐头,"Tomatoes, canned, red, ripe, diced",0.84,0.5,3.32,N/A,N/A,,N/A - 碳水低于 5g/100g，通常不需要 GI,Foundation Foods,
foundation_333374,foundation_food,333374,黑线鳕，生,"Fish, haddock, raw",16.3,0.45,0.0,N/A,N/A,,N/A - 碳水低于 5g/100g，通常不需要 GI,Foundation Foods,
foundation_333476,foundation_food,333476,狭鳕，生,"Fish, pollock, raw",12.3,0.41,0.0,N/A,N/A,,N/A - 碳水低于 5g/100g，通常不需要 GI,Foundation Foods,
foundation_334194,foundation_food,334194,淡味金枪鱼罐头，水浸，沥干固形物,"Fish, tuna, light, canned in water, drained solids",19.0,0.94,0.08,N/A,N/A,,N/A - 碳水低于 5g/100g，通常不需要 GI,Foundation Foods,
foundation_334247,foundation_food,334247,白砂糖,"Sugars, granulated",0.0,0.32,99.6,,,,,Foundation Foods,
foundation_334462,foundation_food,334462,中餐馆咕咾肉,"Restaurant, Chinese, sweet and sour pork",8.88,13.6,25.5,,,,,Foundation Foods,
foundation_334536,foundation_food,334536,中餐馆炒饭，不含肉,"Restaurant, Chinese, fried rice, without meat",3.84,3.19,32.5,,,,,Foundation Foods,
foundation_334628,foundation_food,334628,拉丁餐厅猪肉塔马利,"Restaurant, Latino, tamale, pork",7.38,9.04,15.8,,,,,Foundation Foods,
foundation_334720,foundation_food,334720,拉丁餐厅豆馅玉米饼,"Restaurant, Latino, pupusas con frijoles (pupusas, bean)",5.59,9.01,31.5,,,,,Foundation Foods,
foundation_334849,foundation_food,334849,牛上腰肉牛排，去骨，带脂边，可分离瘦肉，修至1/8英寸脂肪，Choice等级，生,"Beef, loin, top loin steak, boneless, lip-on, separable lean only, trimmed to 1/8"" fat, choice, raw",22.8,6.39,0.0,N/A,N/A,,N/A - 碳水低于 5g/100g，通常不需要 GI,Foundation Foods,
foundation_334897,foundation_food,334897,牛里脊烤肉，可分离瘦肉，去骨，修至0英寸脂肪，Select等级，熟，烤制,"Beef, loin, tenderloin roast, separable lean only, boneless, trimmed to 0"" fat, select, cooked, roasted",27.7,6.36,0.0,N/A,N/A,,N/A - 碳水低于 5g/100g，通常不需要 GI,Foundation Foods,
foundation_334898,foundation_food,334898,牛眼圆烤肉，去骨，可分离瘦肉，修至0英寸脂肪，Select等级，生,"Beef, round, eye of round roast, boneless, separable lean only, trimmed to 0"" fat, select, raw",23.4,2.48,0.0,N/A,N/A,,N/A - 碳水低于 5g/100g，通常不需要 GI,Foundation Foods,
foundation_334963,foundation_food,334963,牛上后腿圆肉烤肉，去骨，可分离瘦肉，修至0英寸脂肪，Select等级，生,"Beef, round, top round roast, boneless, separable lean only, trimmed to 0"" fat, select, raw",23.7,2.41,0.0,N/A,N/A,,N/A - 碳水低于 5g/100g，通常不需要 GI,Foundation Foods,
foundation_335061,foundation_food,335061,牛T骨牛排，带骨，可分离瘦肉，修至1/8英寸脂肪，Choice等级，熟，烤制,"Beef, short loin, t-bone steak, bone-in, separable lean only, trimmed to 1/8"" fat, choice, cooked, grilled",27.3,11.4,0.0,N/A,N/A,,N/A - 碳水低于 5g/100g，通常不需要 GI,Foundation Foods,
foundation_335109,foundation_food,335109,牛波特豪斯牛排，可分离瘦肉，修至1/8英寸脂肪，Select等级，生,"Beef, short loin, porterhouse steak, separable lean only, trimmed to 1/8"" fat, select, raw",22.7,5.32,0.0,N/A,N/A,,N/A - 碳水低于 5g/100g，通常不需要 GI,Foundation Foods,
foundation_335240,foundation_food,335240,全麦面包，商业生产,"Bread, whole-wheat, commercially prepared",12.3,3.55,43.1,,,,,Foundation Foods,
foundation_746764,foundation_food,746764,冷冻胡萝卜，未加工,"Carrots, frozen, unprepared",0.81,0.47,7.92,,,,,Foundation Foods,
foundation_746771,foundation_food,746771,脐橙，生,"Oranges, raw, navels",0.91,0.15,11.8,,,,,Foundation Foods,
foundation_746773,foundation_food,746773,巴特利特梨，生,"Pears, raw, bartlett",0.38,0.16,15.1,,,,,Foundation Foods,
foundation_746952,foundation_food,746952,火腿片，餐厅,"Ham, sliced, restaurant",19.6,3.68,2.36,N/A,N/A,,N/A - 碳水低于 5g/100g，通常不需要 GI,Foundation Foods,
foundation_747429,foundation_food,747429,美式奶酪，餐厅,"Cheese, American, restaurant",17.5,31.1,6.35,,,,,Foundation Foods,
foundation_747693,foundation_food,747693,番茄酱，餐厅,"Ketchup, restaurant",1.11,0.55,26.8,,,,,Foundation Foods,
foundation_747997,foundation_food,747997,鸡蛋，A级，大号，蛋白,"Eggs, Grade A, Large, egg white",10.7,0.0,2.36,N/A,N/A,,N/A - 碳水低于 5g/100g，通常不需要 GI,Foundation Foods,
foundation_748236,foundation_food,748236,鸡蛋，A级，大号，蛋黄,"Eggs, Grade A, Large, egg yolk",16.2,28.8,1.02,N/A,N/A,,N/A - 碳水低于 5g/100g，通常不需要 GI,Foundation Foods,
foundation_748967,foundation_food,748967,鸡蛋，A级，大号，全蛋,"Eggs, Grade A, Large, egg whole",12.4,9.96,0.96,N/A,N/A,,N/A - 碳水低于 5g/100g，通常不需要 GI,Foundation Foods,
foundation_749420,foundation_food,749420,腌制猪肉培根，熟，餐厅,"Pork, cured, bacon, cooked, restaurant",40.9,36.5,2.1,N/A,N/A,,N/A - 碳水低于 5g/100g，通常不需要 GI,Foundation Foods,
foundation_789890,foundation_food,789890,通用小麦粉，强化，漂白,"Flour, wheat, all-purpose, enriched, bleached",10.9,1.48,77.3,,,,,Foundation Foods,
foundation_789951,foundation_food,789951,通用小麦粉，强化，未漂白,"Flour, wheat, all-purpose, enriched, unbleached",13.1,1.48,73.2,,,,,Foundation Foods,
foundation_790018,foundation_food,790018,通用小麦粉，未强化，未漂白,"Flour, wheat, all-purpose, unenriched, unbleached",12.0,1.7,74.6,,,,,Foundation Foods,
foundation_790085,foundation_food,790085,全麦面粉，未强化,"Flour, whole wheat, unenriched",15.1,2.73,71.2,,,,,Foundation Foods,
foundation_790146,foundation_food,790146,白高筋面粉，强化，未漂白,"Flour, bread, white, enriched, unbleached",14.3,1.65,72.8,,,,,Foundation Foods,
foundation_790214,foundation_food,790214,白米粉，未强化,"Flour, rice, white, unenriched",6.94,1.3,79.8,,,,,Foundation Foods,
foundation_790276,foundation_food,790276,黄玉米粉，细粉，强化,"Flour, corn, yellow, fine meal, enriched",6.2,1.74,80.8,,,,,Foundation Foods,
foundation_790577,foundation_food,790577,红洋葱，生,"Onions, red, raw",0.94,0.1,9.93,,,,,Foundation Foods,
foundation_790646,foundation_food,790646,黄洋葱，生,"Onions, yellow, raw",0.83,0.05,8.61,,,,,Foundation Foods,
foundation_790774,foundation_food,790774,香蕉，过熟，生,"Bananas, overripe, raw",0.73,0.22,20.1,,,,,Foundation Foods,
foundation_790991,foundation_food,790991,香蕉，成熟或微熟，生,"Bananas, ripe and slightly ripe, raw",0.74,0.29,23.0,,,,,Foundation Foods,
foundation_1104647,foundation_food,1104647,大蒜，生,"Garlic, raw",6.62,0.38,28.2,,,,,Foundation Foods,
foundation_1104705,foundation_food,1104705,脱脂大豆粉,"Flour, soy, defatted",51.1,3.33,32.9,,,,,Foundation Foods,
foundation_1104766,foundation_food,1104766,全脂大豆粉,"Flour, soy, full-fat",38.6,20.7,27.9,,,,,Foundation Foods,
foundation_1104812,foundation_food,1104812,糙米粉,"Flour, rice, brown",7.19,3.85,75.5,,,,,Foundation Foods,
foundation_1104867,foundation_food,1104867,糯米粉,"Flour, rice, glutinous",6.69,1.16,80.1,,,,,Foundation Foods,
foundation_1104913,foundation_food,1104913,糕点面粉，未强化，未漂白,"Flour, pastry, unenriched, unbleached",8.75,1.64,77.2,,,,,Foundation Foods,
foundation_1104962,foundation_food,1104962,白洋葱，生,"Onions, white, raw",0.89,0.13,7.68,,,,,Foundation Foods,
foundation_1105430,foundation_food,1105430,红蛇果苹果，带皮，生,"Apples, red delicious, with skin, raw",0.19,0.21,14.8,,,,,Foundation Foods,
foundation_1105547,foundation_food,1105547,蜜脆苹果，带皮，生,"Apples, honeycrisp, with skin, raw",0.1,0.1,14.7,,,,,Foundation Foods,
foundation_1105664,foundation_food,1105664,青苹果，带皮，生,"Apples, granny smith, with skin, raw",0.27,0.14,14.2,,,,,Foundation Foods,
foundation_1105781,foundation_food,1105781,嘎啦苹果，带皮，生,"Apples, gala, with skin, raw",0.13,0.15,14.8,,,,,Foundation Foods,
foundation_1105897,foundation_food,1105897,富士苹果，带皮，生,"Apples, fuji, with skin, raw",0.15,0.16,15.7,,,,,Foundation Foods,
foundation_1750337,foundation_food,1750337,豆奶，无糖原味，常温保存,"Soy milk, unsweetened, plain, shelf stable",3.55,2.12,1.29,N/A,N/A,,N/A - 碳水低于 5g/100g，通常不需要 GI,Foundation Foods,
foundation_1750338,foundation_food,1750338,杏仁奶，无糖原味，常温保存,"Almond milk, unsweetened, plain, shelf stable",0.55,1.22,0.34,N/A,N/A,,N/A - 碳水低于 5g/100g，通常不需要 GI,Foundation Foods,
foundation_1750344,foundation_food,1750344,猴头菇,"Mushroom, lion's mane",2.5,0.26,7.59,,,,,Foundation Foods,
foundation_1750345,foundation_food,1750345,平菇,"Mushroom, oyster",2.9,0.19,6.94,,,,,Foundation Foods,
foundation_1750346,foundation_food,1750346,香菇,"Mushrooms, shiitake",2.41,0.2,8.17,,,,,Foundation Foods,
foundation_1750347,foundation_food,1750347,白蘑菇,"Mushrooms, white button",2.89,0.37,4.08,N/A,N/A,,N/A - 碳水低于 5g/100g，通常不需要 GI,Foundation Foods,
foundation_1750352,foundation_food,1750352,嫩菠菜,"Spinach, baby",2.85,0.62,2.41,N/A,N/A,,N/A - 碳水低于 5g/100g，通常不需要 GI,Foundation Foods,
foundation_1750353,foundation_food,1750353,成熟菠菜,"Spinach, mature",2.91,0.6,2.64,N/A,N/A,,N/A - 碳水低于 5g/100g，通常不需要 GI,Foundation Foods,
foundation_1750354,foundation_food,1750354,罗马番茄,"Tomato, roma",0.7,0.42,3.84,N/A,N/A,,N/A - 碳水低于 5g/100g，通常不需要 GI,Foundation Foods,
foundation_2003586,foundation_food,2003586,00号面粉,"Flour, 00",11.4,1.52,74.45,,,,,Foundation Foods,
foundation_2003587,foundation_food,2003587,斯佩尔特小麦粉，全谷物,"Flour, spelt, whole grain",14.48,2.54,70.72,,,,,Foundation Foods,
foundation_2003588,foundation_food,2003588,粗粒小麦粉，粗和半粗,"Flour, semolina, coarse and semi-coarse",11.73,1.6,73.82,,,,,Foundation Foods,
foundation_2003589,foundation_food,2003589,细粒小麦粉,"Flour, semolina, fine",13.33,1.84,71.99,,,,,Foundation Foods,
foundation_2003590,foundation_food,2003590,苹果汁，添加维生素C，浓缩还原，常温保存,"Apple juice, with added vitamin C, from concentrate, shelf stable",0.09,0.29,11.36,,,,,Foundation Foods,
foundation_2003591,foundation_food,2003591,橙汁，无果肉，未强化，浓缩还原，冷藏,"Orange juice, no pulp, not fortified, from concentrate, refrigerated",0.73,0.32,10.34,,,,,Foundation Foods,
foundation_2003592,foundation_food,2003592,紫葡萄汁，添加维生素C，浓缩还原，常温保存,"Grape juice, purple, with added vitamin C, from concentrate, shelf stable",0.26,0.29,15.62,,,,,Foundation Foods,
foundation_2003593,foundation_food,2003593,白葡萄汁，添加维生素C，浓缩还原，常温保存,"Grape juice, white, with added vitamin C, from concentrate, shelf stable",0.09,0.26,15.84,,,,,Foundation Foods,
foundation_2003594,foundation_food,2003594,蔓越莓汁，未强化，浓缩还原，常温保存,"Cranberry juice, not fortified, from concentrate, shelf stable",0.0,0.34,7.26,,,,,Foundation Foods,
foundation_2003595,foundation_food,2003595,红葡萄柚汁，未强化，非浓缩还原，冷藏,"Grapefruit juice, red, not fortified, not from concentrate, refrigerated",0.57,0.27,9.1,,,,,Foundation Foods,
foundation_2003596,foundation_food,2003596,番茄汁，添加配料，浓缩还原，常温保存,"Tomato juice, with added ingredients, from concentrate, shelf stable",0.86,0.29,4.32,N/A,N/A,,N/A - 碳水低于 5g/100g，通常不需要 GI,Foundation Foods,
foundation_2003597,foundation_food,2003597,橙汁，无果肉，未强化，非浓缩还原，冷藏,"Orange juice, no pulp, not fortified, not from concentrate, refrigerated",0.81,0.36,10.01,,,,,Foundation Foods,
foundation_2003598,foundation_food,2003598,波特贝拉蘑菇,"Mushroom, portabella",2.75,0.31,4.66,N/A,N/A,,N/A - 碳水低于 5g/100g，通常不需要 GI,Foundation Foods,
foundation_2003599,foundation_food,2003599,杏鲍菇,"Mushroom, king oyster",2.41,0.31,8.5,,,,,Foundation Foods,
foundation_2003600,foundation_food,2003600,金针菇,"Mushroom, enoki",2.42,0.24,8.14,,,,,Foundation Foods,
foundation_2003601,foundation_food,2003601,褐蘑菇,"Mushroom, crimini",3.09,0.2,4.01,N/A,N/A,,N/A - 碳水低于 5g/100g，通常不需要 GI,Foundation Foods,
foundation_2003602,foundation_food,2003602,舞茸菇,"Mushroom, maitake",2.2,0.26,6.6,,,,,Foundation Foods,
foundation_2003603,foundation_food,2003603,蟹味菇,"Mushroom, beech",2.18,0.45,6.76,,,,,Foundation Foods,
foundation_2003604,foundation_food,2003604,柳松菇,"Mushroom, pioppini",3.5,0.24,5.76,,,,,Foundation Foods,
foundation_2257044,foundation_food,2257044,豆奶，加糖原味，冷藏,"Soy milk, sweetened, plain, refrigerated",2.78,1.96,3.0,N/A,N/A,,N/A - 碳水低于 5g/100g，通常不需要 GI,Foundation Foods,
foundation_2257045,foundation_food,2257045,杏仁奶，无糖原味，冷藏,"Almond milk, unsweetened, plain, refrigerated",0.66,1.56,0.67,N/A,N/A,,N/A - 碳水低于 5g/100g，通常不需要 GI,Foundation Foods,
foundation_2257046,foundation_food,2257046,燕麦奶，无糖原味，冷藏,"Oat milk, unsweetened, plain, refrigerated",0.8,2.75,5.1,,,,,Foundation Foods,
foundation_2258586,foundation_food,2258586,成熟胡萝卜，生,"Carrots, mature, raw",0.94,0.35,10.27,,,,,Foundation Foods,
foundation_2258587,foundation_food,2258587,小胡萝卜，生,"Carrots, baby, raw",0.8,0.14,9.08,,,,,Foundation Foods,
foundation_2258588,foundation_food,2258588,青甜椒，生,"Peppers, bell, green, raw",0.72,0.11,4.78,N/A,N/A,,N/A - 碳水低于 5g/100g，通常不需要 GI,Foundation Foods,
foundation_2258589,foundation_food,2258589,黄甜椒，生,"Peppers, bell, yellow, raw",0.82,0.12,6.6,,,,,Foundation Foods,
foundation_2258590,foundation_food,2258590,红甜椒，生,"Peppers, bell, red, raw",0.9,0.13,6.65,,,,,Foundation Foods,
foundation_2258591,foundation_food,2258591,橙色甜椒，生,"Peppers, bell, orange, raw",0.88,0.16,6.7,,,,,Foundation Foods,
foundation_2259792,foundation_food,2259792,低脂酪乳,"Buttermilk, low fat",3.46,1.08,4.81,N/A,N/A,,N/A - 碳水低于 5g/100g，通常不需要 GI,Foundation Foods,
foundation_2259793,foundation_food,2259793,原味酸奶，全脂,"Yogurt, plain, whole milk",3.82,4.48,5.57,,,,,Foundation Foods,
foundation_2259794,foundation_food,2259794,希腊酸奶，原味，全脂,"Yogurt, Greek, plain, whole milk",8.78,4.39,4.75,N/A,N/A,,N/A - 碳水低于 5g/100g，通常不需要 GI,Foundation Foods,
foundation_2259795,foundation_food,2259795,帕玛森奶酪，磨碎，冷藏,"Cheese, parmesan, grated, refrigerated",30.14,29.5,4.33,N/A,N/A,,N/A - 碳水低于 5g/100g，通常不需要 GI,Foundation Foods,
foundation_2259796,foundation_food,2259796,菲达奶酪，全脂奶，碎粒,"Cheese, feta, whole milk, crumbled",19.71,19.08,5.58,,,,,Foundation Foods,
foundation_2261420,foundation_food,2261420,杏仁粉,"Flour, almond",26.24,50.23,16.25,,,,,Foundation Foods,
foundation_2261421,foundation_food,2261421,燕麦粉，全谷物,"Flour, oat, whole grain",13.17,6.31,69.92,,,,,Foundation Foods,
foundation_2261422,foundation_food,2261422,马铃薯粉,"Flour, potato",8.11,0.95,79.94,,,,,Foundation Foods,
foundation_2262072,foundation_food,2262072,花生酱，顺滑型,"Peanut butter, creamy",23.99,49.43,22.7,,,,,Foundation Foods,
foundation_2262073,foundation_food,2262073,芝麻酱，顺滑型,"Sesame butter, creamy",19.71,62.4,14.18,,,,,Foundation Foods,
foundation_2262074,foundation_food,2262074,杏仁酱，顺滑型,"Almond butter, creamy",20.79,53.04,21.24,,,,,Foundation Foods,
foundation_2262075,foundation_food,2262075,亚麻籽，磨碎,"Flaxseed, ground",18.04,37.28,34.36,,,,,Foundation Foods,
foundation_2263888,foundation_food,2263888,覆盆子，生,"Raspberries, raw",1.01,0.19,12.9,,,,,Foundation Foods,
foundation_2263889,foundation_food,2263889,蓝莓，生,"Blueberries, raw",0.7,0.31,14.57,,,,,Foundation Foods,
foundation_2263890,foundation_food,2263890,红葡萄，无籽，生,"Grapes, red, seedless, raw",0.91,0.16,20.2,,,,,Foundation Foods,
foundation_2263891,foundation_food,2263891,绿葡萄，无籽，生,"Grapes, green, seedless, raw",0.9,0.23,18.6,,,,,Foundation Foods,
foundation_2263892,foundation_food,2263892,无糖苹果酱，添加维生素C,"Applesauce, unsweetened, with added vitamin C",0.27,0.16,12.26,,,,,Foundation Foods,
foundation_2346384,foundation_food,2346384,乡村奶酪，全脂，大凝乳或小凝乳,"Cottage cheese, full fat, large or small curd",11.62,4.22,4.6,N/A,N/A,,N/A - 碳水低于 5g/100g，通常不需要 GI,Foundation Foods,
foundation_2346385,foundation_food,2346385,奶油奶酪，全脂，块状,"Cream cheese, full fat, block",5.79,33.49,4.56,N/A,N/A,,N/A - 碳水低于 5g/100g，通常不需要 GI,Foundation Foods,
foundation_2346386,foundation_food,2346386,浓奶油,"Cream, heavy",2.02,35.56,3.8,N/A,N/A,,N/A - 碳水低于 5g/100g，通常不需要 GI,Foundation Foods,
foundation_2346387,foundation_food,2346387,酸奶油，全脂,"Cream, sour, full fat",3.07,17.99,5.56,,,,,Foundation Foods,
foundation_2346388,foundation_food,2346388,卷心莴苣，生,"Lettuce, iceberg, raw",0.74,0.07,3.37,N/A,N/A,,N/A - 碳水低于 5g/100g，通常不需要 GI,Foundation Foods,
foundation_2346389,foundation_food,2346389,罗马生菜，绿色，生,"Lettuce, romaine, green, raw",0.98,0.07,4.06,N/A,N/A,,N/A - 碳水低于 5g/100g，通常不需要 GI,Foundation Foods,
foundation_2346390,foundation_food,2346390,红叶生菜，生,"Lettuce, leaf, red, raw",0.88,0.11,3.26,N/A,N/A,,N/A - 碳水低于 5g/100g，通常不需要 GI,Foundation Foods,
foundation_2346391,foundation_food,2346391,绿叶生菜，生,"Lettuce, leaf, green, raw",1.09,0.16,4.07,N/A,N/A,,N/A - 碳水低于 5g/100g，通常不需要 GI,Foundation Foods,
foundation_2346392,foundation_food,2346392,松子，生,"Nuts, pine nuts, raw",15.7,61.27,18.59,,,,,Foundation Foods,
foundation_2346393,foundation_food,2346393,杏仁，整粒，生,"Nuts, almonds, whole, raw",21.45,51.09,20.03,,,,,Foundation Foods,
foundation_2346394,foundation_food,2346394,英式核桃半粒，生,"Nuts, walnuts, English, halves, raw",14.56,69.74,10.91,,,,,Foundation Foods,
foundation_2346395,foundation_food,2346395,碧根果半粒，生,"Nuts, pecans, halves, raw",9.96,73.28,12.7,,,,,Foundation Foods,
foundation_2346396,foundation_food,2346396,传统燕麦片，全谷物，压片,"Oats, whole grain, rolled, old fashioned",13.5,5.89,68.66,,,,,Foundation Foods,
foundation_2346397,foundation_food,2346397,钢切燕麦，全谷物,"Oats, whole grain, steel cut",12.51,5.8,69.75,,,,,Foundation Foods,
foundation_2346398,foundation_food,2346398,菠萝，生,"Pineapple, raw",0.46,0.21,14.09,,,,,Foundation Foods,
foundation_2346399,foundation_food,2346399,甜樱桃，深红色，生,"Cherries, sweet, dark red, raw",1.04,0.19,16.16,,,,,Foundation Foods,
foundation_2346400,foundation_food,2346400,四季豆，生,"Beans, snap, green, raw",1.97,0.28,7.41,,,,,Foundation Foods,
foundation_2346401,foundation_food,2346401,褐皮马铃薯，去皮，生,"Potatoes, russet, without skin, raw",2.27,0.36,17.77,,,,,Foundation Foods,
foundation_2346402,foundation_food,2346402,红皮马铃薯，去皮，生,"Potatoes, red, without skin, raw",2.06,0.25,16.27,,,,,Foundation Foods,
foundation_2346403,foundation_food,2346403,金色马铃薯，去皮，生,"Potatoes, gold, without skin, raw",1.81,0.26,15.96,,,,,Foundation Foods,
foundation_2346404,foundation_food,2346404,橙肉红薯，去皮，生,"Sweet potatoes, orange flesh, without skin, raw",1.58,0.38,17.33,,,,,Foundation Foods,
foundation_2346405,foundation_food,2346405,西芹，生,"Celery, raw",0.49,0.16,3.32,N/A,N/A,,N/A - 碳水低于 5g/100g，通常不需要 GI,Foundation Foods,
foundation_2346406,foundation_food,2346406,黄瓜，带皮，生,"Cucumber, with peel, raw",0.62,0.18,2.95,N/A,N/A,,N/A - 碳水低于 5g/100g，通常不需要 GI,Foundation Foods,
foundation_2346407,foundation_food,2346407,绿甘蓝，生,"Cabbage, green, raw",0.96,0.23,6.38,,,,,Foundation Foods,
foundation_2346408,foundation_food,2346408,紫甘蓝，生,"Cabbage, red, raw",1.24,0.21,6.79,,,,,Foundation Foods,
foundation_2512371,foundation_food,2512371,苋麦粉,"Flour, amaranth",13.21,6.24,68.78,,,,,Foundation Foods,
foundation_2512372,foundation_food,2512372,藜麦粉,"Flour, quinoa",11.92,6.6,69.52,,,,,Foundation Foods,
foundation_2512373,foundation_food,2512373,高粱粉,"Flour, sorghum",8.27,3.59,77.39,,,,,Foundation Foods,
foundation_2512374,foundation_food,2512374,荞麦粉,"Flour, buckwheat",8.88,2.48,75.02,,,,,Foundation Foods,
foundation_2512375,foundation_food,2512375,黑麦粉,"Flour, rye",8.4,1.91,77.16,,,,,Foundation Foods,
foundation_2512376,foundation_food,2512376,大麦粉,"Flour, barley",8.72,2.45,77.4,,,,,Foundation Foods,
foundation_2512377,foundation_food,2512377,木薯粉,"Flour, cassava",0.92,0.49,87.31,,,,,Foundation Foods,
foundation_2512378,foundation_food,2512378,荞麦，全谷物,"Buckwheat, whole grain",11.07,3.04,71.13,,,,,Foundation Foods,
foundation_2512379,foundation_food,2512379,小米，全谷物,"Millet, whole grain",10.02,4.19,74.45,,,,,Foundation Foods,
foundation_2512380,foundation_food,2512380,糙米，长粒，未强化，生,"Rice, brown, long grain, unenriched, raw",7.25,3.31,76.69,,,,,Foundation Foods,
foundation_2512381,foundation_food,2512381,白米，长粒，未强化，生,"Rice, white, long grain, unenriched, raw",7.04,1.03,80.31,,,,,Foundation Foods,
foundation_2514743,foundation_food,2514743,牛绞肉，90%瘦肉/10%脂肪，生,"Beef, ground, 90% lean meat / 10% fat, raw",18.16,12.85,0.0,N/A,N/A,,N/A - 碳水低于 5g/100g，通常不需要 GI,Foundation Foods,
foundation_2514744,foundation_food,2514744,牛绞肉，80%瘦肉/20%脂肪，生,"Beef, ground, 80% lean meat / 20% fat, raw",17.53,19.44,0.0,N/A,N/A,,N/A - 碳水低于 5g/100g，通常不需要 GI,Foundation Foods,
foundation_2514745,foundation_food,2514745,猪绞肉，生,"Pork, ground, raw",17.81,17.49,0.0,N/A,N/A,,N/A - 碳水低于 5g/100g，通常不需要 GI,Foundation Foods,
foundation_2514746,foundation_food,2514746,鸡绞肉，含添加物，生,"Chicken, ground, with additives, raw",17.91,7.16,0.0,N/A,N/A,,N/A - 碳水低于 5g/100g，通常不需要 GI,Foundation Foods,
foundation_2514747,foundation_food,2514747,火鸡绞肉，93%瘦肉/7%脂肪，生,"Turkey, ground, 93% lean/ 7% fat, raw",17.34,9.59,0.0,N/A,N/A,,N/A - 碳水低于 5g/100g，通常不需要 GI,Foundation Foods,
foundation_2515373,foundation_food,2515373,巴西坚果，生,"Nuts, brazilnuts, raw",15.04,57.43,21.64,,,,,Foundation Foods,
foundation_2515374,foundation_food,2515374,腰果，生,"Nuts, cashew nuts, raw",17.44,38.86,36.29,,,,,Foundation Foods,
foundation_2515375,foundation_food,2515375,榛子，生,"Nuts, hazelnuts or filberts, raw",13.49,53.49,26.5,,,,,Foundation Foods,
foundation_2515376,foundation_food,2515376,花生，生,"Peanuts, raw",23.2,43.28,26.5,,,,,Foundation Foods,
foundation_2515377,foundation_food,2515377,栗子粉,"Flour, chestnut",5.29,4.64,80.45,,,,,Foundation Foods,
foundation_2515378,foundation_food,2515378,夏威夷果，生,"Nuts, macadamia nuts, raw",7.79,64.93,24.09,,,,,Foundation Foods,
foundation_2515379,foundation_food,2515379,开心果，生,"Nuts, pistachio nuts, raw",20.51,45.02,27.69,,,,,Foundation Foods,
foundation_2515380,foundation_food,2515380,南瓜籽，生,"Seeds, pumpkin seeds (pepitas), raw",29.91,40.03,18.68,,,,,Foundation Foods,
foundation_2515381,foundation_food,2515381,葵花籽仁，生,"Seeds, sunflower seed, kernel, raw",18.87,48.44,24.5,,,,,Foundation Foods,
foundation_2515382,foundation_food,2515382,椰子粉,"Flour, coconut",16.14,15.28,58.9,,,,,Foundation Foods,
foundation_2644281,foundation_food,2644281,白芸豆，干,"Beans, cannellini, dry",21.56,2.2,59.8,,,,,Foundation Foods,
foundation_2644282,foundation_food,2644282,鹰嘴豆，干,"Chickpeas, (garbanzo beans, bengal gram), dry",21.28,6.27,60.36,,,,,Foundation Foods,
foundation_2644283,foundation_food,2644283,扁豆，干,"Lentils, dry",23.57,1.92,62.17,,,,,Foundation Foods,
foundation_2644284,foundation_food,2644284,黑眼豆，干,"Blackeye pea, dry",21.22,2.42,61.84,,,,,Foundation Foods,
foundation_2644285,foundation_food,2644285,黑豆罐头，加钠，沥干并冲洗,"Beans, black, canned, sodium added, drained and rinsed",6.91,1.27,19.81,,,,,Foundation Foods,
foundation_2644286,foundation_food,2644286,海军豆罐头，加钠，沥干并冲洗,"Beans, navy, canned, sodium added, drained and rinsed",6.57,1.4,19.98,,,,,Foundation Foods,
foundation_2644287,foundation_food,2644287,白芸豆罐头，加钠，沥干并冲洗,"Beans, cannellini, canned, sodium added, drained and rinsed",7.41,1.17,18.82,,,,,Foundation Foods,
foundation_2644288,foundation_food,2644288,鹰嘴豆罐头，加钠，沥干并冲洗,"Chickpeas (garbanzo beans, bengal gram), canned, sodium added, drained and rinsed",7.02,3.1,20.32,,,,,Foundation Foods,
foundation_2644289,foundation_food,2644289,深红腰豆罐头，加钠加糖，沥干并冲洗,"Beans, kidney, dark red, canned, sodium added, sugar added, drained and rinsed",7.8,1.26,21.03,,,,,Foundation Foods,
foundation_2644290,foundation_food,2644290,浅红腰豆罐头，加钠加糖，沥干并冲洗,"Beans, kidney, light red, canned, sodium added, sugar added, drained and rinsed",7.31,1.3,21.45,,,,,Foundation Foods,
foundation_2644291,foundation_food,2644291,甜青豆罐头，加钠加糖，沥干并冲洗,"Peas, green, sweet, canned, sodium added, sugar added, drained and rinsed",4.73,1.15,12.71,,,,,Foundation Foods,
foundation_2644292,foundation_food,2644292,斑豆罐头，加钠，沥干并冲洗,"Beans, pinto, canned, sodium added, drained and rinsed",6.69,1.27,19.6,,,,,Foundation Foods,
foundation_2644293,foundation_food,2644293,黑眼豆罐头，加钠，沥干并冲洗,"Blackeye pea, canned, sodium added, drained and rinsed",6.92,1.3,19.17,,,,,Foundation Foods,
foundation_2644294,foundation_food,2644294,大白豆罐头，加钠，沥干并冲洗,"Beans, great northern, canned, sodium added, drained and rinsed",7.03,1.27,19.33,,,,,Foundation Foods,
foundation_2646168,foundation_food,2646168,猪里脊肉，去骨，生,"Pork, loin, boneless, raw",21.12,9.47,0.0,N/A,N/A,,N/A - 碳水低于 5g/100g，通常不需要 GI,Foundation Foods,
foundation_2646169,foundation_food,2646169,猪小里脊，去骨，生,"Pork, loin, tenderloin, boneless, raw",21.58,3.9,0.0,N/A,N/A,,N/A - 碳水低于 5g/100g，通常不需要 GI,Foundation Foods,
foundation_2646170,foundation_food,2646170,鸡胸肉，去骨去皮，生,"Chicken, breast, boneless, skinless, raw",22.52,1.93,0.0,N/A,N/A,,N/A - 碳水低于 5g/100g，通常不需要 GI,Foundation Foods,
foundation_2646171,foundation_food,2646171,鸡腿肉，去骨去皮，生,"Chicken, thigh, boneless, skinless, raw",18.61,7.92,0.0,N/A,N/A,,N/A - 碳水低于 5g/100g，通常不需要 GI,Foundation Foods,
foundation_2646172,foundation_food,2646172,牛肋眼牛排，去骨，Choice等级，生,"Beef, ribeye, steak, boneless, choice, raw",18.74,20.04,0.0,N/A,N/A,,N/A - 碳水低于 5g/100g，通常不需要 GI,Foundation Foods,
foundation_2646173,foundation_food,2646173,牛上后腿圆肉，去骨，Choice等级，生,"Beef, round, top round, boneless, choice, raw",21.48,5.7,0.85,N/A,N/A,,N/A - 碳水低于 5g/100g，通常不需要 GI,Foundation Foods,
foundation_2646174,foundation_food,2646174,牛肩肉烤块，去骨，Choice等级，生,"Beef, chuck, roast, boneless, choice, raw",18.4,17.8,0.0,N/A,N/A,,N/A - 碳水低于 5g/100g，通常不需要 GI,Foundation Foods,
foundation_2646175,foundation_food,2646175,牛腹肉牛排，去骨，Choice等级，生,"Beef, flank, steak, boneless, choice, raw",20.13,9.4,0.0,N/A,N/A,,N/A - 碳水低于 5g/100g，通常不需要 GI,Foundation Foods,
foundation_2647437,foundation_food,2647437,原味酸奶，脱脂,"Yogurt, plain, nonfat",4.23,0.09,8.08,,,,,Foundation Foods,
foundation_2647438,foundation_food,2647438,蒙特利杰克奶酪，块状,"Cheese, monterey jack, solid",22.62,32.63,1.9,N/A,N/A,,N/A - 碳水低于 5g/100g，通常不需要 GI,Foundation Foods,
foundation_2647439,foundation_food,2647439,美式加工奶酪食品或产品，单片装,"Cheese, pasteurized process cheese food or product, American, singles",15.57,23.86,8.19,,,,,Foundation Foods,
foundation_2647440,foundation_food,2647440,普罗沃洛奶酪，切片,"Cheese, provolone, sliced",23.45,28.13,2.45,N/A,N/A,,N/A - 碳水低于 5g/100g，通常不需要 GI,Foundation Foods,
foundation_2647441,foundation_food,2647441,瓦哈卡奶酪，块状,"Cheese, oaxaca, solid",22.14,22.1,2.4,N/A,N/A,,N/A - 碳水低于 5g/100g，通常不需要 GI,Foundation Foods,
foundation_2647442,foundation_food,2647442,新鲜白奶酪，块状,"Cheese, queso fresco, solid",18.88,23.36,2.96,N/A,N/A,,N/A - 碳水低于 5g/100g，通常不需要 GI,Foundation Foods,
foundation_2647443,foundation_food,2647443,科蒂哈奶酪，块状,"Cheese, cotija, solid",23.84,27.24,2.72,N/A,N/A,,N/A - 碳水低于 5g/100g，通常不需要 GI,Foundation Foods,
foundation_2684440,foundation_food,2684440,红鲑，野生捕捞，生,"Fish, salmon, sockeye, wild caught, raw",22.3,4.94,0.0,N/A,N/A,,N/A - 碳水低于 5g/100g，通常不需要 GI,Foundation Foods,
foundation_2684441,foundation_food,2684441,大西洋三文鱼，养殖，生,"Fish, salmon, Atlantic, farm raised, raw",20.32,13.11,0.0,N/A,N/A,,N/A - 碳水低于 5g/100g，通常不需要 GI,Foundation Foods,
foundation_2684442,foundation_food,2684442,罗非鱼，养殖，生,"Fish, tilapia, farm raised, raw",19.0,2.48,0.0,N/A,N/A,,N/A - 碳水低于 5g/100g，通常不需要 GI,Foundation Foods,
foundation_2684443,foundation_food,2684443,甲壳类，虾，养殖，生,"Crustaceans, shrimp, farm raised, raw",15.57,0.8,0.48,N/A,N/A,,N/A - 碳水低于 5g/100g，通常不需要 GI,Foundation Foods,
foundation_2684444,foundation_food,2684444,大西洋鳕鱼，野生捕捞，生,"Fish, cod, Atlantic, wild caught, raw",16.07,0.67,0.0,N/A,N/A,,N/A - 碳水低于 5g/100g，通常不需要 GI,Foundation Foods,
foundation_2684445,foundation_food,2684445,鲶鱼，养殖，生,"Fish, catfish, farm raised, raw",16.47,7.31,0.0,N/A,N/A,,N/A - 碳水低于 5g/100g，通常不需要 GI,Foundation Foods,
foundation_2684446,foundation_food,2684446,甲壳类，蓝泳蟹蟹肉，块状，巴氏杀菌，冷藏,"Crustaceans, crab, blue swimming, lump, pasteurized, refrigerated",18.65,0.81,0.0,N/A,N/A,,N/A - 碳水低于 5g/100g，通常不需要 GI,Foundation Foods,
foundation_2685568,foundation_food,2685568,夏南瓜，绿色，西葫芦，带皮，生,"Squash, summer, green, zucchini, includes skin, raw",0.98,0.2,3.27,N/A,N/A,,N/A - 碳水低于 5g/100g，通常不需要 GI,Foundation Foods,
foundation_2685569,foundation_food,2685569,夏南瓜，黄色，带皮，生,"Squash, summer, yellow, includes skin, raw",0.89,0.14,4.39,N/A,N/A,,N/A - 碳水低于 5g/100g，通常不需要 GI,Foundation Foods,
foundation_2685570,foundation_food,2685570,冬南瓜，奶油南瓜，生,"Squash, winter, butternut, raw",1.15,0.17,10.51,,,,,Foundation Foods,
foundation_2685571,foundation_food,2685571,冬南瓜，橡果南瓜，生,"Squash, winter, acorn, raw",1.25,0.18,10.48,,,,,Foundation Foods,
foundation_2685572,foundation_food,2685572,小白菜，生,"Cabbage, bok choy, raw",1.02,0.23,3.51,N/A,N/A,,N/A - 碳水低于 5g/100g，通常不需要 GI,Foundation Foods,
foundation_2685573,foundation_food,2685573,花椰菜，生,"Cauliflower, raw",1.64,0.24,4.72,N/A,N/A,,N/A - 碳水低于 5g/100g，通常不需要 GI,Foundation Foods,
foundation_2685574,foundation_food,2685574,羽衣甘蓝叶，生,"Collards, raw",2.97,0.77,7.02,,,,,Foundation Foods,
foundation_2685575,foundation_food,2685575,孢子甘蓝，生,"Brussels sprouts, raw",3.98,0.56,9.62,,,,,Foundation Foods,
foundation_2685576,foundation_food,2685576,甜菜根，生,"Beets, raw",1.69,0.3,8.79,,,,,Foundation Foods,
foundation_2685577,foundation_food,2685577,茄子，生,"Eggplant, raw",0.85,0.12,5.4,,,,,Foundation Foods,
foundation_2685578,foundation_food,2685578,整番茄罐头，固形物和液体，加盐,"Tomatoes, whole, canned, solids and liquids, with salt added",0.87,0.21,4.29,N/A,N/A,,N/A - 碳水低于 5g/100g，通常不需要 GI,Foundation Foods,
foundation_2685579,foundation_food,2685579,番茄酱罐头，加盐,"Tomato, sauce, canned, with salt added",1.35,0.38,6.33,,,,,Foundation Foods,
foundation_2685580,foundation_food,2685580,番茄膏罐头，不加盐,"Tomato, paste, canned, without salt added",4.23,0.73,20.19,,,,,Foundation Foods,
foundation_2685581,foundation_food,2685581,碎番茄罐头,"Tomatoes, crushed, canned",1.44,0.4,7.14,,,,,Foundation Foods,
foundation_2685582,foundation_food,2685582,番茄泥罐头,"Tomato, puree, canned",1.58,0.26,8.04,,,,,Foundation Foods,
foundation_2710815,foundation_food,2710815,杏，带皮，生,"Apricot, with skin, raw",0.96,0.4,10.24,,,,,Foundation Foods,
foundation_2710816,foundation_food,2710816,蜜瓜，生,"Melons, honeydew, raw",0.53,0.22,8.15,,,,,Foundation Foods,
foundation_2710817,foundation_food,2710817,大蕉，成熟，生,"Plantains, ripe, raw",1.16,0.89,30.95,,,,,Foundation Foods,
foundation_2710818,foundation_food,2710818,大蕉，未熟，生,"Plantains, underripe, raw",1.23,0.68,33.59,,,,,Foundation Foods,
foundation_2710819,foundation_food,2710819,奇亚籽，干，生,"Chia seeds, dry, raw",17.01,32.89,38.27,,,,,Foundation Foods,
foundation_2710820,foundation_food,2710820,布格麦，干，生,"Bulgur, dry, raw",11.76,2.42,75.88,,,,,Foundation Foods,
foundation_2710821,foundation_food,2710821,野米，干，生,"Wild rice, dry, raw",12.79,1.7,75.67,,,,,Foundation Foods,
foundation_2710822,foundation_food,2710822,芝麻菜，嫩叶，生,"Arugula, baby, raw",1.65,0.32,5.37,,,,,Foundation Foods,
foundation_2710823,foundation_food,2710823,绿芦笋，生,"Asparagus, green, raw",1.44,0.22,5.1,,,,,Foundation Foods,
foundation_2710824,foundation_food,2710824,哈斯牛油果，去皮，生,"Avocado, Hass, peeled, raw",1.81,20.31,8.32,,,,,Foundation Foods,
foundation_2710825,foundation_food,2710825,黑米，未强化，生,"Rice, black, unenriched, raw",7.57,3.44,77.19,,,,,Foundation Foods,
foundation_2710826,foundation_food,2710826,甜玉米，黄白混合玉米粒，新鲜，生,"Corn, sweet, yellow and white kernels,  fresh, raw",2.79,1.63,14.69,,,,,Foundation Foods,
foundation_2710827,foundation_food,2710827,一粒小麦，谷粒，干，生,"Einkorn, grain, dry, raw",15.12,3.81,68.65,,,,,Foundation Foods,
foundation_2710828,foundation_food,2710828,法罗麦，珍珠麦，干，生,"Farro, pearled, dry, raw",12.64,3.1,72.13,,,,,Foundation Foods,
foundation_2710829,foundation_food,2710829,丰尼奥谷粒，干，生,"Fonio, grain, dry, raw",7.17,1.69,81.31,,,,,Foundation Foods,
foundation_2710830,foundation_food,2710830,呼罗珊小麦，谷粒，干，生,"Khorasan, grain, dry, raw",14.76,2.8,71.79,,,,,Foundation Foods,
foundation_2710831,foundation_food,2710831,猕猴桃，绿色，去皮，生,"Kiwifruit (kiwi), green, peeled, raw",1.01,0.64,13.82,,,,,Foundation Foods,
foundation_2710832,foundation_food,2710832,无籽橘子，去皮，生,"Mandarin, seedless, peeled, raw",1.04,0.46,13.42,,,,,Foundation Foods,
foundation_2710833,foundation_food,2710833,汤米阿特金斯芒果，去皮，生,"Mango, Tommy Atkins, peeled, raw",0.56,0.57,15.26,,,,,Foundation Foods,
foundation_2710834,foundation_food,2710834,阿塔乌尔福芒果，去皮，生,"Mango, Ataulfo, peeled, raw",0.69,0.68,17.4,,,,,Foundation Foods,
foundation_2710835,foundation_food,2710835,玉米粉（masa harina），白色或黄色，干，生,"Corn flour, masa harina, white or yellow, dry, raw",7.56,4.34,76.69,,,,,Foundation Foods,
foundation_2710836,foundation_food,2710836,安茹梨，绿色，带皮，生,"Pear, Anjou, green, with skin, raw",0.31,0.37,14.77,,,,,Foundation Foods,
foundation_2710837,foundation_food,2710837,黑李子，带皮，生,"Plum, black, with skin, raw",0.58,0.28,13.46,,,,,Foundation Foods,
foundation_2710838,foundation_food,2710838,红米，未强化，干，生,"Rice, red, unenriched, dry, raw",8.56,3.44,76.15,,,,,Foundation Foods,
foundation_2710839,foundation_food,2710839,白高粱麸皮，未强化，干，生,"Sorghum bran, white, unenriched, dry, raw",11.17,9.26,68.7,,,,,Foundation Foods,
foundation_2710840,foundation_food,2710840,白高粱粉，珍珠化，未强化，干，生,"Sorghum flour, white, pearled, unenriched, dry, raw",10.21,3.24,73.51,,,,,Foundation Foods,
foundation_2710841,foundation_food,2710841,白高粱粒，珍珠化，未强化，干，生,"Sorghum grain, white, pearled, unenriched, dry, raw",10.25,3.26,74.87,,,,,Foundation Foods,
foundation_2710842,foundation_food,2710842,白高粱，全谷物，干，生,"Sorghum, whole grain, white, dry, raw",10.08,4.22,73.57,,,,,Foundation Foods,
foundation_2710843,foundation_food,2710843,大蕉，过熟，生,"Plantains, overripe, raw",1.17,0.99,29.19,,,,,Foundation Foods,
foundation_2727566,foundation_food,2727566,鸡小腿，带肉和皮，生,"Chicken, drumstick, meat and skin, raw",18.36,5.94,-0.48,N/A,N/A,,N/A - 碳水低于 5g/100g，通常不需要 GI,Foundation Foods,
foundation_2727567,foundation_food,2727567,鸡大腿，带肉和皮，生,"Chicken, thigh, meat and skin, raw",17.11,13.35,-0.17,N/A,N/A,,N/A - 碳水低于 5g/100g，通常不需要 GI,Foundation Foods,
foundation_2727568,foundation_food,2727568,鸡翅，带肉和皮，生,"Chicken, wing, meat and skin, raw",18.41,10.64,-0.46,N/A,N/A,,N/A - 碳水低于 5g/100g，通常不需要 GI,Foundation Foods,
foundation_2727569,foundation_food,2727569,鸡胸肉，带肉和皮，生,"Chicken, breast, meat and skin, raw",21.41,4.78,-0.43,N/A,N/A,,N/A - 碳水低于 5g/100g，通常不需要 GI,Foundation Foods,
foundation_2727570,foundation_food,2727570,羊绞肉，生,"Lamb, ground, raw",17.46,18.64,-0.25,N/A,N/A,,N/A - 碳水低于 5g/100g，通常不需要 GI,Foundation Foods,
foundation_2727571,foundation_food,2727571,野牛绞肉，生,"Bison, ground, raw",19.88,8.88,-0.15,N/A,N/A,,N/A - 碳水低于 5g/100g，通常不需要 GI,Foundation Foods,
foundation_2727572,foundation_food,2727572,牛纽约客牛排，生,"Beef, short loin (NY strip steak), raw",21.32,11.54,0.22,N/A,N/A,,N/A - 碳水低于 5g/100g，通常不需要 GI,Foundation Foods,
foundation_2727573,foundation_food,2727573,牛里脊牛排，生,"Beef, tenderloin steak, raw",21.09,6.46,0.18,N/A,N/A,,N/A - 碳水低于 5g/100g，通常不需要 GI,Foundation Foods,
foundation_2727574,foundation_food,2727574,牛上沙朗牛排，生,"Beef, top sirloin steak, raw",21.98,5.71,0.22,N/A,N/A,,N/A - 碳水低于 5g/100g，通常不需要 GI,Foundation Foods,
foundation_2727575,foundation_food,2727575,猪排，中切，生,"Pork, chop, center cut, raw",22.81,5.48,-0.56,N/A,N/A,,N/A - 碳水低于 5g/100g，通常不需要 GI,Foundation Foods,
foundation_2727576,foundation_food,2727576,五花肉，带皮，生,"Pork, belly, with skin, raw",15.2,35.83,-0.7,N/A,N/A,,N/A - 碳水低于 5g/100g，通常不需要 GI,Foundation Foods,
foundation_2747652,foundation_food,2747652,凤尾鱼罐头，橄榄油浸，加盐，沥干,"Anchovies, canned in olive oil, with salt, drained",26.94,9.85,2.41,N/A,N/A,,N/A - 碳水低于 5g/100g，通常不需要 GI,Foundation Foods,
foundation_2747653,foundation_food,2747653,甜菜叶，生,"Beet greens, raw",1.61,0.14,4.66,N/A,N/A,,N/A - 碳水低于 5g/100g，通常不需要 GI,Foundation Foods,
foundation_2747654,foundation_food,2747654,太平洋或阿拉斯加鳕鱼，冷冻，野生捕捞,"Cod, Pacific or Alaskan, frozen, wild caught",14.2,0.22,0.52,N/A,N/A,,N/A - 碳水低于 5g/100g，通常不需要 GI,Foundation Foods,
foundation_2747655,foundation_food,2747655,茴香球茎，生,"Fennel, bulb, raw",0.92,0.14,5.49,,,,,Foundation Foods,
foundation_2747656,foundation_food,2747656,大比目鱼，冷冻，野生捕捞,"Halibut, frozen, wild caught",19.06,0.59,-0.06,N/A,N/A,,N/A - 碳水低于 5g/100g，通常不需要 GI,Foundation Foods,
foundation_2747657,foundation_food,2747657,龙虾尾肉，冷冻，野生捕捞,"Lobster, tail only, frozen, wild caught",12.99,0.37,0.89,N/A,N/A,,N/A - 碳水低于 5g/100g，通常不需要 GI,Foundation Foods,
foundation_2747658,foundation_food,2747658,鬼头刀鱼，冷冻，野生捕捞,"Mahi mahi, frozen, wild caught",19.79,0.38,0.29,N/A,N/A,,N/A - 碳水低于 5g/100g，通常不需要 GI,Foundation Foods,
foundation_2747659,foundation_food,2747659,防风草，生,"Parsnips, raw",1.27,0.54,19.29,,,,,Foundation Foods,
foundation_2747660,foundation_food,2747660,香蕉椒或匈牙利蜡椒，去籽，生,"Peppers, banana or Hungarian wax, seeded, raw",0.72,0.13,4.97,N/A,N/A,,N/A - 碳水低于 5g/100g，通常不需要 GI,Foundation Foods,
foundation_2747661,foundation_food,2747661,墨西哥辣椒，去籽，生,"Peppers, jalapeno, seeded, raw",0.62,0.15,5.08,,,,,Foundation Foods,
foundation_2747662,foundation_food,2747662,波布拉诺辣椒，去籽，生,"Peppers, poblano, seeded, raw",1.43,0.19,5.14,,,,,Foundation Foods,
foundation_2747663,foundation_food,2747663,塞拉诺辣椒，去籽，生,"Peppers, serrano, seeded, raw",0.86,0.14,6.14,,,,,Foundation Foods,
foundation_2747664,foundation_food,2747664,菊苣，生,"Radicchio, raw",1.31,0.14,4.96,N/A,N/A,,N/A - 碳水低于 5g/100g，通常不需要 GI,Foundation Foods,
foundation_2747665,foundation_food,2747665,红萝卜，生,"Radishes, red, raw",0.66,0.08,4.06,N/A,N/A,,N/A - 碳水低于 5g/100g，通常不需要 GI,Foundation Foods,
foundation_2747666,foundation_food,2747666,巴塔哥尼亚海湾扇贝，冷冻，野生捕捞,"Scallops, bay, Patagonian, frozen, wild caught",16.39,0.42,2.28,N/A,N/A,,N/A - 碳水低于 5g/100g，通常不需要 GI,Foundation Foods,
foundation_2747667,foundation_food,2747667,海扇贝，冷冻，野生捕捞,"Scallops, sea, frozen, wild caught",13.51,0.49,1.97,N/A,N/A,,N/A - 碳水低于 5g/100g，通常不需要 GI,Foundation Foods,
foundation_2747668,foundation_food,2747668,智利海鲈鱼，冷冻，野生捕捞,"Sea bass, Chilean, frozen, wild caught",14.92,16.57,0.14,N/A,N/A,,N/A - 碳水低于 5g/100g，通常不需要 GI,Foundation Foods,
foundation_2747669,foundation_food,2747669,笛鲷，冷冻，野生捕捞,"Snapper, frozen, wild caught",20.66,0.57,0.44,N/A,N/A,,N/A - 碳水低于 5g/100g，通常不需要 GI,Foundation Foods,
foundation_2747670,foundation_food,2747670,雪蟹蟹腿，冷冻,"Snow crab, legs only, frozen",15.54,0.29,1.11,N/A,N/A,,N/A - 碳水低于 5g/100g，通常不需要 GI,Foundation Foods,
foundation_2747671,foundation_food,2747671,鱿鱼，冷冻，仅管身,"Squid (calamari), frozen, tubes only",8.81,0.55,0.93,N/A,N/A,,N/A - 碳水低于 5g/100g，通常不需要 GI,Foundation Foods,
foundation_2747672,foundation_food,2747672,剑鱼，冷冻，野生捕捞,"Swordfish, frozen, wild caught",19.24,8.12,0.45,N/A,N/A,,N/A - 碳水低于 5g/100g，通常不需要 GI,Foundation Foods,
foundation_2747673,foundation_food,2747673,金枪鱼，黄鳍或ahi，冷冻，野生捕捞,"Tuna, ahi or yellowfin, frozen, wild caught",24.7,0.39,-0.1,N/A,N/A,,N/A - 碳水低于 5g/100g，通常不需要 GI,Foundation Foods,
foundation_2747674,foundation_food,2747674,芜菁，生,"Turnips, raw",0.95,0.12,7.27,,,,,Foundation Foods,
foundation_2747676,foundation_food,2747676,无籽西瓜，仅瓜皮，生,"Watermelon, seedless, rind only, raw",0.53,0.07,4.17,N/A,N/A,,N/A - 碳水低于 5g/100g，通常不需要 GI,Foundation Foods,
foundation_2768188,foundation_food,2768188,阿拉斯加狭鳕，生,"Alaska Pollock, raw",17.33,0.99,0.06,N/A,N/A,,N/A - 碳水低于 5g/100g，通常不需要 GI,Foundation Foods,
sr_legacy_167529,sr_legacy,167529,Goya 零食饼干,"Crackers, snack, Goya Crackers",14.25,13.35,64.35,,,,,Baked Products,保留品牌名 Goya
sr_legacy_167530,sr_legacy,167530,Gamesa Sabrosas 奶油饼干,"Crackers, cream, Gamesa Sabrosas",7.01,20.37,64.55,,,,,Baked Products,保留品牌名 Gamesa Sabrosas
sr_legacy_167531,sr_legacy,167531,La Moderna Rikis 奶油饼干,"Crackers, cream, La Moderna Rikis Cream Crackers",7.19,19.5,64.88,,,,,Baked Products,保留品牌名 La Moderna Rikis
sr_legacy_167532,sr_legacy,167532,白小麦面包,"Bread, white wheat",10.66,2.15,43.91,,,,,Baked Products,
sr_legacy_167533,sr_legacy,167533,小麦贝果,"Bagels, wheat",10.2,1.53,48.89,,,,,Baked Products,
sr_legacy_167535,sr_legacy,167535,面粉 Tortilla 墨西哥薄饼，待烤或待炸，常温保存,"Tortillas, ready-to-bake or -fry, flour, shelf stable",8.01,7.58,49.27,,,,,Baked Products,
sr_legacy_167590,sr_legacy,167590,Andrea's 无麸质软餐包,"Andrea's, Gluten Free Soft Dinner Roll",5.65,8.2,40.24,,,,,Baked Products,保留品牌名 Andrea's
sr_legacy_167591,sr_legacy,167591,Crunchmaster 多谷物无麸质脆片饼干,"Crunchmaster, Multi-Grain Crisps, Snack Crackers, Gluten-Free",10.91,15.92,67.18,,,,,Baked Products,保留品牌名 Crunchmaster
sr_legacy_167597,sr_legacy,167597,Rudi's 无麸质原味三明治面包,"Rudi's, Gluten-Free Bakery, Original Sandwich Bread",3.13,10.7,52.83,,,,,Baked Products,保留品牌名 Rudi's
sr_legacy_167598,sr_legacy,167598,Udi's 无麸质软白三明治面包,"Udi's, Gluten Free, Soft & Delicious White Sandwich Bread",5.4,8.02,51.15,,,,,Baked Products,保留品牌名 Udi's
sr_legacy_167599,sr_legacy,167599,Udi's 无麸质全谷物三明治面包,"Udi's, Gluten Free, Soft & Hearty Whole Grain Bread",7.25,9.34,49.09,,,,,Baked Products,保留品牌名 Udi's
sr_legacy_167600,sr_legacy,167600,Udi's 无麸质全谷物餐包,"Udi's, Gluten Free, Whole Grain Dinner Rolls",11.8,11.6,44.29,,,,,Baked Products,保留品牌名 Udi's
sr_legacy_167602,sr_legacy,167602,加拿大养殖 EMI-TSUNOMATA 海藻，干,"Seaweed, Canadian Cultivated EMI-TSUNOMATA, dry",15.34,1.39,46.24,,,,,Vegetables and Vegetable Products,EMI-TSUNOMATA 为海藻品名，保留英文便于核对
sr_legacy_167603,sr_legacy,167603,加拿大养殖 EMI-TSUNOMATA 海藻，复水,"Seaweed, Canadian Cultivated EMI-TSUNOMATA, rehydrated",1.86,0.17,5.62,,,,,Vegetables and Vegetable Products,EMI-TSUNOMATA 为海藻品名，保留英文便于核对
sr_legacy_167604,sr_legacy,167604,薯饼（Hash brown），冷藏，未烹调,"Potatoes, hash brown, refrigerated, unprepared",1.75,0.08,19.16,,,,,Vegetables and Vegetable Products,保留 Hash brown 便于搜索和核对
sr_legacy_167605,sr_legacy,167605,薯饼（Hash brown），冷藏，用菜籽油煎制,"Potatoes, hash brown, refrigerated, prepared, pan-fried in canola oil",3.24,10.3,33.99,,,,,Vegetables and Vegetable Products,保留 Hash brown 便于搜索和核对
sr_legacy_167684,sr_legacy,167684,奶油风味沙拉酱，酸奶油/酪乳和油制，低热量,"Creamy dressing, made with sour cream and/or buttermilk and oil, reduced calorie",1.5,14.0,7.0,,,,,Fats and Oils,
sr_legacy_167687,sr_legacy,167687,冷冻打发浇头，低脂,"Whipped topping, frozen, low fat",3.0,13.1,23.6,,,,,Dairy and Egg Products,
sr_legacy_167688,sr_legacy,167688,奶油替代品，粉末，低脂,"Cream substitute, powdered, light",1.9,15.7,73.4,,,,,Dairy and Egg Products,
sr_legacy_167691,sr_legacy,167691,植物油黄油抹酱，低热量,"Vegetable oil-butter spread, reduced calorie",0.0,53.0,0.0,,,,,Fats and Oils,
sr_legacy_167697,sr_legacy,167697,酪乳，液态，发酵，减脂,"Milk, buttermilk, fluid, cultured, reduced fat",4.1,2.0,5.3,,,,,Dairy and Egg Products,
sr_legacy_167702,sr_legacy,167702,冷压亚麻籽油,"Oil, flaxseed, cold pressed",0.11,99.98,0.0,,,,,Fats and Oils,
sr_legacy_167703,sr_legacy,167703,乡村奶酪，低脂，1%乳脂，低乳糖,"Cheese, cottage, lowfat, 1% milkfat, lactose reduced",12.4,1.0,3.2,,,,,Dairy and Egg Products,
sr_legacy_167705,sr_legacy,167705,帕玛森奶酪，低钠,"Cheese, parmesan, low sodium",41.6,29.99,3.7,,,,,Dairy and Egg Products,
sr_legacy_167708,sr_legacy,167708,番茄蔬菜汁，低钠,"Tomato and vegetable juice, low sodium",0.6,0.1,4.59,,,,,Vegetables and Vegetable Products,
sr_legacy_167709,sr_legacy,167709,火鸡翅，烟熏，熟，带皮，去骨,"Turkey, wing, smoked, cooked, with skin, bone removed",27.4,12.41,0,,,,,Poultry Products,
sr_legacy_167710,sr_legacy,167710,火鸡小腿，烟熏，熟，带皮，去骨,"Turkey, drumstick, smoked, cooked, with skin, bone removed",27.9,9.8,0,,,,,Poultry Products,
sr_legacy_167712,sr_legacy,167712,腌制培根，熟，炙烤，煎制或烤制，低钠,"Pork, cured, bacon, cooked, broiled, pan-fried or roasted, reduced sodium",37.04,41.78,1.43,,,,,Pork Products,
sr_legacy_167713,sr_legacy,167713,火鸡浅色肉或深色肉，烟熏，熟，去皮去骨,"Turkey, light or dark meat, smoked, cooked, skin and bone removed",29.3,5,0,,,,,Poultry Products,
sr_legacy_167714,sr_legacy,167714,棕榈芯，生,"Hearts of palm, raw",2.7,0.2,25.61,,,,,Vegetables and Vegetable Products,
sr_legacy_167716,sr_legacy,167716,乡村奶酪，低脂，1%乳脂，含蔬菜,"Cheese, cottage, lowfat, 1% milkfat, with vegetables",10.9,1.0,3.0,,,,,Dairy and Egg Products,
sr_legacy_167717,sr_legacy,167717,酵母提取物酱,Yeast extract spread,23.88,0.9,20.42,,,,,Vegetables and Vegetable Products,
sr_legacy_167719,sr_legacy,167719,植物基鸡肉，裹粉，油炸,"Chicken, meatless, breaded, fried",21.28,12.77,8.51,,,,,Legumes and Legume Products,meatless 按植物基/素食肉制品处理
sr_legacy_167730,sr_legacy,167730,仿制奶，非大豆,"Milk, imitation, non-soy",1.6,2.0,5.3,,,,,Dairy and Egg Products,
sr_legacy_167735,sr_legacy,167735,莫扎雷拉奶酪，低钠,"Cheese, mozzarella, low sodium",27.5,17.1,3.1,,,,,Dairy and Egg Products,
sr_legacy_167737,sr_legacy,167737,玉米油、花生油和橄榄油混合油,"Oil, corn, peanut, and olive",0.0,100.0,0.0,,,,,Fats and Oils,
sr_legacy_167742,sr_legacy,167742,扇贝（海湾扇贝和海扇贝），熟，蒸熟,"Mollusks, scallop, (bay and sea), cooked, steamed",20.54,0.84,5.41,,,,,Finfish and Shellfish Products,
sr_legacy_167744,sr_legacy,167744,蜗牛，生,"Mollusks, snail, raw",16.1,1.4,2.0,,,,,Finfish and Shellfish Products,
sr_legacy_167745,sr_legacy,167745,绿海龟，生,"Turtle, green, raw",19.8,0.5,0.0,,,,,Finfish and Shellfish Products,绿海龟属于少见/受保护动物数据，建议后续检查是否保留
sr_legacy_167746,sr_legacy,167746,柠檬，去皮，生,"Lemons, raw, without peel",1.1,0.3,9.32,,,,,Fruits and Fruit Juices,
sr_legacy_167747,sr_legacy,167747,柠檬汁，生,"Lemon juice, raw",0.35,0.24,6.9,,,,,Fruits and Fruit Juices,
sr_legacy_167748,sr_legacy,167748,浓缩还原柠檬汁，罐装或瓶装,"Lemon juice from concentrate, canned or bottled",0.45,0.07,5.62,,,,,Fruits and Fruit Juices,
sr_legacy_167749,sr_legacy,167749,柠檬皮，生,"Lemon peel, raw",1.5,0.3,16.0,,,,,Fruits and Fruit Juices,
sr_legacy_167750,sr_legacy,167750,仙人掌果，生,"Prickly pears, raw",0.73,0.51,9.57,,,,,Fruits and Fruit Juices,Prickly pear 为仙人掌果。
sr_legacy_167751,sr_legacy,167751,西梅干，炖煮，不加糖,"Plums, dried (prunes), stewed, without added sugar",0.96,0.16,28.08,,,,,Fruits and Fruit Juices,
sr_legacy_167752,sr_legacy,167752,西梅干，炖煮，加糖,"Plums, dried (prunes), stewed, with added sugar",1.09,0.22,32.88,,,,,Fruits and Fruit Juices,
sr_legacy_167753,sr_legacy,167753,西梅汁，罐装,"Prune juice, canned",0.61,0.03,17.45,,,,,Fruits and Fruit Juices,
sr_legacy_167754,sr_legacy,167754,柚子，生,"Pummelo, raw",0.76,0.04,9.62,,,,,Fruits and Fruit Juices,
sr_legacy_167755,sr_legacy,167755,覆盆子，生,"Raspberries, raw",1.2,0.65,11.94,,,,,Fruits and Fruit Juices,
sr_legacy_167758,sr_legacy,167758,食用大黄，生,"Rhubarb, raw",0.9,0.2,4.54,,,,,Fruits and Fruit Juices,
sr_legacy_167759,sr_legacy,167759,人心果，生,"Sapodilla, raw",0.44,1.1,19.96,,,,,Fruits and Fruit Juices,Sapodilla 常译为人心果。
sr_legacy_167760,sr_legacy,167760,马梅萨波特果，生,"Sapote, mamey, raw",1.45,0.46,32.1,,,,,Fruits and Fruit Juices,Mamey sapote 为马梅萨波特果，中文名可能有差异。
sr_legacy_167761,sr_legacy,167761,刺果番荔枝（Soursop），生,"Soursop, raw",1.0,0.3,16.84,,,,,Fruits and Fruit Juices,Soursop 通常译为刺果番荔枝。
sr_legacy_167762,sr_legacy,167762,草莓，生,"Strawberries, raw",0.67,0.3,7.68,,,,,Fruits and Fruit Juices,
sr_legacy_167763,sr_legacy,167763,罗望子，生,"Tamarinds, raw",2.8,0.6,62.5,,,,,Fruits and Fruit Juices,
sr_legacy_167765,sr_legacy,167765,西瓜，生,"Watermelon, raw",0.61,0.15,7.55,,,,,Fruits and Fruit Juices,
sr_legacy_167766,sr_legacy,167766,马拉斯奇诺樱桃（鸡尾酒樱桃），罐装，沥干,"Maraschino cherries, canned, drained",0.22,0.21,41.97,,,,,Fruits and Fruit Juices,
sr_legacy_167767,sr_legacy,167767,菠萝，罐装，果汁浸，沥干,"Pineapple, canned, juice pack, drained",0.51,0.11,15.56,,,,,Fruits and Fruit Juices,
sr_legacy_167769,sr_legacy,167769,酸樱桃，罐装，水浸，沥干,"Cherries, sour, canned, water pack, drained",0.69,0.21,10.45,,,,,Fruits and Fruit Juices,
sr_legacy_167774,sr_legacy,167774,粉红葡萄柚汁，生,"Grapefruit juice, pink, raw",0.5,0.1,9.2,,,,,Fruits and Fruit Juices,
sr_legacy_167776,sr_legacy,167776,巴特利特梨，生,"Pears, raw, bartlett (Includes foods for USDA's Food Distribution Program)",0.39,0.16,15.01,,,,,Fruits and Fruit Juices,Bartlett 为梨品种名，保留音译。
sr_legacy_167777,sr_legacy,167777,红安茹梨，生,"Pears, raw, red anjou",0.33,0.14,14.94,,,,,Fruits and Fruit Juices,Anjou 为梨品种名，保留音译。
sr_legacy_167778,sr_legacy,167778,博斯克梨，生,"Pears, raw, bosc (Includes foods for USDA's Food Distribution Program)",0.36,0.09,16.1,,,,,Fruits and Fruit Juices,Bosc 为梨品种名，保留音译。
sr_legacy_167779,sr_legacy,167779,绿安茹梨，生,"Pears, raw, green anjou (Includes foods for USDA's Food Distribution Program)",0.44,0.1,15.79,,,,,Fruits and Fruit Juices,Anjou 为梨品种名，保留音译。
sr_legacy_167780,sr_legacy,167780,西梅泥,Prune puree,2.1,0.2,65.1,,,,,Fruits and Fruit Juices,
sr_legacy_167781,sr_legacy,167781,蜜饯水果,Candied fruit,0.34,0.07,82.74,,,,,Fruits and Fruit Juices,
sr_legacy_167782,sr_legacy,167782,阿比尤奇果，生,"Abiyuch, raw",1.5,0.1,17.6,,,,,Fruits and Fruit Juices,少见热带水果，中文名不常用，保留音译。
sr_legacy_167783,sr_legacy,167783,Rowal 果，生,"Rowal, raw",2.3,2.0,23.9,,,,,Fruits and Fruit Juices,Rowal 中文名不常见，保留英文并标记复查。
sr_legacy_167784,sr_legacy,167784,番石榴果露，罐装，添加维生素C,"Guava nectar, canned, with added ascorbic acid",0.09,0.06,16.25,,,,,Fruits and Fruit Juices,
sr_legacy_167785,sr_legacy,167785,芒果果露，罐装,"Mango nectar, canned",0.11,0.06,13.12,,,,,Fruits and Fruit Juices,
sr_legacy_167786,sr_legacy,167786,罗望子果露，罐装,"Tamarind nectar, canned",0.09,0.12,14.73,,,,,Fruits and Fruit Juices,
sr_legacy_167787,sr_legacy,167787,石榴汁，瓶装,"Pomegranate juice, bottled",0.15,0.29,13.13,,,,,Fruits and Fruit Juices,
sr_legacy_167791,sr_legacy,167791,刺角瓜（Kiwano）,Horned melon (Kiwano),1.78,1.26,7.56,,,,,Fruits and Fruit Juices,Kiwano 为刺角瓜，保留英文方便搜索。
sr_legacy_167793,sr_legacy,167793,富士苹果，带皮，生,"Apples, raw, fuji, with skin (Includes foods for USDA's Food Distribution Program)",0.2,0.18,15.22,,,,,Fruits and Fruit Juices,
sr_legacy_167794,sr_legacy,167794,橙汁，冷藏，含浓缩还原，添加钙和维生素A、D、E,"Orange juice, chilled, includes from concentrate, with added calcium and vitamins A, D, E",0.68,0.12,11.54,,,,,Fruits and Fruit Juices,
sr_legacy_167795,sr_legacy,167795,NAKED JUICE Mighty Mango 果汁思慕雪,"Fruit juice smoothie, NAKED JUICE, MIGHTY MANGO",0.42,0.0,15.0,,,,,Fruits and Fruit Juices,NAKED JUICE 为品牌名，产品名保留英文。
sr_legacy_167796,sr_legacy,167796,NAKED JUICE Green Machine 果汁思慕雪,"Fruit juice smoothie, NAKED JUICE, GREEN MACHINE",0.6,0.26,12.53,,,,,Fruits and Fruit Juices,NAKED JUICE 为品牌名，产品名保留英文。
sr_legacy_167797,sr_legacy,167797,BOLTHOUSE FARMS Berry Boost 果汁思慕雪,"Fruit juice smoothie, BOLTHOUSE FARMS, BERRY BOOST",0.63,0.02,10.9,,,,,Fruits and Fruit Juices,BOLTHOUSE FARMS 为品牌名，产品名保留英文。
sr_legacy_167798,sr_legacy,167798,BOLTHOUSE FARMS Green Goodness 果汁思慕雪,"Fruit juice smoothie, BOLTHOUSE FARMS, GREEN GOODNESS",0.63,0.33,13.04,,,,,Fruits and Fruit Juices,BOLTHOUSE FARMS 为品牌名，产品名保留英文。
sr_legacy_167799,sr_legacy,167799,BOLTHOUSE FARMS 草莓香蕉果汁思慕雪,"Fruit juice smoothie, BOLTHOUSE FARMS, strawberry banana",0.44,0.3,12.37,,,,,Fruits and Fruit Juices,BOLTHOUSE FARMS 为品牌名，保留英文。
sr_legacy_167801,sr_legacy,167801,CONCORD 浓缩还原柠檬汁，瓶装,"Lemon juice from concentrate, bottled, CONCORD",0.4,0.07,5.37,,,,,Fruits and Fruit Juices,CONCORD 为品牌名，保留英文。
sr_legacy_167802,sr_legacy,167802,REAL LEMON 浓缩还原柠檬汁，瓶装,"Lemon juice from concentrate, bottled, REAL LEMON",0.47,0.07,5.66,,,,,Fruits and Fruit Juices,REAL LEMON 为品牌名，保留英文。
sr_legacy_167803,sr_legacy,167803,OCEAN SPRAY 整颗蔓越莓酱，罐装,"Cranberry sauce, whole, canned, OCEAN SPRAY",0.75,0.05,40.4,,,,,Fruits and Fruit Juices,OCEAN SPRAY 为品牌名，保留英文。
sr_legacy_167804,sr_legacy,167804,OCEAN SPRAY 蔓越莓果冻酱，罐装,"Cranberry sauce, jellied, canned, OCEAN SPRAY",1.05,0.04,40.61,,,,,Fruits and Fruit Juices,OCEAN SPRAY 为品牌名，保留英文。
sr_legacy_167806,sr_legacy,167806,猴面包树果粉,Baobab powder,3.69,0.47,79.65,,,,,Fruits and Fruit Juices,Baobab 为猴面包树果实制成的粉。
sr_legacy_167807,sr_legacy,167807,酸樱桃汁,"Cherry juice, tart",0.31,0.54,13.7,,,,,Fruits and Fruit Juices,
sr_legacy_167808,sr_legacy,167808,覆盆子泥，无籽,"Raspberries, puree, seedless",1.02,0.87,7.99,,,,,Fruits and Fruit Juices,
sr_legacy_167809,sr_legacy,167809,覆盆子泥，带籽,"Raspberries, puree, with seeds",1.1,0.97,11.51,,,,,Fruits and Fruit Juices,
sr_legacy_167810,sr_legacy,167810,鲜猪修整后腿、腰脊、肩肉和肋排混合样本，可分离瘦肉和脂肪，生（包括可用于腌制的部位）,"Pork, fresh, composite of trimmed leg, loin, shoulder, and spareribs, (includes cuts to be cured), separable lean and fat, raw",18.22,14.79,0,,,,,Pork Products,
sr_legacy_167811,sr_legacy,167811,鲜猪背膘，生,"Pork, fresh, backfat, raw",2.92,88.69,0,,,,,Pork Products,
sr_legacy_167812,sr_legacy,167812,鲜猪五花肉，生,"Pork, fresh, belly, raw",9.34,53.01,0,,,,,Pork Products,
sr_legacy_167813,sr_legacy,167813,鲜猪可分离脂肪，生,"Pork, fresh, separable fat, raw",9.25,65.7,0,,,,,Pork Products,
sr_legacy_167814,sr_legacy,167814,鲜猪后腿（火腿部位），臀部半块，可分离瘦肉和脂肪，生,"Pork, fresh, leg (ham), rump half, separable lean and fat, raw",20.27,10.63,0,,,,,Pork Products,
sr_legacy_167815,sr_legacy,167815,鲜猪后腿（火腿部位），臀部半块，可分离瘦肉和脂肪，熟，烤制,"Pork, fresh, leg (ham), rump half, separable lean and fat, cooked, roasted",27.03,10.32,0,,,,,Pork Products,
sr_legacy_167816,sr_legacy,167816,鲜猪后腿（火腿部位），臀部半块，仅可分离瘦肉，生（含 USDA 食品分发项目食物）,"Pork, fresh, leg (ham), rump half, separable lean only, raw (Includes foods for USDA's Food Distribution Program)",21.81,2.93,0,,,,,Pork Products,原文注明包含 USDA 食品分发项目食物
sr_legacy_167817,sr_legacy,167817,鲜猪后腿（火腿部位），臀部半块，仅可分离瘦肉，熟，烤制,"Pork, fresh, leg (ham), rump half, separable lean only, cooked, roasted",28.86,4.62,0,,,,,Pork Products,
sr_legacy_167818,sr_legacy,167818,鲜猪整块腰脊肉，可分离瘦肉和脂肪，生,"Pork, fresh, loin, whole, separable lean and fat, raw",19.74,12.58,0,,,,,Pork Products,
sr_legacy_167819,sr_legacy,167819,鲜猪整块腰脊肉，可分离瘦肉和脂肪，熟，炖煮,"Pork, fresh, loin, whole, separable lean and fat, cooked, braised",27.23,13.62,0,,,,,Pork Products,
sr_legacy_167820,sr_legacy,167820,鲜猪整块腰脊肉，可分离瘦肉和脂肪，熟，炙烤,"Pork, fresh, loin, whole, separable lean and fat, cooked, broiled",27.32,13.92,0,,,,,Pork Products,
sr_legacy_167821,sr_legacy,167821,鲜猪整块腰脊肉，可分离瘦肉和脂肪，熟，烤制,"Pork, fresh, loin, whole, separable lean and fat, cooked, roasted",27.09,14.65,0,,,,,Pork Products,
sr_legacy_167822,sr_legacy,167822,鲜猪腰脊肩胛端猪排或烤肉块，带骨，可分离瘦肉和脂肪，生,"Pork, fresh, loin, blade (chops or roasts), bone-in, separable lean and fat, raw",19.56,12.27,0,,,,,Pork Products,
sr_legacy_167823,sr_legacy,167823,鲜猪腰脊肩胛端猪排，带骨，可分离瘦肉和脂肪，熟，炖煮,"Pork, fresh, loin, blade (chops), bone-in, separable lean and fat, cooked, braised",26.54,15.71,0,,,,,Pork Products,
sr_legacy_167824,sr_legacy,167824,鲜猪腰脊肩胛端猪排，带骨，可分离瘦肉和脂肪，熟，炙烤,"Pork, fresh, loin, blade (chops), bone-in, separable lean and fat, cooked, broiled",23.72,14.35,0,,,,,Pork Products,
sr_legacy_167825,sr_legacy,167825,鲜猪腰脊肩胛端烤肉块，带骨，可分离瘦肉和脂肪，熟，烤制,"Pork, fresh, loin, blade (roasts), bone-in, separable lean and fat, cooked, roasted",24.29,16.71,0,,,,,Pork Products,
sr_legacy_167826,sr_legacy,167826,鲜猪中段腰脊猪排，带骨，可分离瘦肉和脂肪，熟，炖煮,"Pork, fresh, loin, center loin (chops), bone-in, separable lean and fat, cooked, braised",28.21,13.51,0,,,,,Pork Products,
sr_legacy_167827,sr_legacy,167827,鲜猪中段腰脊猪排，带骨，可分离瘦肉和脂肪，熟，炙烤,"Pork, fresh, loin, center loin (chops), bone-in, separable lean and fat, cooked, broiled",25.61,11.06,0,,,,,Pork Products,
sr_legacy_167828,sr_legacy,167828,鲜猪中段腰脊肉烤肉块，带骨，可分离瘦肉和脂肪，熟，烤制,"Pork, fresh, loin, center loin (roasts), bone-in, separable lean and fat, cooked, roasted",27.01,12.8,0,,,,,Pork Products,
sr_legacy_167829,sr_legacy,167829,鲜猪中段腰脊猪排，带骨，仅可分离瘦肉，生,"Pork, fresh, loin, center loin (chops), bone-in, separable lean only, raw",21.99,3.71,0,,,,,Pork Products,
sr_legacy_167830,sr_legacy,167830,鲜猪腰脊中段肋部猪排，带骨，可分离瘦肉和脂肪，熟，炖煮,"Pork, fresh, loin, center rib (chops), bone-in, separable lean and fat, cooked, braised",26.66,16.28,0,,,,,Pork Products,
sr_legacy_167831,sr_legacy,167831,鲜猪腰脊中段肋部猪排，带骨，可分离瘦肉和脂肪，熟，炙烤,"Pork, fresh, loin, center rib (chops), bone-in, separable lean and fat, cooked, broiled",24.42,13.04,0,,,,,Pork Products,
sr_legacy_167832,sr_legacy,167832,鲜猪中段肋部腰脊肉烤肉块，带骨，可分离瘦肉和脂肪，熟，烤制,"Pork, fresh, loin, center rib (roasts), bone-in, separable lean and fat, cooked, roasted",26.99,14.68,0,,,,,Pork Products,
sr_legacy_167833,sr_legacy,167833,鲜猪腰脊中段肋部猪排或烤肉块，带骨，仅可分离瘦肉，生,"Pork, fresh, loin, center rib (chops or roasts), bone-in, separable lean only, raw",21.79,4.8,0,,,,,Pork Products,
sr_legacy_167834,sr_legacy,167834,鲜猪腰臀部猪排，带骨，可分离瘦肉和脂肪，熟，炖煮,"Pork, fresh, loin, sirloin (chops), bone-in, separable lean and fat, cooked, braised",28.81,12.31,0,,,,,Pork Products,
sr_legacy_167835,sr_legacy,167835,鲜猪腰臀部猪排，带骨，可分离瘦肉和脂肪，熟，炙烤,"Pork, fresh, loin, sirloin (chops), bone-in, separable lean and fat, cooked, broiled",26.96,11.82,0,,,,,Pork Products,
sr_legacy_167836,sr_legacy,167836,鲜猪腰臀部烤肉块，带骨，可分离瘦肉和脂肪，熟，烤制,"Pork, fresh, loin, sirloin (roasts), bone-in, separable lean and fat, cooked, roasted",26.64,12.87,0,,,,,Pork Products,
sr_legacy_167837,sr_legacy,167837,鲜猪腰臀部猪排或烤肉块，带骨，仅可分离瘦肉，生,"Pork, fresh, loin, sirloin (chops or roasts), bone-in, separable lean only, raw",21.65,4.02,0,,,,,Pork Products,
sr_legacy_167838,sr_legacy,167838,鲜猪腰臀部猪排，带骨，仅可分离瘦肉，熟，炖煮,"Pork, fresh, loin, sirloin (chops), bone-in, separable lean only, cooked, braised",31,6.9,0,,,,,Pork Products,
sr_legacy_167839,sr_legacy,167839,鲜猪上腰脊猪排，无骨，可分离瘦肉和脂肪，生,"Pork, fresh, loin, top loin (chops), boneless, separable lean and fat, raw",21.55,6.94,0,,,,,Pork Products,
sr_legacy_167840,sr_legacy,167840,鲜猪上腰脊猪排，无骨，可分离瘦肉和脂肪，熟，炖煮,"Pork, fresh, loin, top loin (chops), boneless, separable lean and fat, cooked, braised",29.2,8.31,0,,,,,Pork Products,
sr_legacy_167841,sr_legacy,167841,鲜猪上腰脊猪排，无骨，可分离瘦肉和脂肪，熟，炙烤,"Pork, fresh, loin, top loin (chops), boneless, separable lean and fat, cooked, broiled",26.62,9.14,0,,,,,Pork Products,
sr_legacy_167842,sr_legacy,167842,鲜猪上腰脊烤肉块，无骨，可分离瘦肉和脂肪，熟，烤制,"Pork, fresh, loin, top loin (roasts), boneless, separable lean and fat, cooked, roasted",26.45,8.82,0,,,,,Pork Products,
sr_legacy_167843,sr_legacy,167843,鲜猪肩肉，整块，可分离瘦肉和脂肪，生,"Pork, fresh, shoulder, whole, separable lean and fat, raw",17.18,17.99,0,,,,,Pork Products,
sr_legacy_167844,sr_legacy,167844,鲜猪肩肉，整块，可分离瘦肉和脂肪，熟，烤制,"Pork, fresh, shoulder, whole, separable lean and fat, cooked, roasted",23.28,21.39,0,,,,,Pork Products,
sr_legacy_167845,sr_legacy,167845,鲜猪肩肉，整块，仅可分离瘦肉，生,"Pork, fresh, shoulder, whole, separable lean only, raw",19.55,7.14,0,,,,,Pork Products,
sr_legacy_167846,sr_legacy,167846,鲜猪肩肉，整块，仅可分离瘦肉，熟，烤制,"Pork, fresh, shoulder, whole, separable lean only, cooked, roasted",25.33,13.54,0,,,,,Pork Products,
sr_legacy_167847,sr_legacy,167847,鲜猪前肩 Picnic 部位，仅可分离瘦肉，熟，炖煮,"Pork, fresh, shoulder, arm picnic, separable lean only, cooked, braised",26.76,8.87,0,,,,,Pork Products,arm picnic 为美式前肩/前腿部位名，中文保留 Picnic 便于核对; Picnic 为猪前肩部位用语，保留英文便于核对
sr_legacy_167848,sr_legacy,167848,鲜猪前肩 Picnic 部位，仅可分离瘦肉，熟，烤制,"Pork, fresh, shoulder, arm picnic, separable lean only, cooked, roasted",26.68,12.62,0,,,,,Pork Products,arm picnic 为美式前肩/前腿部位名，中文保留 Picnic 便于核对; Picnic 为猪前肩部位用语，保留英文便于核对
sr_legacy_167849,sr_legacy,167849,鲜猪肩肉（Boston butt 肩胛上部），肩胛端肉排，可分离瘦肉和脂肪，生,"Pork, fresh, shoulder, (Boston butt), blade (steaks), separable lean and fat, raw",17.42,12.36,0,,,,,Pork Products,Boston butt 为美式猪肩胛上部切法，保留英文便于核对
sr_legacy_167850,sr_legacy,167850,鲜猪肩肉（Boston butt 肩胛上部），肩胛端肉排，可分离瘦肉和脂肪，熟，炖煮,"Pork, fresh, shoulder, (Boston butt), blade (steaks), separable lean and fat, cooked, braised",25.07,17.69,0,,,,,Pork Products,Boston butt 为美式猪肩胛上部切法，保留英文便于核对
sr_legacy_167851,sr_legacy,167851,鲜猪肩肉，肩胛部，Boston butt 肉排，可分离瘦肉和脂肪，熟，炙烤,"Pork, fresh, shoulder, blade, boston (steaks), separable lean and fat, cooked, broiled",25.58,16.61,0,,,,,Pork Products,
sr_legacy_167852,sr_legacy,167852,鲜猪肩肉，肩胛部，Boston butt 烤肉块，仅可分离瘦肉，熟，烤制,"Pork, fresh, shoulder, blade, boston (roasts), separable lean only, cooked, roasted",24.21,14.3,0,,,,,Pork Products,
sr_legacy_167853,sr_legacy,167853,鲜猪肋排，可分离瘦肉和脂肪，生,"Pork, fresh, spareribs, separable lean and fat, raw",15.47,23.4,0,,,,,Pork Products,
sr_legacy_167854,sr_legacy,167854,鲜猪肋排，可分离瘦肉和脂肪，熟，炖煮,"Pork, fresh, spareribs, separable lean and fat, cooked, braised",29.06,30.3,0,,,,,Pork Products,
sr_legacy_167855,sr_legacy,167855,鲜猪修整零售部位混合样本（后腿、腰脊和肩肉），仅可分离瘦肉，熟,"Pork, fresh, composite of trimmed retail cuts (leg, loin, and shoulder), separable lean only, cooked",27.51,9.21,0,,,,,Pork Products,
sr_legacy_167856,sr_legacy,167856,鲜猪肠，熟，炖煮,"Pork, fresh, variety meats and by-products, chitterlings, cooked, simmered",12.49,20.32,0,,,,,Pork Products,
sr_legacy_167857,sr_legacy,167857,鲜猪耳，冷冻，生,"Pork, fresh, variety meats and by-products, ears, frozen, raw",22.45,15.1,0.6,,,,,Pork Products,
sr_legacy_167858,sr_legacy,167858,鲜猪耳，冷冻，熟，炖煮,"Pork, fresh, variety meats and by-products, ears, frozen, cooked, simmered",15.95,10.8,0.2,,,,,Pork Products,
sr_legacy_167859,sr_legacy,167859,鲜猪蹄，生,"Pork, fresh, variety meats and by-products, feet, raw",23.16,12.59,0,,,,,Pork Products,
sr_legacy_167860,sr_legacy,167860,鲜猪肾，熟，炖煮,"Pork, fresh, variety meats and by-products, kidneys, cooked, braised",25.4,4.7,0,,,,,Pork Products,
sr_legacy_167861,sr_legacy,167861,鲜猪板油，生,"Pork, fresh, variety meats and by-products, leaf fat, raw",1.76,94.16,0,,,,,Pork Products,
sr_legacy_167862,sr_legacy,167862,鲜猪肝，生,"Pork, fresh, variety meats and by-products, liver, raw",21.39,3.65,2.47,,,,,Pork Products,
sr_legacy_167863,sr_legacy,167863,鲜猪肝，熟，炖煮,"Pork, fresh, variety meats and by-products, liver, cooked, braised",26.02,4.4,3.76,,,,,Pork Products,
sr_legacy_167864,sr_legacy,167864,鲜猪肺，生,"Pork, fresh, variety meats and by-products, lungs, raw",14.08,2.72,0,,,,,Pork Products,
sr_legacy_167865,sr_legacy,167865,鲜猪脾，生,"Pork, fresh, variety meats and by-products, spleen, raw",17.86,2.59,0,,,,,Pork Products,
sr_legacy_167866,sr_legacy,167866,鲜猪脾，熟，炖煮,"Pork, fresh, variety meats and by-products, spleen, cooked, braised",28.2,3.2,0,,,,,Pork Products,
sr_legacy_167867,sr_legacy,167867,鲜猪胃，生,"Pork, fresh, variety meats and by-products, stomach, raw",16.85,10.14,0,,,,,Pork Products,
sr_legacy_167868,sr_legacy,167868,鲜猪腰脊肩胛端猪排，带骨，仅可分离瘦肉，熟，煎制,"Pork, fresh, loin, blade (chops), bone-in, separable lean only, cooked, pan-fried",26.38,12.14,0,,,,,Pork Products,
sr_legacy_167869,sr_legacy,167869,加拿大培根，未烹调,"Canadian bacon, unprepared",20.31,2.62,1.34,,,,,Pork Products,
sr_legacy_167870,sr_legacy,167870,腌制猪蹄，腌制,"Pork, cured, feet, pickled",11.63,10.02,0.01,,,,,Pork Products,
sr_legacy_167871,sr_legacy,167871,腌制火腿，无骨，特瘦（约5%脂肪），烤制,"Pork, cured, ham, boneless, extra lean (approximately 5% fat), roasted",20.93,5.53,1.5,,,,,Pork Products,
sr_legacy_167872,sr_legacy,167872,腌制火腿，无骨，普通型（约11%脂肪），烤制,"Pork, cured, ham, boneless, regular (approximately 11% fat), roasted",22.62,9.02,0,,,,,Pork Products,
sr_legacy_167873,sr_legacy,167873,腌制火腿，肉饼，未加热,"Pork, cured, ham, patties, unheated",12.78,28.19,1.69,,,,,Pork Products,
sr_legacy_167874,sr_legacy,167874,腌制火腿，肉排，无骨，特瘦，未加热,"Pork, cured, ham, steak, boneless, extra lean, unheated",19.56,4.25,0,,,,,Pork Products,
sr_legacy_167875,sr_legacy,167875,腌制火腿，整块，可分离瘦肉和脂肪，未加热,"Pork, cured, ham, whole, separable lean and fat, unheated",18.49,18.52,0.06,,,,,Pork Products,
sr_legacy_167876,sr_legacy,167876,腌制火腿，整块，仅可分离瘦肉，未加热,"Pork, cured, ham, whole, separable lean only, unheated",22.32,5.71,0.05,,,,,Pork Products,
sr_legacy_167877,sr_legacy,167877,腌制猪可分离脂肪（来自火腿和前肩 Picnic 部位），未加热,"Pork, cured, separable fat (from ham and arm picnic), unheated",5.68,61.41,0.09,,,,,Pork Products,arm picnic 为美式前肩/前腿部位名，中文保留 Picnic 便于核对; Picnic 为猪前肩部位用语，保留英文便于核对
sr_legacy_167878,sr_legacy,167878,腌制猪可分离脂肪（来自火腿和前肩 Picnic 部位），烤制,"Pork, cured, separable fat (from ham and arm picnic), roasted",7.64,61.86,0,,,,,Pork Products,arm picnic 为美式前肩/前腿部位名，中文保留 Picnic 便于核对; Picnic 为猪前肩部位用语，保留英文便于核对
sr_legacy_167879,sr_legacy,167879,腌制猪前肩 Picnic 部位，可分离瘦肉和脂肪，烤制,"Pork, cured, shoulder, arm picnic, separable lean and fat, roasted",20.43,21.35,0,,,,,Pork Products,arm picnic 为美式前肩/前腿部位名，中文保留 Picnic 便于核对; Picnic 为猪前肩部位用语，保留英文便于核对
sr_legacy_167880,sr_legacy,167880,腌制猪前肩 Picnic 部位，仅可分离瘦肉，烤制,"Pork, cured, shoulder, arm picnic, separable lean only, roasted",24.94,7.04,0,,,,,Pork Products,arm picnic 为美式前肩/前腿部位名，中文保留 Picnic 便于核对; Picnic 为猪前肩部位用语，保留英文便于核对
sr_legacy_167881,sr_legacy,167881,鲜猪尾，熟，炖煮,"Pork, fresh, variety meats and by-products, tail, cooked, simmered",17,35.8,0,,,,,Pork Products,
sr_legacy_167882,sr_legacy,167882,鲜猪中段腰脊猪排，带骨，仅可分离瘦肉，熟，煎制,"Pork, fresh, loin, center loin (chops), bone-in, separable lean only, cooked, pan-fried",29.56,7.66,0,,,,,Pork Products,
sr_legacy_167883,sr_legacy,167883,鲜猪腰脊中段肋部猪排，带骨，仅可分离瘦肉，熟，煎制,"Pork, fresh, loin, center rib (chops), bone-in, separable lean only, cooked, pan-fried",28.84,9.73,0,,,,,Pork Products,
sr_legacy_167884,sr_legacy,167884,鲜猪腰脊肩胛端猪排，带骨，可分离瘦肉和脂肪，熟，煎制,"Pork, fresh, loin, blade (chops), bone-in, separable lean and fat, cooked, pan-fried",25.02,16.56,0,,,,,Pork Products,
sr_legacy_167885,sr_legacy,167885,腌制火腿，特瘦与普通型混合，罐装，未加热,"Pork, cured, ham, extra lean and regular, canned, unheated",17.97,7.46,0,,,,,Pork Products,
sr_legacy_167886,sr_legacy,167886,腌制火腿，特瘦与普通型混合，罐装，烤制,"Pork, cured, ham, extra lean and regular, canned, roasted",20.94,8.43,0.49,,,,,Pork Products,
sr_legacy_167887,sr_legacy,167887,鲜猪上腰脊猪排，无骨，可分离瘦肉和脂肪，熟，煎制,"Pork, fresh, loin, top loin (chops), boneless, separable lean and fat, cooked, pan-fried",29.36,7.86,0,,,,,Pork Products,
sr_legacy_167888,sr_legacy,167888,鲜猪修整零售部位混合样本（后腿、腰脊、肩肉和肋排），可分离瘦肉和脂肪，生,"Pork, fresh, composite of trimmed retail cuts (leg, loin, shoulder, and spareribs), separable lean and fat, raw",18.95,14.95,0,,,,,Pork Products,
sr_legacy_167889,sr_legacy,167889,鲜猪腰脊中段肋部猪排或烤肉块，无骨，可分离瘦肉和脂肪，生,"Pork, fresh, loin, center rib (chops or roasts), boneless, separable lean and fat, raw",19.9,14.01,0,,,,,Pork Products,
sr_legacy_167890,sr_legacy,167890,鲜猪腰脊中段肋部猪排，无骨，可分离瘦肉和脂肪，熟，炖煮,"Pork, fresh, loin, center rib (chops), boneless, separable lean and fat, cooked, braised",26.29,15.79,0,,,,,Pork Products,
sr_legacy_167891,sr_legacy,167891,鲜猪腰脊中段肋部猪排，无骨，可分离瘦肉和脂肪，熟，炙烤,"Pork, fresh, loin, center rib (chops), boneless, separable lean and fat, cooked, broiled",27.63,15.76,0,,,,,Pork Products,
sr_legacy_167892,sr_legacy,167892,鲜猪腰脊中段肋部猪排，无骨，可分离瘦肉和脂肪，熟，煎制,"Pork, fresh, loin, center rib (chops), boneless, separable lean and fat, cooked, pan-fried",25.82,18.05,0,,,,,Pork Products,
sr_legacy_167893,sr_legacy,167893,鲜猪腰脊中段肋部猪排，无骨，仅可分离瘦肉，熟，煎制,"Pork, fresh, loin, center rib (chops), boneless, separable lean only, cooked, pan-fried",27.68,11.8,0,,,,,Pork Products,
sr_legacy_167894,sr_legacy,167894,鲜猪中段肋部腰脊肉烤肉块，无骨，仅可分离瘦肉，熟，烤制,"Pork, fresh, loin, center rib (roasts), boneless, separable lean only, cooked, roasted",28.81,10.13,0,,,,,Pork Products,
sr_legacy_167895,sr_legacy,167895,鲜猪腰脊乡村式肋排，可分离瘦肉和脂肪，生,"Pork, fresh, loin, country-style ribs, separable lean and fat, raw",19.34,11.82,0,,,,,Pork Products,
sr_legacy_167896,sr_legacy,167896,鲜猪腰脊乡村式肋排，可分离瘦肉和脂肪，熟，炖煮,"Pork, fresh, loin, country-style ribs, separable lean and fat, cooked, braised",26.49,17.71,0,,,,,Pork Products,
sr_legacy_167897,sr_legacy,167897,鲜猪腰脊乡村式肋排，可分离瘦肉和脂肪，带骨，熟，烤制,"Pork, fresh, loin, country-style ribs, separable lean and fat, bone-in, cooked, roasted",21.75,29.46,0,,,,,Pork Products,
sr_legacy_167898,sr_legacy,167898,鲜猪腰臀部猪排，无骨，可分离瘦肉和脂肪，熟，炖煮,"Pork, fresh, loin, sirloin (chops), boneless, separable lean and fat, cooked, braised",28.41,5.47,0,,,,,Pork Products,
sr_legacy_167899,sr_legacy,167899,鲜猪腰臀部猪排，无骨，可分离瘦肉和脂肪，熟，炙烤,"Pork, fresh, loin, sirloin (chops), boneless, separable lean and fat, cooked, broiled",28.19,5.53,0,,,,,Pork Products,
sr_legacy_167900,sr_legacy,167900,鲜猪腰臀部烤肉块，无骨，可分离瘦肉和脂肪，熟，烤制,"Pork, fresh, loin, sirloin (roasts), boneless, separable lean and fat, cooked, roasted",29.62,7.32,0,,,,,Pork Products,
sr_legacy_167901,sr_legacy,167901,鲜猪腰臀部猪排或烤肉块，无骨，仅可分离瘦肉，生,"Pork, fresh, loin, sirloin (chops or roasts), boneless, separable lean only, raw",22.81,2.59,0,,,,,Pork Products,
sr_legacy_167902,sr_legacy,167902,鲜猪肉末，生,"Pork, fresh, ground, raw",16.88,21.19,0,,,,,Pork Products,
sr_legacy_167903,sr_legacy,167903,鲜猪肉末，熟,"Pork, fresh, ground, cooked",25.69,20.77,0,,,,,Pork Products,
sr_legacy_167904,sr_legacy,167904,鲜猪里脊肉，可分离瘦肉和脂肪，熟，炙烤,"Pork, fresh, loin, tenderloin, separable lean and fat, cooked, broiled",29.86,8.11,0,,,,,Pork Products,
sr_legacy_167905,sr_legacy,167905,鲜猪里脊肉，可分离瘦肉和脂肪，熟，烤制,"Pork, fresh, loin, tenderloin, separable lean and fat, cooked, roasted",26.04,3.96,0,,,,,Pork Products,
sr_legacy_167906,sr_legacy,167906,鲜猪修整零售部位混合样本（腰脊和肩胛），可分离瘦肉和脂肪，熟,"Pork, fresh, composite of trimmed retail cuts (loin and shoulder blade), separable lean and fat, cooked",26.07,13.66,0,,,,,Pork Products,
sr_legacy_167907,sr_legacy,167907,鲜猪修整零售部位混合样本（腰脊和肩胛），仅可分离瘦肉，生,"Pork, fresh, composite of trimmed retail cuts (loin and shoulder blade), separable lean only, raw",21.23,5.88,0,,,,,Pork Products,
sr_legacy_167908,sr_legacy,167908,鲜猪修整零售部位混合样本（腰脊和肩胛），仅可分离瘦肉，熟,"Pork, fresh, composite of trimmed retail cuts (loin and shoulder blade), separable lean only, cooked",29.47,9.44,0,,,,,Pork Products,
sr_legacy_167909,sr_legacy,167909,HORMEL Cure 81 火腿,"HORMEL, Cure 81 Ham",18.43,3.59,0.21,,,,,Pork Products,品牌名 HORMEL 保留英文; Cure 81 为产品名
sr_legacy_167910,sr_legacy,167910,HORMEL ALWAYS TENDER 猪里脊肉，照烧味,"HORMEL ALWAYS TENDER, Pork Tenderloin, Teriyaki-Flavored",18.2,3.07,4.63,,,,,Pork Products,品牌名 HORMEL ALWAYS TENDER 保留英文
sr_legacy_167912,sr_legacy,167912,鲜猪上腰脊猪排，无骨，仅可分离瘦肉，添加保水液，熟，煎烤,"Pork, fresh, loin, top loin (chops), boneless, separable lean only, with added solution, cooked, pan-broiled",28.95,5,0,,,,,Pork Products,
sr_legacy_167913,sr_legacy,167913,鲜猪上腰脊猪排，无骨，可分离瘦肉和脂肪，添加保水液，熟，煎烤,"Pork, fresh, loin, top loin (chops), boneless, separable lean and fat, with added solution, cooked, pan-broiled",28.35,7.66,0,,,,,Pork Products,
sr_legacy_167914,sr_legacy,167914,腌制培根，熟，烘烤,"Pork, cured, bacon, cooked, baked",35.73,43.27,1.35,,,,,Pork Products,
sr_legacy_167915,sr_legacy,167915,腌制火腿，加水，臀部，带骨，仅可分离瘦肉，加热，烤制,"Pork, cured, ham -- water added, rump, bone-in, separable lean only, heated, roasted",21.41,3.56,0.87,,,,,Pork Products,
sr_legacy_167916,sr_legacy,167916,腌制火腿，加水，臀部，带骨，仅可分离瘦肉，未加热,"Pork, cured, ham -- water added, rump, bone-in, separable lean only, unheated",15.43,3.48,0.67,,,,,Pork Products,
sr_legacy_167917,sr_legacy,167917,腌制火腿，加水，小腿部，带骨，仅可分离瘦肉，加热，烤制,"Pork, cured, ham -- water added, shank, bone-in, separable lean only, heated, roasted",20.92,4.43,1.2,,,,,Pork Products,
sr_legacy_167918,sr_legacy,167918,腌制火腿，加水，切片，带骨，仅可分离瘦肉，加热，煎烤,"Pork, cured, ham -- water added, slice, bone-in, separable lean only, heated, pan-broil",22.04,4.3,1.48,,,,,Pork Products,
sr_legacy_167919,sr_legacy,167919,腌制含天然肉汁火腿，臀部，带骨，仅可分离瘦肉，加热，烤制,"Pork, cured, ham with natural juices, rump, bone-in, separable lean only, heated, roasted",24.14,4.25,0.48,,,,,Pork Products,
sr_legacy_167920,sr_legacy,167920,腌制含天然肉汁火腿，小腿部，带骨，仅可分离瘦肉，加热，烤制,"Pork, cured, ham with natural juices, shank, bone-in, separable lean only, heated, roasted",24.95,4.97,0.34,,,,,Pork Products,
sr_legacy_167925,sr_legacy,167925,夹心奶酪味饼干，奶酪馅,"Crackers, cheese, sandwich-type with cheese filling",8.92,24.41,58.76,,,,,Baked Products,
sr_legacy_167933,sr_legacy,167933,低脂全麦饼干,"Crackers, whole-wheat, reduced fat",11.34,7.59,75.52,,,,,Baked Products,
sr_legacy_167934,sr_legacy,167934,低脂小麦饼干,"Crackers, wheat, reduced fat",9.34,13.37,71.52,,,,,Baked Products,
sr_legacy_167939,sr_legacy,167939,冷冻蒜香面包,"Garlic bread, frozen",8.36,16.61,41.72,,,,,Baked Products,
sr_legacy_167940,sr_legacy,167940,糖霜肉桂卷，含蜂蜜卷,"Cinnamon buns, frosted (includes honey buns)",4.45,26.61,48.6,,,,,Baked Products,
sr_legacy_167941,sr_legacy,167941,低脂奶酪味饼干,"Crackers, cheese, reduced fat",10.0,11.67,68.19,,,,,Baked Products,
sr_legacy_167942,sr_legacy,167942,全麦盐味苏打饼干，含多谷物,"Crackers, saltines, whole wheat (includes multi-grain)",7.14,10.71,68.25,,,,,Baked Products,
sr_legacy_167943,sr_legacy,167943,马铃薯面包,"Bread, potato",12.5,3.13,47.07,,,,,Baked Products,
sr_legacy_167944,sr_legacy,167944,奶酪面包,"Bread, cheese",10.42,20.83,44.83,,,,,Baked Products,
sr_legacy_167945,sr_legacy,167945,意式佛卡夏面包，原味,"Focaccia, Italian flatbread, plain",8.77,7.89,35.82,,,,,Baked Products,
sr_legacy_168008,sr_legacy,168008,Schar 无麸质经典白餐包,"Schar, Gluten-Free, Classic White Rolls",3.34,2.65,50.47,,,,,Baked Products,保留品牌名 Schar
sr_legacy_168009,sr_legacy,168009,Schar 无麸质无小麦经典白面包,"Schar, Gluten-Free, Wheat-Free, Classic White Bread",3.81,4.47,46.13,,,,,Baked Products,保留品牌名 Schar
sr_legacy_168010,sr_legacy,168010,Udi's 无麸质经典法式餐包,"Udi's, Gluten Free, Classic French Dinner Rolls",7.99,6.4,55.1,,,,,Baked Products,保留品牌名 Udi's
sr_legacy_168012,sr_legacy,168012,Van's The Perfect 10 无麸质六种全谷物四种籽烘焙脆饼,"Van's, The Perfect 10, Crispy Six Whole Grain + Four Seed Baked Crackers, Gluten Free",7.63,18.93,67.57,,,,,Baked Products,保留品牌名 Van's
sr_legacy_168013,sr_legacy,168013,多谷物面包，含全谷物,"Bread, multi-grain (includes whole-grain)",13.36,4.23,43.34,,,,,Baked Products,
sr_legacy_168089,sr_legacy,168089,仿制美式或切达奶酪，低胆固醇,"Imitation cheese, american or cheddar, low cholesterol",25.0,32.0,1.0,,,,,Dairy and Egg Products,
sr_legacy_168097,sr_legacy,168097,奶油替代品，液态，低脂,"Cream substitute, liquid, light",0.8,3.5,9.1,,,,,Dairy and Egg Products,
sr_legacy_168098,sr_legacy,168098,Monterey 奶酪，低脂,"Cheese, monterey, low fat",28.2,21.6,0.7,,,,,Dairy and Egg Products,
sr_legacy_168099,sr_legacy,168099,奶油风味沙拉酱，酸奶油/酪乳和油制，低热量，无脂,"Creamy dressing, made with sour cream and/or buttermilk and oil, reduced calorie, fat-free",1.4,2.7,20.0,,,,,Fats and Oils,
sr_legacy_168100,sr_legacy,168100,奶油风味沙拉酱，酸奶油/酪乳和油制，低热量，无胆固醇,"Creamy dressing, made with sour cream and/or buttermilk and oil, reduced calorie, cholesterol-free",1.0,8.0,16.0,,,,,Fats and Oils,
sr_legacy_168106,sr_legacy,168106,印度薄豆饼（Papad）,Papad,25.56,3.25,59.87,,,,,Legumes and Legume Products,Papad 为南亚豆粉薄饼，保留英文便于搜索
sr_legacy_168110,sr_legacy,168110,腌制火腿，低钠，瘦肉和脂肪，熟,"Pork, cured, ham, low sodium, lean and fat, cooked",22.3,8.3,0.3,,,,,Pork Products,
sr_legacy_168111,sr_legacy,168111,腌制火腿，无骨，低钠，特瘦（约5%脂肪），烤制,"Pork, cured, ham, boneless, low sodium, extra lean (approximately 5% fat), roasted",20.9,5.5,1.5,,,,,Pork Products,
sr_legacy_168114,sr_legacy,168114,乡村奶酪，低脂，1%乳脂，不加钠,"Cheese, cottage, lowfat, 1% milkfat, no sodium added",12.4,1.0,2.7,,,,,Dairy and Egg Products,
sr_legacy_168119,sr_legacy,168119,芜菁叶，罐装，不加盐,"Turnip greens, canned, no salt added",1.36,0.3,2.81,,,,,Vegetables and Vegetable Products,
sr_legacy_168120,sr_legacy,168120,火鸡，浅色肉或深色肉，烟熏，熟，带皮，去骨,"Turkey, light or dark meat, smoked, cooked, with skin, bone removed",28.1,9.7,0,,,,,Poultry Products,
sr_legacy_168121,sr_legacy,168121,切达或美式再制奶酪，低钠,"Cheese, pasteurized process, cheddar or American, low sodium",22.2,31.19,1.6,,,,,Dairy and Egg Products,
sr_legacy_168124,sr_legacy,168124,瑞士奶酪，低钠,"Cheese, swiss, low sodium",28.4,27.4,3.4,,,,,Dairy and Egg Products,
sr_legacy_168126,sr_legacy,168126,Pumpernickel 黑麦餐包,"Rolls, pumpernickel",10.8,2.8,51.87,,,,,Baked Products,
sr_legacy_168128,sr_legacy,168128,焗豆罐头，不加盐,"Beans, baked, canned, no salt added",4.8,0.4,20.49,,,,,Legumes and Legume Products,
sr_legacy_168129,sr_legacy,168129,海蜇，干制，加盐/腌咸,"Jellyfish, dried, salted",5.5,1.4,0.0,,,,,Finfish and Shellfish Products,
sr_legacy_168141,sr_legacy,168141,瑞士奶酪，低脂,"Cheese, swiss, low fat",28.4,5.1,3.4,,,,,Dairy and Egg Products,
sr_legacy_168147,sr_legacy,168147,活性小麦面筋,Vital wheat gluten,75.16,1.85,13.79,,,,,Cereal Grains and Pasta,
sr_legacy_168148,sr_legacy,168148,蛙腿，生,"Frog legs, raw",16.4,0.3,0.0,,,,,Finfish and Shellfish Products,
sr_legacy_168149,sr_legacy,168149,鲭鱼，加盐/腌咸,"Fish, mackerel, salted",18.5,25.1,0.0,,,,,Finfish and Shellfish Products,
sr_legacy_168150,sr_legacy,168150,爪哇蒲桃（Jambolan），生,"Java-plum, (jambolan), raw",0.72,0.23,15.56,,,,,Fruits and Fruit Juices,Jambolan 为爪哇蒲桃，中文名可能有地区差异。
sr_legacy_168151,sr_legacy,168151,枣，生,"Jujube, raw",1.2,0.2,20.23,,,,,Fruits and Fruit Juices,
sr_legacy_168152,sr_legacy,168152,中国枣，干,"Jujube, Chinese, fresh, dried",4.72,0.5,72.52,,,,,Fruits and Fruit Juices,
sr_legacy_168153,sr_legacy,168153,绿心猕猴桃，生,"Kiwifruit, green, raw",1.14,0.52,14.66,,,,,Fruits and Fruit Juices,
sr_legacy_168154,sr_legacy,168154,金橘，生,"Kumquats, raw",1.88,0.86,15.9,,,,,Fruits and Fruit Juices,
sr_legacy_168155,sr_legacy,168155,青柠，生,"Limes, raw",0.7,0.2,10.54,,,,,Fruits and Fruit Juices,
sr_legacy_168156,sr_legacy,168156,青柠汁，生,"Lime juice, raw",0.42,0.07,8.42,,,,,Fruits and Fruit Juices,
sr_legacy_168160,sr_legacy,168160,脱水西梅干，低水分，未烹调,"Prunes, dehydrated (low-moisture), uncooked",3.7,0.73,89.07,,,,,Fruits and Fruit Juices,
sr_legacy_168161,sr_legacy,168161,脱水西梅干，低水分，炖煮,"Prunes, dehydrated (low-moisture), stewed",1.23,0.24,29.7,,,,,Fruits and Fruit Juices,
sr_legacy_168162,sr_legacy,168162,西梅干，未烹调,"Plums, dried (prunes), uncooked",2.18,0.38,63.88,,,,,Fruits and Fruit Juices,
sr_legacy_168163,sr_legacy,168163,榅桲，生,"Quinces, raw",0.4,0.1,15.3,,,,,Fruits and Fruit Juices,
sr_legacy_168164,sr_legacy,168164,金色无籽葡萄干,"Raisins, golden, seedless",3.28,0.2,80.02,,,,,Fruits and Fruit Juices,
sr_legacy_168165,sr_legacy,168165,深色无籽葡萄干,"Raisins, dark, seedless (Includes foods for USDA's Food Distribution Program)",3.3,0.25,79.32,,,,,Fruits and Fruit Juices,
sr_legacy_168166,sr_legacy,168166,有籽葡萄干,"Raisins, seeded",2.52,0.54,78.47,,,,,Fruits and Fruit Juices,
sr_legacy_168168,sr_legacy,168168,食用大黄，冷冻，未烹调,"Rhubarb, frozen, uncooked",0.55,0.11,5.1,,,,,Fruits and Fruit Juices,
sr_legacy_168169,sr_legacy,168169,食用大黄，冷冻，熟制，加糖,"Rhubarb, frozen, cooked, with sugar",0.39,0.05,31.2,,,,,Fruits and Fruit Juices,
sr_legacy_168170,sr_legacy,168170,洛神葵，生,"Roselle, raw",0.96,0.64,11.31,,,,,Fruits and Fruit Juices,Roselle 可指洛神葵/洛神花，这里按食材名称处理。
sr_legacy_168171,sr_legacy,168171,莲雾（Rose apple），生,"Rose-apples, raw",0.6,0.3,5.7,,,,,Fruits and Fruit Juices,Rose apple 通常译为莲雾，保留英文方便核对。
sr_legacy_168175,sr_legacy,168175,番荔枝（释迦），生,"Sugar-apples, (sweetsop), raw",2.06,0.29,23.64,,,,,Fruits and Fruit Juices,Sugar-apple/Sweetsop 通常译为番荔枝/释迦。
sr_legacy_168176,sr_legacy,168176,费约果，生,"Feijoa, raw",0.71,0.42,15.21,,,,,Fruits and Fruit Juices,Feijoa 为少见水果，保留常用音译。
sr_legacy_168177,sr_legacy,168177,亚洲梨，生,"Pears, asian, raw",0.5,0.23,10.65,,,,,Fruits and Fruit Juices,Asian pear 通常可译为亚洲梨/沙梨。
sr_legacy_168184,sr_legacy,168184,橘子（宽皮柑橘），罐装，果汁浸，沥干,"Tangerines, (mandarin oranges), canned, juice pack, drained",0.75,0.04,9.41,,,,,Fruits and Fruit Juices,
sr_legacy_168185,sr_legacy,168185,桃果露，罐装，添加维生素C,"Peach nectar, canned, with added ascorbic acid",0.21,0.51,11.93,,,,,Fruits and Fruit Juices,
sr_legacy_168186,sr_legacy,168186,梨果露，罐装，添加维生素C,"Pear nectar, canned, with added ascorbic acid",0.11,0.01,15.76,,,,,Fruits and Fruit Juices,
sr_legacy_168191,sr_legacy,168191,椰枣，Medjool 品种,"Dates, medjool",1.81,0.15,74.97,,,,,Fruits and Fruit Juices,Medjool 为椰枣品种名，保留英文。
sr_legacy_168192,sr_legacy,168192,榴莲，生或冷冻,"Durian, raw or frozen",1.47,5.33,27.09,,,,,Fruits and Fruit Juices,
sr_legacy_168193,sr_legacy,168193,菠萝，生，传统品种,"Pineapple, raw, traditional varieties",0.55,0.13,11.82,,,,,Fruits and Fruit Juices,
sr_legacy_168194,sr_legacy,168194,菠萝，生，特甜品种,"Pineapple, raw, extra sweet variety",0.53,0.11,13.5,,,,,Fruits and Fruit Juices,
sr_legacy_168195,sr_legacy,168195,克莱门氏小柑橘，生,"Clementines, raw",0.85,0.15,12.02,,,,,Fruits and Fruit Juices,
sr_legacy_168196,sr_legacy,168196,刺果番荔枝果露，罐装,"Guanabana nectar, canned",0.11,0.17,14.93,,,,,Fruits and Fruit Juices,Guanabana 通常对应刺果番荔枝/Soursop。
sr_legacy_168197,sr_legacy,168197,苹果葡萄混合汁，添加维生素C,"Juice, apple and grape blend, with added ascorbic acid",0.16,0.12,12.46,,,,,Fruits and Fruit Juices,
sr_legacy_168198,sr_legacy,168198,苹果、葡萄和梨混合汁，添加维生素C和钙,"Juice, apple, grape and pear blend, with added ascorbic acid and calcium",0.17,0.12,12.96,,,,,Fruits and Fruit Juices,
sr_legacy_168199,sr_legacy,168199,绿大蕉（Plantain），油炸,"Plantains, green, fried",1.5,11.81,49.17,,,,,Fruits and Fruit Juices,Plantain 为大蕉/烹调用香蕉，保留英文方便搜索。
sr_legacy_168201,sr_legacy,168201,红蛇果苹果，带皮，生,"Apples, raw, red delicious, with skin (Includes foods for USDA's Food Distribution Program)",0.27,0.2,14.06,,,,,Fruits and Fruit Juices,
sr_legacy_168202,sr_legacy,168202,金冠苹果，带皮，生,"Apples, raw, golden delicious, with skin",0.28,0.15,13.6,,,,,Fruits and Fruit Juices,
sr_legacy_168203,sr_legacy,168203,青苹果（Granny Smith），带皮，生,"Apples, raw, granny smith, with skin (Includes foods for USDA's Food Distribution Program)",0.44,0.19,13.61,,,,,Fruits and Fruit Juices,
sr_legacy_168204,sr_legacy,168204,嘎啦苹果，带皮，生,"Apples, raw, gala, with skin (Includes foods for USDA's Food Distribution Program)",0.25,0.12,13.68,,,,,Fruits and Fruit Juices,
sr_legacy_168206,sr_legacy,168206,NAKED JUICE Blue Machine 果汁思慕雪,"Fruit juice smoothie, NAKED JUICE, BLUE MACHINE",0.42,0.0,16.67,,,,,Fruits and Fruit Juices,NAKED JUICE 为品牌名，产品名保留英文。
sr_legacy_168208,sr_legacy,168208,ODWALLA Original Superfood 果汁思慕雪,"Fruit juice smoothie, ODWALLA, ORIGINAL SUPERFOOD",0.63,0.36,11.51,,,,,Fruits and Fruit Juices,ODWALLA 为品牌名，产品名保留英文。
sr_legacy_168210,sr_legacy,168210,番石榴果露，罐装，添加三氯蔗糖,"Guava nectar, with sucralose, canned",0.3,0.07,13.3,,,,,Fruits and Fruit Juices,
sr_legacy_168211,sr_legacy,168211,ZESPRI SunGold 金果猕猴桃，生,"Kiwifruit, ZESPRI SunGold, raw",1.02,0.28,15.79,,,,,Fruits and Fruit Juices,ZESPRI 为品牌名，SunGold 为品种/产品名。
sr_legacy_168212,sr_legacy,168212,蔓越莓混合果汁，100%果汁，瓶装，添加维生素C和钙,"Cranberry juice blend, 100% juice, bottled, with added vitamin C and calcium",0.27,0.12,10.91,,,,,Fruits and Fruit Juices,混合果汁，保留添加维生素C和钙信息。
sr_legacy_168213,sr_legacy,168213,ODWALLA 草莓香蕉果汁思慕雪,"Fruit juice smoothie, ODWALLA, strawberry banana",0.5,0.32,11.05,,,,,Fruits and Fruit Juices,ODWALLA 为品牌名，保留英文。
sr_legacy_168214,sr_legacy,168214,NAKED JUICE 草莓香蕉果汁思慕雪,"Fruit juice smoothie, NAKED JUICE, strawberry banana",0.48,0.27,11.66,,,,,Fruits and Fruit Juices,NAKED JUICE 为品牌名，保留英文。
sr_legacy_168215,sr_legacy,168215,绿大蕉（Plantain），生,"Plantains, green, raw",1.25,0.07,36.66,,,,,Fruits and Fruit Juices,Plantain 为大蕉/烹调用香蕉，保留英文方便搜索。
sr_legacy_168216,sr_legacy,168216,绿大蕉（Plantain），水煮,"Plantains, green, boiled",1.09,0.08,29.15,,,,,Fruits and Fruit Juices,Plantain 为大蕉/烹调用香蕉，保留英文方便搜索。
sr_legacy_168217,sr_legacy,168217,覆盆子浓缩汁,Raspberry juice concentrate,3.04,1.34,53.19,,,,,Fruits and Fruit Juices,
sr_legacy_168218,sr_legacy,168218,鲜猪可分离脂肪混合样本，添加保水液，熟,"Pork, fresh, composite of separable fat, with added solution, cooked",10.06,60.42,0.32,,,,,Pork Products,
sr_legacy_168219,sr_legacy,168219,鲜猪胴体，可分离瘦肉和脂肪，生,"Pork, fresh, carcass, separable lean and fat, raw",13.91,35.07,0,,,,,Pork Products,
sr_legacy_168220,sr_legacy,168220,鲜猪修整零售部位混合样本（后腿、腰脊和肩肉），仅可分离瘦肉，生,"Pork, fresh, composite of trimmed retail cuts (leg, loin, shoulder), separable lean only, raw",21.2,4.86,0,,,,,Pork Products,
sr_legacy_168221,sr_legacy,168221,鲜猪可分离脂肪，熟,"Pork, fresh, separable fat, cooked",7.06,66.1,0,,,,,Pork Products,
sr_legacy_168222,sr_legacy,168222,鲜猪后腿（火腿部位），整块，可分离瘦肉和脂肪，生,"Pork, fresh, leg (ham), whole, separable lean and fat, raw",17.43,18.87,0,,,,,Pork Products,
sr_legacy_168223,sr_legacy,168223,鲜猪后腿（火腿部位），整块，可分离瘦肉和脂肪，熟，烤制,"Pork, fresh, leg (ham), whole, separable lean and fat, cooked, roasted",26.83,17.61,0,,,,,Pork Products,
sr_legacy_168224,sr_legacy,168224,鲜猪后腿（火腿部位），整块，仅可分离瘦肉，生,"Pork, fresh, leg (ham), whole, separable lean only, raw",20.48,5.41,0,,,,,Pork Products,
sr_legacy_168225,sr_legacy,168225,鲜猪后腿（火腿部位），整块，仅可分离瘦肉，熟，烤制,"Pork, fresh, leg (ham), whole, separable lean only, cooked, roasted",29.41,9.44,0,,,,,Pork Products,
sr_legacy_168226,sr_legacy,168226,鲜猪后腿（火腿部位），小腿半块，可分离瘦肉和脂肪，生,"Pork, fresh, leg (ham), shank half, separable lean and fat, raw",19.87,11.96,0,,,,,Pork Products,
sr_legacy_168227,sr_legacy,168227,鲜猪后腿（火腿部位），小腿半块，可分离瘦肉和脂肪，熟，烤制,"Pork, fresh, leg (ham), shank half, separable lean and fat, cooked, roasted",25.96,13.42,0,,,,,Pork Products,
sr_legacy_168228,sr_legacy,168228,鲜猪后腿（火腿部位），小腿半块，仅可分离瘦肉，生,"Pork, fresh, leg (ham), shank half, separable lean only, raw",21.66,2.95,0,,,,,Pork Products,
sr_legacy_168229,sr_legacy,168229,鲜猪后腿（火腿部位），小腿半块，仅可分离瘦肉，熟，烤制,"Pork, fresh, leg (ham), shank half, separable lean only, cooked, roasted",28.69,5.83,0,,,,,Pork Products,
sr_legacy_168230,sr_legacy,168230,鲜猪整块腰脊肉，仅可分离瘦肉，生,"Pork, fresh, loin, whole, separable lean only, raw",21.43,5.66,0,,,,,Pork Products,
sr_legacy_168231,sr_legacy,168231,鲜猪整块腰脊肉，仅可分离瘦肉，熟，炖煮,"Pork, fresh, loin, whole, separable lean only, cooked, braised",28.57,9.12,0,,,,,Pork Products,
sr_legacy_168232,sr_legacy,168232,鲜猪整块腰脊肉，仅可分离瘦肉，熟，炙烤,"Pork, fresh, loin, whole, separable lean only, cooked, broiled",28.57,9.8,0,,,,,Pork Products,
sr_legacy_168233,sr_legacy,168233,鲜猪整块腰脊肉，仅可分离瘦肉，熟，烤制,"Pork, fresh, loin, whole, separable lean only, cooked, roasted",28.62,9.63,0,,,,,Pork Products,
sr_legacy_168234,sr_legacy,168234,鲜猪腰脊肩胛端猪排或烤肉块，带骨，仅可分离瘦肉，生,"Pork, fresh, loin, blade (chops or roasts), bone-in, separable lean only, raw",21.22,5.84,0,,,,,Pork Products,
sr_legacy_168235,sr_legacy,168235,鲜猪腰脊肩胛端猪排，带骨，仅可分离瘦肉，熟，炖煮,"Pork, fresh, loin, blade (chops), bone-in, separable lean only, cooked, braised",28.02,11.29,0,,,,,Pork Products,
sr_legacy_168236,sr_legacy,168236,鲜猪腰脊肩胛端猪排，带骨，仅可分离瘦肉，熟，炙烤,"Pork, fresh, loin, blade (chops), bone-in, separable lean only, cooked, broiled",24.99,9.56,0,,,,,Pork Products,
sr_legacy_168237,sr_legacy,168237,鲜猪腰脊肩胛端烤肉块，带骨，仅可分离瘦肉，熟，烤制,"Pork, fresh, loin, blade (roasts), bone-in, separable lean only, cooked, roasted",25.7,11.89,0,,,,,Pork Products,
sr_legacy_168238,sr_legacy,168238,鲜猪中段腰脊猪排，带骨，可分离瘦肉和脂肪，生,"Pork, fresh, loin, center loin (chops), bone-in, separable lean and fat, raw",20.71,9.03,0,,,,,Pork Products,
sr_legacy_168239,sr_legacy,168239,鲜猪中段腰脊猪排，带骨，仅可分离瘦肉，熟，炖煮,"Pork, fresh, loin, center loin (chops), bone-in, separable lean only, cooked, braised",30.2,7.86,0,,,,,Pork Products,
sr_legacy_168240,sr_legacy,168240,鲜猪中段腰脊猪排，带骨，仅可分离瘦肉，熟，炙烤,"Pork, fresh, loin, center loin (chops), bone-in, separable lean only, cooked, broiled",26.76,7.29,0,,,,,Pork Products,
sr_legacy_168241,sr_legacy,168241,鲜猪中段腰脊肉烤肉块，带骨，仅可分离瘦肉，熟，烤制,"Pork, fresh, loin, center loin (roasts), bone-in, separable lean only, cooked, roasted",28.58,7.95,0,,,,,Pork Products,
sr_legacy_168242,sr_legacy,168242,鲜猪腰脊中段肋部猪排或烤肉块，带骨，可分离瘦肉和脂肪，生,"Pork, fresh, loin, center rib (chops or roasts), bone-in, separable lean and fat, raw",20.28,11.04,0,,,,,Pork Products,
sr_legacy_168243,sr_legacy,168243,鲜猪腰脊中段肋部猪排，带骨，仅可分离瘦肉，熟，炖煮,"Pork, fresh, loin, center rib (chops), bone-in, separable lean only, cooked, braised",29.03,9.32,0,,,,,Pork Products,
sr_legacy_168244,sr_legacy,168244,鲜猪腰脊中段肋部猪排，带骨，仅可分离瘦肉，熟，炙烤,"Pork, fresh, loin, center rib (chops), bone-in, separable lean only, cooked, broiled",25.79,8.36,0,,,,,Pork Products,
sr_legacy_168245,sr_legacy,168245,鲜猪中段肋部腰脊肉烤肉块，带骨，仅可分离瘦肉，熟，烤制,"Pork, fresh, loin, center rib (roasts), bone-in, separable lean only, cooked, roasted",28.82,9.21,0,,,,,Pork Products,
sr_legacy_168246,sr_legacy,168246,鲜猪腰臀部猪排或烤肉块，带骨，可分离瘦肉和脂肪，生,"Pork, fresh, loin, sirloin (chops or roasts), bone-in, separable lean and fat, raw",20.48,8.96,0,,,,,Pork Products,
sr_legacy_168247,sr_legacy,168247,鲜猪腰臀部猪排，带骨，仅可分离瘦肉，熟，炙烤,"Pork, fresh, loin, sirloin (chops), bone-in, separable lean only, cooked, broiled",29.29,5.45,0,,,,,Pork Products,
sr_legacy_168248,sr_legacy,168248,鲜猪腰臀部烤肉块，带骨，仅可分离瘦肉，熟，烤制,"Pork, fresh, loin, sirloin (roasts), bone-in, separable lean only, cooked, roasted",27.78,9.44,0,,,,,Pork Products,
sr_legacy_168249,sr_legacy,168249,鲜猪里脊肉，仅可分离瘦肉，生,"Pork, fresh, loin, tenderloin, separable lean only, raw",20.95,2.17,0,,,,,Pork Products,
sr_legacy_168250,sr_legacy,168250,鲜猪里脊肉，仅可分离瘦肉，熟，烤制,"Pork, fresh, loin, tenderloin, separable lean only, cooked, roasted",26.17,3.51,0,,,,,Pork Products,
sr_legacy_168251,sr_legacy,168251,鲜猪上腰脊猪排，无骨，仅可分离瘦肉，生,"Pork, fresh, loin, top loin (chops), boneless, separable lean only, raw",22.41,3.42,0,,,,,Pork Products,
sr_legacy_168252,sr_legacy,168252,鲜猪上腰脊猪排，无骨，仅可分离瘦肉，熟，炖煮,"Pork, fresh, loin, top loin (chops), boneless, separable lean only, cooked, braised",30.54,4.34,0,,,,,Pork Products,
sr_legacy_168253,sr_legacy,168253,鲜猪上腰脊猪排，无骨，仅可分离瘦肉，熟，炙烤,"Pork, fresh, loin, top loin (chops), boneless, separable lean only, cooked, broiled",27.58,6.08,0,,,,,Pork Products,
sr_legacy_168254,sr_legacy,168254,鲜猪上腰脊烤肉块，无骨，仅可分离瘦肉，熟，烤制,"Pork, fresh, loin, top loin (roasts), boneless, separable lean only, cooked, roasted",27.23,6.28,0,,,,,Pork Products,
sr_legacy_168255,sr_legacy,168255,鲜猪前肩 Picnic 部位，可分离瘦肉和脂肪，生,"Pork, fresh, shoulder, arm picnic, separable lean and fat, raw",18.71,12.51,0,,,,,Pork Products,arm picnic 为美式前肩/前腿部位名，中文保留 Picnic 便于核对; Picnic 为猪前肩部位用语，保留英文便于核对
sr_legacy_168256,sr_legacy,168256,鲜猪前肩 Picnic 部位，可分离瘦肉和脂肪，熟，炖煮,"Pork, fresh, shoulder, arm picnic, separable lean and fat, cooked, braised",24.88,14.33,0,,,,,Pork Products,arm picnic 为美式前肩/前腿部位名，中文保留 Picnic 便于核对; Picnic 为猪前肩部位用语，保留英文便于核对
sr_legacy_168257,sr_legacy,168257,鲜猪前肩 Picnic 部位，可分离瘦肉和脂肪，熟，烤制,"Pork, fresh, shoulder, arm picnic, separable lean and fat, cooked, roasted",23.47,24.01,0,,,,,Pork Products,arm picnic 为美式前肩/前腿部位名，中文保留 Picnic 便于核对; Picnic 为猪前肩部位用语，保留英文便于核对
sr_legacy_168258,sr_legacy,168258,鲜猪前肩 Picnic 部位，仅可分离瘦肉，生,"Pork, fresh, shoulder, arm picnic, separable lean only, raw",20.26,3.77,0,,,,,Pork Products,arm picnic 为美式前肩/前腿部位名，中文保留 Picnic 便于核对; Picnic 为猪前肩部位用语，保留英文便于核对
sr_legacy_168259,sr_legacy,168259,鲜猪肩肉，肩胛部，Boston butt 烤肉块，可分离瘦肉和脂肪，熟，烤制,"Pork, fresh, shoulder, blade, boston (roasts), separable lean and fat, cooked, roasted",23.11,18.86,0,,,,,Pork Products,
sr_legacy_168260,sr_legacy,168260,鲜猪肩肉（Boston butt 肩胛上部），肩胛端肉排，仅可分离瘦肉，生,"Pork, fresh, shoulder, (Boston butt), blade (steaks), separable lean only, raw",18.73,5.71,0,,,,,Pork Products,Boston butt 为美式猪肩胛上部切法，保留英文便于核对
sr_legacy_168261,sr_legacy,168261,鲜猪肩肉（Boston butt 肩胛上部），肩胛端肉排，仅可分离瘦肉，熟，炖煮,"Pork, fresh, shoulder, (Boston butt), blade (steaks), separable lean only, cooked, braised",26.57,13.2,0,,,,,Pork Products,Boston butt 为美式猪肩胛上部切法，保留英文便于核对
sr_legacy_168262,sr_legacy,168262,鲜猪肩肉，肩胛部，Boston butt 肉排，仅可分离瘦肉，熟，炙烤,"Pork, fresh, shoulder, blade, boston (steaks), separable lean only, cooked, broiled",26.74,12.54,0,,,,,Pork Products,
sr_legacy_168263,sr_legacy,168263,鲜猪中段腰脊猪排，无骨，仅可分离瘦肉，生,"Pork, fresh, loin, center loin (chops), boneless, separable lean only, raw",23.75,3.09,0,,,,,Pork Products,
sr_legacy_168264,sr_legacy,168264,鲜猪脑，生,"Pork, fresh, variety meats and by-products, brain, raw",10.28,9.21,0,,,,,Pork Products,
sr_legacy_168265,sr_legacy,168265,鲜猪脑，熟，炖煮,"Pork, fresh, variety meats and by-products, brain, cooked, braised",12.14,9.51,0,,,,,Pork Products,
sr_legacy_168266,sr_legacy,168266,鲜猪肠，生,"Pork, fresh, variety meats and by-products, chitterlings, raw",7.64,16.61,0,,,,,Pork Products,
sr_legacy_168267,sr_legacy,168267,鲜猪心，生,"Pork, fresh, variety meats and by-products, heart, raw",17.27,4.36,1.33,,,,,Pork Products,
sr_legacy_168268,sr_legacy,168268,鲜猪心，熟，炖煮,"Pork, fresh, variety meats and by-products, heart, cooked, braised",23.6,5.05,0.4,,,,,Pork Products,
sr_legacy_168269,sr_legacy,168269,鲜猪颊肉，生,"Pork, fresh, variety meats and by-products, jowl, raw",6.38,69.61,0,,,,,Pork Products,
sr_legacy_168270,sr_legacy,168270,鲜猪肾，生,"Pork, fresh, variety meats and by-products, kidneys, raw",16.46,3.25,0,,,,,Pork Products,
sr_legacy_168271,sr_legacy,168271,鲜猪肺，熟，炖煮,"Pork, fresh, variety meats and by-products, lungs, cooked, braised",16.6,3.1,0,,,,,Pork Products,
sr_legacy_168272,sr_legacy,168272,鲜猪机械分离肉，生,"Pork, fresh, variety meats and by-products, mechanically separated, raw",15.03,26.54,0,,,,,Pork Products,
sr_legacy_168273,sr_legacy,168273,鲜猪胰脏，生,"Pork, fresh, variety meats and by-products, pancreas, raw",18.56,13.24,0,,,,,Pork Products,
sr_legacy_168274,sr_legacy,168274,鲜猪胰脏，熟，炖煮,"Pork, fresh, variety meats and by-products, pancreas, cooked, braised",28.5,10.8,0,,,,,Pork Products,
sr_legacy_168275,sr_legacy,168275,鲜猪舌，生,"Pork, fresh, variety meats and by-products, tongue, raw",16.3,17.2,0,,,,,Pork Products,
sr_legacy_168276,sr_legacy,168276,鲜猪舌，熟，炖煮,"Pork, fresh, variety meats and by-products, tongue, cooked, braised",24.1,18.6,0,,,,,Pork Products,
sr_legacy_168277,sr_legacy,168277,腌制培根，未烹调,"Pork, cured, bacon, unprepared",13.66,37.13,0,,,,,Pork Products,
sr_legacy_168278,sr_legacy,168278,腌制早餐肉条，生或未加热,"Pork, cured, breakfast strips, raw or unheated",11.74,37.16,0.7,,,,,Pork Products,
sr_legacy_168279,sr_legacy,168279,腌制火腿，特瘦（约4%脂肪），罐装，未加热,"Pork, cured, ham, extra lean (approximately 4% fat), canned, unheated",18.49,4.56,0,,,,,Pork Products,
sr_legacy_168280,sr_legacy,168280,腌制火腿，特瘦（约4%脂肪），罐装，烤制,"Pork, cured, ham, extra lean (approximately 4% fat), canned, roasted",21.16,4.88,0.52,,,,,Pork Products,
sr_legacy_168281,sr_legacy,168281,腌制火腿，普通型（约13%脂肪），罐装，烤制,"Pork, cured, ham, regular (approximately 13% fat), canned, roasted",20.53,15.2,0.42,,,,,Pork Products,
sr_legacy_168282,sr_legacy,168282,腌制火腿，中切片，乡村式，仅可分离瘦肉，生,"Pork, cured, ham, center slice, country-style, separable lean only, raw",27.8,8.32,0.3,,,,,Pork Products,
sr_legacy_168283,sr_legacy,168283,腌制火腿，中切片，可分离瘦肉和脂肪，未加热,"Pork, cured, ham, center slice, separable lean and fat, unheated",20.17,12.9,0.05,,,,,Pork Products,
sr_legacy_168284,sr_legacy,168284,腌制火腿，整块，仅可分离瘦肉，烤制,"Pork, cured, ham, whole, separable lean only, roasted",25.05,5.5,0,,,,,Pork Products,
sr_legacy_168285,sr_legacy,168285,鲜猪中段腰脊猪排，无骨，仅可分离瘦肉，熟，煎烤,"Pork, fresh, loin, center loin (chops), boneless, separable lean only, cooked, pan-broiled",30.02,4.65,0,,,,,Pork Products,
sr_legacy_168286,sr_legacy,168286,鲜猪中段腰脊猪排，无骨，可分离瘦肉和脂肪，生,"Pork, fresh, loin, center loin (chops), boneless, separable lean and fat, raw",21.14,12.96,0,,,,,Pork Products,
sr_legacy_168287,sr_legacy,168287,腌制咸猪肉，生,"Pork, cured, salt pork, raw",5.05,80.5,0,,,,,Pork Products,
sr_legacy_168288,sr_legacy,168288,腌制猪肩肉，肩胛卷肉，可分离瘦肉和脂肪，未加热,"Pork, cured, shoulder, blade roll, separable lean and fat, unheated",16.47,21.98,0,,,,,Pork Products,
sr_legacy_168289,sr_legacy,168289,腌制猪肩肉，肩胛卷肉，可分离瘦肉和脂肪，烤制,"Pork, cured, shoulder, blade roll, separable lean and fat, roasted",17.28,23.48,0.37,,,,,Pork Products,
sr_legacy_168290,sr_legacy,168290,鲜猪蹄，熟，炖煮,"Pork, fresh, variety meats and by-products, feet, cooked, simmered",21.94,16.05,0,,,,,Pork Products,
sr_legacy_168291,sr_legacy,168291,鲜猪尾，生,"Pork, fresh, variety meats and by-products, tail, raw",17.75,33.5,0,,,,,Pork Products,
sr_legacy_168292,sr_legacy,168292,鲜猪中段腰脊猪排，带骨，可分离瘦肉和脂肪，熟，煎制,"Pork, fresh, loin, center loin (chops), bone-in, separable lean and fat, cooked, pan-fried",27.63,13.32,0,,,,,Pork Products,
sr_legacy_168293,sr_legacy,168293,鲜猪腰脊中段肋部猪排，带骨，可分离瘦肉和脂肪，熟，煎制,"Pork, fresh, loin, center rib (chops), bone-in, separable lean and fat, cooked, pan-fried",26.81,15.71,0,,,,,Pork Products,
sr_legacy_168294,sr_legacy,168294,鲜猪上腰脊猪排，无骨，仅可分离瘦肉，熟，煎制,"Pork, fresh, loin, top loin (chops), boneless, separable lean only, cooked, pan-fried",30.46,4.62,0,,,,,Pork Products,
sr_legacy_168295,sr_legacy,168295,腌制火腿，无骨，特瘦与普通型混合，未加热,"Pork, cured, ham, boneless, extra lean and regular, unheated",18.26,8.39,2.28,,,,,Pork Products,
sr_legacy_168296,sr_legacy,168296,腌制火腿，无骨，特瘦与普通型混合，烤制,"Pork, cured, ham, boneless, extra lean and regular, roasted",21.97,7.66,0.5,,,,,Pork Products,
sr_legacy_168297,sr_legacy,168297,鲜猪修整零售部位混合样本（后腿、腰脊、肩肉和肋排），可分离瘦肉和脂肪，熟,"Pork, fresh, composite of trimmed retail cuts (leg, loin, shoulder, and spareribs), separable lean and fat, cooked",26.36,13.89,0,,,,,Pork Products,
sr_legacy_168298,sr_legacy,168298,鲜猪中段腰脊猪排，无骨，可分离瘦肉和脂肪，熟，煎烤,"Pork, fresh, loin, center loin (chops), boneless, separable lean and fat, cooked, pan-broiled",26.68,13.6,0,,,,,Pork Products,
sr_legacy_168299,sr_legacy,168299,鲜猪背肋排，可分离瘦肉和脂肪，生,"Pork, fresh, backribs, separable lean and fat, raw",19.07,16.33,0,,,,,Pork Products,
sr_legacy_168300,sr_legacy,168300,鲜猪背肋排，可分离瘦肉和脂肪，熟，烤制,"Pork, fresh, backribs, separable lean and fat, cooked, roasted",23.01,21.51,0,,,,,Pork Products,
sr_legacy_168301,sr_legacy,168301,鲜猪中段肋部腰脊肉烤肉块，无骨，可分离瘦肉和脂肪，熟，烤制,"Pork, fresh, loin, center rib (roasts), boneless, separable lean and fat, cooked, roasted",26.99,15.15,0,,,,,Pork Products,
sr_legacy_168302,sr_legacy,168302,鲜猪腰脊中段肋部猪排或烤肉块，无骨，仅可分离瘦肉，生,"Pork, fresh, loin, center rib (chops or roasts), boneless, separable lean only, raw",21.8,6.48,0,,,,,Pork Products,
sr_legacy_168303,sr_legacy,168303,鲜猪腰脊中段肋部猪排，无骨，仅可分离瘦肉，熟，炖煮,"Pork, fresh, loin, center rib (chops), boneless, separable lean only, cooked, braised",27.95,10.14,0,,,,,Pork Products,
sr_legacy_168304,sr_legacy,168304,鲜猪腰脊中段肋部猪排，无骨，仅可分离瘦肉，熟，炙烤,"Pork, fresh, loin, center rib (chops), boneless, separable lean only, cooked, broiled",29.46,10.05,0,,,,,Pork Products,
sr_legacy_168305,sr_legacy,168305,鲜猪腰脊乡村式肋排，仅可分离瘦肉，生,"Pork, fresh, loin, country-style ribs, separable lean only, raw",20.76,5.64,0,,,,,Pork Products,
sr_legacy_168306,sr_legacy,168306,鲜猪腰脊乡村式肋排，仅可分离瘦肉，熟，炖煮,"Pork, fresh, loin, country-style ribs, separable lean only, cooked, braised",27.74,14.26,0,,,,,Pork Products,
sr_legacy_168307,sr_legacy,168307,鲜猪腰脊乡村式肋排，仅可分离瘦肉，带骨，熟，烤制,"Pork, fresh, loin, country-style ribs, separable lean only, bone-in, cooked, roasted",29.2,11.38,0,,,,,Pork Products,
sr_legacy_168308,sr_legacy,168308,鲜猪腰臀部猪排或烤肉块，无骨，可分离瘦肉和脂肪，生,"Pork, fresh, loin, sirloin (chops or roasts), boneless, separable lean and fat, raw",22.49,4.05,0,,,,,Pork Products,
sr_legacy_168309,sr_legacy,168309,鲜猪腰臀部猪排，无骨，仅可分离瘦肉，熟，炖煮,"Pork, fresh, loin, sirloin (chops), boneless, separable lean only, cooked, braised",28.75,4.5,0,,,,,Pork Products,
sr_legacy_168310,sr_legacy,168310,鲜猪腰臀部猪排，无骨，仅可分离瘦肉，熟，炙烤,"Pork, fresh, loin, sirloin (chops), boneless, separable lean only, cooked, broiled",28.6,4.36,0,,,,,Pork Products,
sr_legacy_168311,sr_legacy,168311,鲜猪腰臀部烤肉块，无骨，仅可分离瘦肉，熟，烤制,"Pork, fresh, loin, sirloin (roasts), boneless, separable lean only, cooked, roasted",30.39,5.31,0,,,,,Pork Products,
sr_legacy_168312,sr_legacy,168312,鲜猪里脊肉，可分离瘦肉和脂肪，生,"Pork, fresh, loin, tenderloin, separable lean and fat, raw",20.65,3.53,0,,,,,Pork Products,
sr_legacy_168313,sr_legacy,168313,鲜猪里脊肉，仅可分离瘦肉，熟，炙烤,"Pork, fresh, loin, tenderloin, separable lean only, cooked, broiled",30.42,6.33,0,,,,,Pork Products,
sr_legacy_168314,sr_legacy,168314,鲜猪上腰脊烤肉块，无骨，可分离瘦肉和脂肪，生,"Pork, fresh, loin, top loin (roasts), boneless, separable lean and fat, raw",21.34,8.33,0,,,,,Pork Products,
sr_legacy_168315,sr_legacy,168315,鲜猪上腰脊烤肉块，无骨，仅可分离瘦肉，生,"Pork, fresh, loin, top loin (roasts), boneless, separable lean only, raw",22.39,4.06,0,,,,,Pork Products,
sr_legacy_168316,sr_legacy,168316,鲜猪修整零售部位混合样本（腰脊和肩胛），可分离瘦肉和脂肪，生,"Pork, fresh, composite of trimmed retail cuts (loin and shoulder blade), separable lean and fat, raw",20.08,10.14,0,,,,,Pork Products,
sr_legacy_168317,sr_legacy,168317,HORMEL ALWAYS TENDER 猪里脊肉，黑胡椒味,"HORMEL ALWAYS TENDER, Pork Tenderloin, Peppercorn-Flavored",17.21,3.8,1.82,,,,,Pork Products,品牌名 HORMEL ALWAYS TENDER 保留英文
sr_legacy_168318,sr_legacy,168318,HORMEL ALWAYS TENDER 猪腰脊肉片，柠檬蒜香味,"HORMEL ALWAYS TENDER, Pork Loin Filets, Lemon Garlic-Flavored",17.83,4.16,1.79,,,,,Pork Products,品牌名 HORMEL ALWAYS TENDER 保留英文
sr_legacy_168319,sr_legacy,168319,HORMEL ALWAYS TENDER 鲜猪排，中切,"HORMEL ALWAYS TENDER, Center Cut Chops, Fresh Pork",18.74,9.62,0.84,,,,,Pork Products,品牌名 HORMEL ALWAYS TENDER 保留英文
sr_legacy_168320,sr_legacy,168320,HORMEL ALWAYS TENDER 鲜猪腰脊肉，无骨,"HORMEL ALWAYS TENDER, Boneless Pork Loin, Fresh Pork",19.02,7.18,0.76,,,,,Pork Products,品牌名 HORMEL ALWAYS TENDER 保留英文
sr_legacy_168321,sr_legacy,168321,腌制培根，熟，微波加热,"Pork, cured, bacon, cooked, microwaved",39.01,34.12,0.48,,,,,Pork Products,
sr_legacy_168322,sr_legacy,168322,腌制培根，预切片，熟，煎制,"Pork, cured, bacon, pre-sliced, cooked, pan-fried",33.92,35.09,1.7,,,,,Pork Products,
sr_legacy_168323,sr_legacy,168323,鲜猪胃，熟，炖煮,"Pork, fresh, variety meats and by-products, stomach, cooked, simmered",21.4,7.26,0.09,,,,,Pork Products,
sr_legacy_168324,sr_legacy,168324,猪肉培根熬出脂肪，熟,"Pork, bacon, rendered fat, cooked",0.07,99.5,0,,,,,Pork Products,
sr_legacy_168325,sr_legacy,168325,腌制火腿加水制品，切片，带骨，仅可分离瘦肉，加热，煎烤,"Pork, cured, ham and water product, slice, bone-in, separable lean only, heated, pan-broil",20.9,3.63,1.35,,,,,Pork Products,
sr_legacy_168326,sr_legacy,168326,腌制火腿加水制品，切片，无骨，仅可分离瘦肉，加热，煎烤,"Pork, cured, ham and water product, slice, boneless, separable lean only, heated, pan-broil",15.09,5.06,4.69,,,,,Pork Products,
sr_legacy_168327,sr_legacy,168327,腌制火腿加水制品，整块，无骨，仅可分离瘦肉，加热，烤制,"Pork, cured, ham and water product, whole, boneless, separable lean only, heated, roasted",13.88,5.46,4.61,,,,,Pork Products,
sr_legacy_168328,sr_legacy,168328,腌制火腿加水制品，整块，无骨，仅可分离瘦肉，未加热,"Pork, cured, ham and water product, whole, boneless, separable lean only, unheated",14.07,4.86,4.22,,,,,Pork Products,
sr_legacy_168329,sr_legacy,168329,腌制火腿，加水，切片，无骨，仅可分离瘦肉，加热，煎烤,"Pork, cured, ham -- water added, slice, boneless, separable lean only, heated, pan-broil",18.82,4.09,1.75,,,,,Pork Products,
sr_legacy_168330,sr_legacy,168330,腌制含天然肉汁火腿，切片，带骨，仅可分离瘦肉，加热，煎烤,"Pork, cured, ham with natural juices, slice, bone-in, separable lean only, heated, pan-broil",27.75,4.38,0,,,,,Pork Products,
sr_legacy_168331,sr_legacy,168331,腌制含天然肉汁火腿，螺旋切片，仅肉，无骨，仅可分离瘦肉，加热，烤制,"Pork, cured, ham with natural juices, spiral slice, meat only, boneless, separable lean only, heated, roasted",22.56,3.78,1.08,,,,,Pork Products,
sr_legacy_168332,sr_legacy,168332,腌制火腿加水制品，臀部，带骨，仅可分离瘦肉，加热，烤制,"Pork, cured, ham and water product, rump, bone-in, separable lean only, heated, roasted",21.28,4.7,1.15,,,,,Pork Products,
sr_legacy_168333,sr_legacy,168333,腌制含天然肉汁火腿，切片，无骨，仅可分离瘦肉，加热，煎烤,"Pork, cured, ham with natural juices, slice, boneless, separable lean only, heated, pan-broil",20.95,3.16,1.05,,,,,Pork Products,
sr_legacy_168334,sr_legacy,168334,腌制含天然肉汁火腿，整块，无骨，仅可分离瘦肉，加热，烤制,"Pork, cured, ham with natural juices, whole, boneless, separable lean only, heated, roasted",20.57,3.01,0.84,,,,,Pork Products,
sr_legacy_168335,sr_legacy,168335,腌制含天然肉汁火腿，整块，无骨，仅可分离瘦肉，未加热,"Pork, cured, ham with natural juices, whole, boneless, separable lean only, unheated",19.44,3.21,1.03,,,,,Pork Products,
sr_legacy_168336,sr_legacy,168336,腌制火腿，加水，小腿部，带骨，仅可分离瘦肉，未加热,"Pork, cured, ham -- water added, shank, bone-in, separable lean only, unheated",18.65,1.87,0.71,,,,,Pork Products,
sr_legacy_168337,sr_legacy,168337,腌制含天然肉汁火腿，臀部，带骨，仅可分离瘦肉，未加热,"Pork, cured, ham with natural juices, rump, bone-in, separable lean only, unheated",22.71,3.47,0.43,,,,,Pork Products,
sr_legacy_168338,sr_legacy,168338,腌制含天然肉汁火腿，小腿部，带骨，仅可分离瘦肉，未加热,"Pork, cured, ham with natural juices, shank, bone-in, separable lean only, unheated",25.11,3.33,0.3,,,,,Pork Products,
sr_legacy_168339,sr_legacy,168339,腌制含天然肉汁火腿，切片，带骨，仅可分离瘦肉，未加热,"Pork, cured, ham with natural juices, slice, bone-in, separable lean only, unheated",24.34,2.87,0,,,,,Pork Products,
sr_legacy_168340,sr_legacy,168340,腌制含天然肉汁火腿，螺旋切片，无骨，仅可分离瘦肉，未加热,"Pork, cured, ham with natural juices, spiral slice, boneless, separable lean only, unheated",19.25,3.26,1.22,,,,,Pork Products,
sr_legacy_168341,sr_legacy,168341,腌制含天然肉汁火腿，螺旋切片，无骨，可分离瘦肉和脂肪，未加热,"Pork, cured, ham with natural juices, spiral slice, boneless, separable lean and fat, unheated",18.66,5.75,1.18,,,,,Pork Products,
sr_legacy_168342,sr_legacy,168342,腌制含天然肉汁火腿，切片，带骨，可分离瘦肉和脂肪，未加热,"Pork, cured, ham with natural juices, slice, bone-in, separable lean and fat, unheated",22.82,7.4,0.17,,,,,Pork Products,
sr_legacy_168343,sr_legacy,168343,腌制含天然肉汁火腿，小腿部，带骨，可分离瘦肉和脂肪，未加热,"Pork, cured, ham with natural juices, shank, bone-in, separable lean and fat, unheated",22.35,11.11,0.32,,,,,Pork Products,
sr_legacy_168344,sr_legacy,168344,腌制含天然肉汁火腿，臀部，带骨，可分离瘦肉和脂肪，未加热,"Pork, cured, ham with natural juices, rump, bone-in, separable lean and fat, unheated",19.7,13.26,0.43,,,,,Pork Products,
sr_legacy_168345,sr_legacy,168345,腌制火腿，加水，整块，无骨，可分离瘦肉和脂肪，未加热,"Pork, cured, ham -- water added, whole, boneless, separable lean and fat, unheated",17.06,5.38,1.42,,,,,Pork Products,
sr_legacy_168346,sr_legacy,168346,腌制火腿，加水，切片，带骨，可分离瘦肉和脂肪，未加热,"Pork, cured, ham -- water added, slice, bone-in, separable lean and fat, unheated",15.73,10.77,1.1,,,,,Pork Products,
sr_legacy_168347,sr_legacy,168347,腌制火腿，加水，小腿部，带骨，可分离瘦肉和脂肪，未加热,"Pork, cured, ham -- water added, shank, bone-in, separable lean and fat, unheated",16.65,11.02,0.66,,,,,Pork Products,
sr_legacy_168348,sr_legacy,168348,腌制火腿，加水，臀部，带骨，可分离瘦肉和脂肪，未加热,"Pork, cured, ham -- water added, rump, bone-in, separable lean and fat, unheated",13.99,12.5,0.8,,,,,Pork Products,
sr_legacy_168349,sr_legacy,168349,腌制火腿，加水，整块，无骨，可分离瘦肉和脂肪，加热，烤制,"Pork, cured, ham -- water added, whole, boneless, separable lean and fat, heated, roasted",17.77,5.48,1.54,,,,,Pork Products,
sr_legacy_168350,sr_legacy,168350,腌制火腿加水制品，臀部，带骨，可分离瘦肉和脂肪，加热，烤制,"Pork, cured, ham and water product, rump, bone-in, separable lean and fat, heated, roasted",19.46,11.48,1.15,,,,,Pork Products,
sr_legacy_168351,sr_legacy,168351,腌制火腿加水制品，小腿部，带骨，可分离瘦肉和脂肪，加热，烤制,"Pork, cured, ham and water product, shank, bone-in, separable lean and fat, heated, roasted",18.17,17.29,1.42,,,,,Pork Products,
sr_legacy_168352,sr_legacy,168352,腌制火腿加水制品，切片，带骨，可分离瘦肉和脂肪，加热，煎烤,"Pork, cured, ham and water product, slice, bone-in, separable lean and fat, heated, pan-broil",19.85,7.78,1.41,,,,,Pork Products,
sr_legacy_168353,sr_legacy,168353,腌制含天然肉汁火腿，切片，无骨，可分离瘦肉和脂肪，加热，煎烤,"Pork, cured, ham with natural juices, slice, boneless, separable lean and fat, heated, pan-broil",20.89,3.4,1.04,,,,,Pork Products,
sr_legacy_168354,sr_legacy,168354,腌制含天然肉汁火腿，螺旋切片，无骨，可分离瘦肉和脂肪，加热，烤制,"Pork, cured, ham with natural juices, spiral slice, boneless, separable lean and fat, heated, roasted",22.18,5.1,1.06,,,,,Pork Products,
sr_legacy_168355,sr_legacy,168355,腌制含天然肉汁火腿，整块，无骨，可分离瘦肉和脂肪，加热，烤制,"Pork, cured, ham with natural juices, whole, boneless, separable lean and fat, heated, roasted",20.54,3.13,0.84,,,,,Pork Products,
sr_legacy_168356,sr_legacy,168356,腌制火腿，臀部，带骨，可分离瘦肉和脂肪，加热，烤制,"Pork, cured, ham, rump, bone-in, separable lean and fat, heated, roasted",23.95,8.88,0.64,,,,,Pork Products,
sr_legacy_168357,sr_legacy,168357,腌制火腿，小腿部，带骨，可分离瘦肉和脂肪，加热，烤制,"Pork, cured, ham, shank, bone-in, separable lean and fat, heated, roasted",24.39,9.35,0.64,,,,,Pork Products,
sr_legacy_168358,sr_legacy,168358,腌制火腿，小腿部，带骨，可分离瘦肉和脂肪，未加热,"Pork, cured, ham, shank, bone-in, separable lean and fat, unheated",21.61,9.85,0.41,,,,,Pork Products,
sr_legacy_168359,sr_legacy,168359,腌制火腿，切片，带骨，可分离瘦肉和脂肪，加热，煎烤,"Pork, cured, ham, slice, bone-in, separable lean and fat, heated, pan-broil",25.48,8.48,0.7,,,,,Pork Products,
sr_legacy_168360,sr_legacy,168360,腌制火腿，切片，带骨，仅可分离瘦肉，未加热,"Pork, cured, ham, slice, bone-in, separable lean only, unheated",24.36,3.59,0,,,,,Pork Products,
sr_legacy_168361,sr_legacy,168361,鲜调理保水猪里脊肉，仅可分离瘦肉，生,"Pork, fresh, enhanced, loin, tenderloin, separable lean only, raw",20.39,2.09,0,,,,,Pork Products,
sr_legacy_168362,sr_legacy,168362,鲜猪肩肉（Boston butt 肩胛上部），肩胛端肉排，仅可分离瘦肉，添加保水液，熟，炖煮,"Pork, fresh, shoulder, (Boston butt), blade (steaks), separable lean only, with added solution cooked, braised",27.58,12.14,0,,,,,Pork Products,Boston butt 为美式猪肩胛上部切法，保留英文便于核对
sr_legacy_168363,sr_legacy,168363,鲜猪肩肉（Boston butt 肩胛上部），肩胛端肉排，仅可分离瘦肉，添加保水液，生,"Pork, fresh, shoulder, (Boston butt), blade (steaks), separable lean only, with added solution, raw",18.29,5.36,0.18,,,,,Pork Products,Boston butt 为美式猪肩胛上部切法，保留英文便于核对
sr_legacy_168364,sr_legacy,168364,鲜猪上腰脊猪排，无骨，仅可分离瘦肉，添加保水液，熟，炙烤,"Pork, fresh, loin, top loin (chops), boneless, separable lean only, with added solution, cooked, broiled",29.65,5.73,0,,,,,Pork Products,
sr_legacy_168365,sr_legacy,168365,鲜猪肩肉（Boston butt 肩胛上部），肩胛端肉排，可分离瘦肉和脂肪，添加保水液，生,"Pork, fresh, shoulder, (Boston butt), blade (steaks), separable lean and fat,with added solution, raw",17.19,11.12,0.16,,,,,Pork Products,Boston butt 为美式猪肩胛上部切法，保留英文便于核对
sr_legacy_168366,sr_legacy,168366,鲜猪肩肉（Boston butt 肩胛上部），肩胛端肉排，可分离瘦肉和脂肪，添加保水液，熟，炖煮,"Pork, fresh, shoulder, (Boston butt), blade (steaks), separable lean and fat, with added solution, cooked, braised",25.84,16.94,0.03,,,,,Pork Products,Boston butt 为美式猪肩胛上部切法，保留英文便于核对
sr_legacy_168367,sr_legacy,168367,腌制火腿，臀部，带骨，可分离瘦肉和脂肪，未加热,"Pork, cured, ham, rump, bone-in, separable lean and fat, unheated",22.27,9.38,0.52,,,,,Pork Products,
sr_legacy_168368,sr_legacy,168368,猪腰脊肉，后腿上盖肉排，无骨，可分离瘦肉和脂肪，熟，炙烤,"Pork, loin, leg cap steak, boneless, separable lean and fat, cooked, broiled",27.57,4.41,0,,,,,Pork Products,
sr_legacy_168369,sr_legacy,168369,猪肩小嫩肉，无骨，可分离瘦肉和脂肪，生,"Pork, Shoulder petite tender, boneless, separable lean and fat, raw",21.65,3.91,0,,,,,Pork Products,
sr_legacy_168370,sr_legacy,168370,猪后腿沙朗尖烤肉块，无骨，可分离瘦肉和脂肪，熟，炖煮,"Pork, Leg sirloin tip roast, boneless, separable lean and fat, cooked, braised",31.11,2.56,0,,,,,Pork Products,
sr_legacy_168371,sr_legacy,168371,猪后腿沙朗尖烤肉块，无骨，可分离瘦肉和脂肪，生,"Pork, Leg sirloin tip roast, boneless, separable lean and fat, raw",22.88,1.71,0,,,,,Pork Products,
sr_legacy_168372,sr_legacy,168372,猪肉末，84%瘦肉/16%脂肪，生,"Pork, ground, 84% lean / 16% fat, raw",17.99,16,0.44,,,,,Pork Products,
sr_legacy_168373,sr_legacy,168373,猪肉末，72%瘦肉/28%脂肪，熟，煎烤,"Pork, ground, 72% lean / 28% fat, cooked, pan-broiled",22.59,31.42,1.08,,,,,Pork Products,
sr_legacy_168374,sr_legacy,168374,猪肉末，84%瘦肉/16%脂肪，熟，煎烤,"Pork, ground, 84% lean / 16% fat, cooked, pan-broiled",27.14,21.39,0,,,,,Pork Products,
sr_legacy_168375,sr_legacy,168375,猪肉末，96%瘦肉/4%脂肪，熟，煎烤,"Pork, ground, 96% lean / 4% fat, cooked, pan-broiled",31.69,6.2,0.57,,,,,Pork Products,
sr_legacy_168376,sr_legacy,168376,鲜猪腰脊背肋排，带骨，仅瘦肉，生,"Pork loin, fresh, backribs, bone-in, raw, lean only",20.85,9.84,0,,,,,Pork Products,
sr_legacy_168377,sr_legacy,168377,鲜猪腰脊背肋排，带骨，仅瘦肉，熟，烤制,"Pork loin, fresh, backribs, bone-in, cooked-roasted, lean only",24.15,17.65,0,,,,,Pork Products,
sr_legacy_168378,sr_legacy,168378,鲜猪腰脊乡村式肋排，仅可分离瘦肉，带骨，熟，炙烤,"Pork, fresh, loin, country-style ribs, separable lean only, bone-in, cooked, broiled",27.83,11.65,0,,,,,Pork Products,
sr_legacy_168379,sr_legacy,168379,鲜猪腰脊乡村式肋排，仅可分离瘦肉，无骨，熟，烤制,"Pork, fresh, loin, country-style ribs, separable lean only, boneless, cooked, roasted",29.2,11.38,0,,,,,Pork Products,
sr_legacy_168380,sr_legacy,168380,鲜猪肩胛部，猪排，无骨，可分离瘦肉和脂肪，熟，炙烤,"Pork, fresh, blade, (chops), boneless, separable lean and fat, cooked, broiled",24.73,11.13,0.83,,,,,Pork Products,
sr_legacy_168381,sr_legacy,168381,鲜猪腰脊肩胛端猪排或烤肉块，无骨，可分离瘦肉和脂肪，生,"Pork, fresh, loin, blade (chops or roasts), boneless, separable lean and fat only, raw",20.54,7.94,0.76,,,,,Pork Products,
sr_legacy_168382,sr_legacy,168382,培根，预切片，低钠，未烹调,"Bacon, pre-sliced, reduced/low sodium, unprepared",12.53,39.27,0.83,,,,,Pork Products,
sr_legacy_168383,sr_legacy,168383,加拿大培根，熟，煎制,"Canadian bacon, cooked, pan-fried",28.31,2.78,1.8,,,,,Pork Products,
sr_legacy_168384,sr_legacy,168384,苜蓿芽，生,"Alfalfa seeds, sprouted, raw",3.99,0.69,2.1,,,,,Vegetables and Vegetable Products,
sr_legacy_168385,sr_legacy,168385,苋菜叶，生,"Amaranth leaves, raw",2.46,0.33,4.02,,,,,Vegetables and Vegetable Products,
sr_legacy_168386,sr_legacy,168386,洋蓟，熟，水煮，沥干，不加盐,"Artichokes, (globe or french), cooked, boiled, drained, without salt",2.89,0.34,11.95,,,,,Vegetables and Vegetable Products,
sr_legacy_168387,sr_legacy,168387,洋蓟，冷冻，未烹调,"Artichokes, (globe or french), frozen, unprepared",2.63,0.43,7.75,,,,,Vegetables and Vegetable Products,
sr_legacy_168388,sr_legacy,168388,洋蓟，冷冻，熟，水煮，沥干，不加盐,"Artichokes, (globe or french), frozen, cooked, boiled, drained, without salt",3.11,0.5,9.18,,,,,Vegetables and Vegetable Products,
sr_legacy_168389,sr_legacy,168389,芦笋，生,"Asparagus, raw",2.2,0.12,3.88,,,,,Vegetables and Vegetable Products,
sr_legacy_168390,sr_legacy,168390,芦笋，熟，水煮，沥干,"Asparagus, cooked, boiled, drained",2.4,0.22,4.11,,,,,Vegetables and Vegetable Products,
sr_legacy_168391,sr_legacy,168391,苦瓜嫩叶，生,"Balsam-pear (bitter gourd), leafy tips, raw",5.3,0.69,3.29,,,,,Vegetables and Vegetable Products,balsam-pear 按苦瓜处理
sr_legacy_168392,sr_legacy,168392,苦瓜嫩叶，熟，水煮，沥干，不加盐,"Balsam-pear (bitter gourd), leafy tips, cooked, boiled, drained, without salt",3.6,0.2,6.68,,,,,Vegetables and Vegetable Products,balsam-pear 按苦瓜处理
sr_legacy_168393,sr_legacy,168393,苦瓜，生,"Balsam-pear (bitter gourd), pods, raw",1.0,0.17,3.7,,,,,Vegetables and Vegetable Products,balsam-pear 按苦瓜处理
sr_legacy_168394,sr_legacy,168394,苦瓜，熟，水煮，沥干，不加盐,"Balsam-pear (bitter gourd), pods, cooked, boiled, drained, without salt",0.84,0.18,4.32,,,,,Vegetables and Vegetable Products,balsam-pear 按苦瓜处理
sr_legacy_168395,sr_legacy,168395,腰豆芽，熟，水煮，沥干，不加盐,"Beans, kidney, mature seeds, sprouted, cooked, boiled, drained, without salt",4.83,0.58,4.72,,,,,Vegetables and Vegetable Products,
sr_legacy_168396,sr_legacy,168396,嫩利马豆，生,"Lima beans, immature seeds, raw",6.84,0.86,20.17,,,,,Vegetables and Vegetable Products,
sr_legacy_168397,sr_legacy,168397,黄甜玉米，罐装，沥干固形物，自来水冲洗,"Corn, sweet, yellow, canned, drained solids, rinsed with tap water",2.18,1.43,13.02,,,,,Vegetables and Vegetable Products,
sr_legacy_168398,sr_legacy,168398,黄甜玉米，冷冻，脱粒，未烹调,"Corn, sweet, yellow, frozen, kernels cut off cob, unprepared (Includes foods for USDA's Food Distribution Program)",3.02,0.78,20.71,,,,,Vegetables and Vegetable Products,原名包含USDA食品分发项目说明，中文名中已省略
sr_legacy_168399,sr_legacy,168399,黄甜玉米，冷冻，水煮，沥干，不加盐，脱粒,"Corn, sweet, yellow, frozen, kernels cut off cob, boiled, drained, without salt",2.55,0.67,19.3,,,,,Vegetables and Vegetable Products,
sr_legacy_168400,sr_legacy,168400,黄甜玉米，冷冻，带芯，未烹调,"Corn, sweet, yellow, frozen, kernels on cob, unprepared",3.28,0.78,23.5,,,,,Vegetables and Vegetable Products,
sr_legacy_168401,sr_legacy,168401,黄甜玉米，冷冻，熟，水煮，沥干，不加盐，带芯,"Corn, sweet, yellow, frozen, kernels on cob, cooked, boiled, drained, without salt",3.11,0.74,22.33,,,,,Vegetables and Vegetable Products,
sr_legacy_168402,sr_legacy,168402,嫩黑眼豆，熟，水煮，沥干，不加盐,"Cowpeas (blackeyes), immature seeds, cooked, boiled, drained, without salt",3.17,0.38,20.32,,,,,Vegetables and Vegetable Products,cowpeas 按豇豆/黑眼豆语境处理
sr_legacy_168403,sr_legacy,168403,嫩黑眼豆，冷冻，未烹调,"Cowpeas (blackeyes), immature seeds, frozen, unprepared",8.98,0.7,25.13,,,,,Vegetables and Vegetable Products,cowpeas 按豇豆/黑眼豆语境处理
sr_legacy_168404,sr_legacy,168404,嫩黑眼豆，冷冻，熟，水煮，沥干，不加盐,"Cowpeas (blackeyes), immature seeds, frozen, cooked, boiled, drained, without salt",8.49,0.66,23.76,,,,,Vegetables and Vegetable Products,cowpeas 按豇豆/黑眼豆语境处理
sr_legacy_168405,sr_legacy,168405,豇豆嫩荚带籽，生,"Cowpeas, young pods with seeds, raw",3.3,0.3,9.5,,,,,Vegetables and Vegetable Products,cowpeas 按豇豆/黑眼豆语境处理
sr_legacy_168406,sr_legacy,168406,豇豆嫩叶，熟，水煮，沥干，不加盐,"Cowpeas, leafy tips, cooked, boiled, drained, without salt",4.67,0.1,2.8,,,,,Vegetables and Vegetable Products,cowpeas 按豇豆/黑眼豆语境处理
sr_legacy_168407,sr_legacy,168407,园水芹（garden cress），生,"Cress, garden, raw",2.6,0.7,5.5,,,,,Vegetables and Vegetable Products,
sr_legacy_168408,sr_legacy,168408,园水芹（garden cress），熟，水煮，沥干，不加盐,"Cress, garden, cooked, boiled, drained, without salt",1.9,0.6,3.8,,,,,Vegetables and Vegetable Products,
sr_legacy_168409,sr_legacy,168409,黄瓜，带皮，生,"Cucumber, with peel, raw",0.65,0.11,3.63,,,,,Vegetables and Vegetable Products,保留去皮/带皮信息，方便搜索和营养区分
sr_legacy_168410,sr_legacy,168410,毛豆，冷冻，未烹调,"Edamame, frozen, unprepared",11.22,4.73,7.61,,,,,Vegetables and Vegetable Products,
sr_legacy_168411,sr_legacy,168411,毛豆，冷冻，已制备,"Edamame, frozen, prepared",11.91,5.2,8.91,,,,,Vegetables and Vegetable Products,
sr_legacy_168412,sr_legacy,168412,苦苣，生,"Endive, raw",1.25,0.2,3.35,,,,,Vegetables and Vegetable Products,
sr_legacy_168413,sr_legacy,168413,阔叶苦苣，熟，水煮，沥干，无添加盐,"Escarole, cooked, boiled, drained, no salt added",1.15,0.18,3.07,,,,,Vegetables and Vegetable Products,
sr_legacy_168414,sr_legacy,168414,丝瓜，生,"Gourd, dishcloth (towelgourd), raw",1.2,0.2,4.35,,,,,Vegetables and Vegetable Products,
sr_legacy_168415,sr_legacy,168415,丝瓜，熟，水煮，沥干，不加盐,"Gourd, dishcloth (towelgourd), cooked, boiled, drained, without salt",0.66,0.34,14.34,,,,,Vegetables and Vegetable Products,
sr_legacy_168416,sr_legacy,168416,辣木叶，生,"Drumstick leaves, raw",9.4,1.4,8.28,,,,,Vegetables and Vegetable Products,
sr_legacy_168417,sr_legacy,168417,辣木叶，熟，水煮，沥干，不加盐,"Drumstick leaves, cooked, boiled, drained, without salt",5.27,0.93,11.15,,,,,Vegetables and Vegetable Products,
sr_legacy_168418,sr_legacy,168418,Pepeao（夏威夷木耳），干,"Pepeao, dried",4.82,0.44,81.03,,,,,Vegetables and Vegetable Products,Pepeao 为夏威夷常见的木耳类食材，保留英文便于核对
sr_legacy_168419,sr_legacy,168419,黄麻叶，生,"Jute, potherb, raw",4.65,0.25,5.8,,,,,Vegetables and Vegetable Products,少见食材，中文名按常见译名处理，保留英文/别名便于核对
sr_legacy_168420,sr_legacy,168420,黄麻叶，熟，水煮，沥干，不加盐,"Jute, potherb, cooked, boiled, drained, without salt",3.68,0.2,7.29,,,,,Vegetables and Vegetable Products,少见食材，中文名按常见译名处理，保留英文/别名便于核对
sr_legacy_168421,sr_legacy,168421,羽衣甘蓝，生,"Kale, raw",2.92,1.49,4.42,,,,,Vegetables and Vegetable Products,
sr_legacy_168422,sr_legacy,168422,鸡油菌，生,"Mushrooms, Chanterelle, raw",1.49,0.53,6.86,,,,,Vegetables and Vegetable Products,
sr_legacy_168423,sr_legacy,168423,羊肚菌，生,"Mushrooms, morel, raw",3.12,0.57,5.1,,,,,Vegetables and Vegetable Products,
sr_legacy_168424,sr_legacy,168424,苤蓝，生,"Kohlrabi, raw",1.7,0.1,6.2,,,,,Vegetables and Vegetable Products,
sr_legacy_168425,sr_legacy,168425,苤蓝，熟，水煮，沥干，不加盐,"Kohlrabi, cooked, boiled, drained, without salt",1.8,0.11,6.69,,,,,Vegetables and Vegetable Products,
sr_legacy_168426,sr_legacy,168426,韭葱，熟，水煮，沥干，不加盐,"Leeks, (bulb and lower leaf-portion), cooked, boiled, drained, without salt",0.81,0.2,7.62,,,,,Vegetables and Vegetable Products,
sr_legacy_168427,sr_legacy,168427,扁豆芽，生,"Lentils, sprouted, raw",8.96,0.55,22.14,,,,,Vegetables and Vegetable Products,
sr_legacy_168428,sr_legacy,168428,扁豆芽，熟，炒，不加盐,"Lentils, sprouted, cooked, stir-fried, without salt",8.8,0.45,21.25,,,,,Vegetables and Vegetable Products,
sr_legacy_168429,sr_legacy,168429,奶油生菜，生,"Lettuce, butterhead (includes boston and bibb types), raw",1.35,0.22,2.23,,,,,Vegetables and Vegetable Products,
sr_legacy_168430,sr_legacy,168430,莲藕，熟，水煮，沥干，不加盐,"Lotus root, cooked, boiled, drained, without salt",1.58,0.07,16.02,,,,,Vegetables and Vegetable Products,
sr_legacy_168431,sr_legacy,168431,红叶生菜，生,"Lettuce, red leaf, raw",1.33,0.22,2.26,,,,,Vegetables and Vegetable Products,
sr_legacy_168432,sr_legacy,168432,山药（夏威夷），生,"Mountain yam, hawaii, raw",1.34,0.1,16.3,,,,,Vegetables and Vegetable Products,mountain yam 可能与中文山药品种不完全相同，保留夏威夷信息
sr_legacy_168433,sr_legacy,168433,山药（夏威夷），熟，蒸，不加盐,"Mountain yam, hawaii, cooked, steamed, without salt",1.73,0.08,20.0,,,,,Vegetables and Vegetable Products,mountain yam 可能与中文山药品种不完全相同，保留夏威夷信息
sr_legacy_168434,sr_legacy,168434,褐蘑菇（crimini），生,"Mushrooms, brown, italian, or crimini, raw",2.5,0.1,4.3,,,,,Vegetables and Vegetable Products,
sr_legacy_168435,sr_legacy,168435,香菇，炒,"Mushrooms, shiitake, stir-fried",3.45,0.35,7.68,,,,,Vegetables and Vegetable Products,
sr_legacy_168436,sr_legacy,168436,香菇，干,"Mushrooms, shiitake, dried",9.58,0.99,75.37,,,,,Vegetables and Vegetable Products,
sr_legacy_168437,sr_legacy,168437,香菇，熟，不加盐,"Mushrooms, shiitake, cooked, without salt",1.56,0.22,14.39,,,,,Vegetables and Vegetable Products,
sr_legacy_168438,sr_legacy,168438,芥菜菠菜（tendergreen），生,"Mustard spinach, (tendergreen), raw",2.2,0.3,3.9,,,,,Vegetables and Vegetable Products,
sr_legacy_168439,sr_legacy,168439,芥菜菠菜（tendergreen），熟，水煮，沥干，不加盐,"Mustard spinach, (tendergreen), cooked, boiled, drained, without salt",1.7,0.2,2.8,,,,,Vegetables and Vegetable Products,
sr_legacy_168442,sr_legacy,168442,炸薯条，加工时加盐，冷冻，未烹调,"Potatoes, french fried, all types, salt added in processing, frozen, unprepared",2.24,4.66,24.81,,,,,Vegetables and Vegetable Products,
sr_legacy_168443,sr_legacy,168443,土豆角，冷冻,"Potato wedges, frozen (Includes foods for USDA's Food Distribution Program)",2.7,2.2,25.46,,,,,Vegetables and Vegetable Products,
sr_legacy_168444,sr_legacy,168444,粗切炸薯条（steak fries），加工时加盐，冷冻，购买状态,"Potatoes, french fried, steak fries, salt added in processing, frozen, as purchased",2.19,3.39,23.51,,,,,Vegetables and Vegetable Products,保留 steak fries 便于核对切法
sr_legacy_168445,sr_legacy,168445,粗切炸薯条（steak fries），加工时加盐，冷冻，烤箱加热,"Potatoes, french fried, steak fries, salt added in processing, frozen, oven-heated",2.57,3.76,26.98,,,,,Vegetables and Vegetable Products,保留 steak fries 便于核对切法
sr_legacy_168446,sr_legacy,168446,马铃薯粉,Potato flour,6.9,0.34,83.1,,,,,Vegetables and Vegetable Products,
sr_legacy_168447,sr_legacy,168447,南瓜叶，煮熟，沥干，不加盐,"Pumpkin leaves, cooked, boiled, drained, without salt",2.72,0.22,3.39,,,,,Vegetables and Vegetable Products,
sr_legacy_168448,sr_legacy,168448,南瓜，生,"Pumpkin, raw",1.0,0.1,6.5,,,,,Vegetables and Vegetable Products,
sr_legacy_168449,sr_legacy,168449,南瓜，煮熟，沥干，不加盐,"Pumpkin, cooked, boiled, drained, without salt",0.72,0.07,4.9,,,,,Vegetables and Vegetable Products,
sr_legacy_168450,sr_legacy,168450,南瓜，罐装，不加盐,"Pumpkin, canned, without salt",1.1,0.28,8.09,,,,,Vegetables and Vegetable Products,
sr_legacy_168451,sr_legacy,168451,白萝卜/东方萝卜，生,"Radishes, oriental, raw",0.6,0.1,4.1,,,,,Vegetables and Vegetable Products,
sr_legacy_168452,sr_legacy,168452,白萝卜/东方萝卜，煮熟，沥干，不加盐,"Radishes, oriental, cooked, boiled, drained, without salt",0.67,0.24,3.43,,,,,Vegetables and Vegetable Products,
sr_legacy_168453,sr_legacy,168453,白萝卜/东方萝卜，干,"Radishes, oriental, dried",7.9,0.72,63.37,,,,,Vegetables and Vegetable Products,
sr_legacy_168454,sr_legacy,168454,芜菁甘蓝，生,"Rutabagas, raw",1.08,0.16,8.62,,,,,Vegetables and Vegetable Products,
sr_legacy_168455,sr_legacy,168455,芜菁甘蓝，煮熟，沥干，不加盐,"Rutabagas, cooked, boiled, drained, without salt",0.93,0.18,6.84,,,,,Vegetables and Vegetable Products,
sr_legacy_168456,sr_legacy,168456,爱尔兰苔藓海藻，生,"Seaweed, irishmoss, raw",1.51,0.16,12.29,,,,,Vegetables and Vegetable Products,
sr_legacy_168457,sr_legacy,168457,海带，生,"Seaweed, kelp, raw",1.68,0.56,9.57,,,,,Vegetables and Vegetable Products,
sr_legacy_168458,sr_legacy,168458,紫菜，生,"Seaweed, laver, raw",5.81,0.28,5.11,,,,,Vegetables and Vegetable Products,
sr_legacy_168459,sr_legacy,168459,田菁花，生,"Sesbania flower, raw",1.28,0.04,6.73,,,,,Vegetables and Vegetable Products,Sesbania flower 为东南亚常见食用花，中文名称可能因地区不同而异
sr_legacy_168460,sr_legacy,168460,黄豆芽，蒸熟,"Soybeans, mature seeds, sprouted, cooked, steamed",8.47,4.45,6.53,,,,,Vegetables and Vegetable Products,
sr_legacy_168461,sr_legacy,168461,黄豆芽，炒熟,"Soybeans, mature seeds, sprouted, cooked, stir-fried",13.1,7.1,9.4,,,,,Vegetables and Vegetable Products,
sr_legacy_168462,sr_legacy,168462,菠菜，生,"Spinach, raw",2.86,0.39,3.63,,,,,Vegetables and Vegetable Products,
sr_legacy_168463,sr_legacy,168463,菠菜，煮熟，沥干，不加盐,"Spinach, cooked, boiled, drained, without salt",2.97,0.26,3.75,,,,,Vegetables and Vegetable Products,
sr_legacy_168464,sr_legacy,168464,夏南瓜，弯颈和直颈品种，生,"Squash, summer, crookneck and straightneck, raw",1.01,0.27,3.88,,,,,Vegetables and Vegetable Products,
sr_legacy_168465,sr_legacy,168465,夏南瓜，弯颈和直颈品种，煮熟，沥干，不加盐,"Squash, summer, crookneck and straightneck, cooked, boiled, drained, without salt",1.04,0.39,3.79,,,,,Vegetables and Vegetable Products,
sr_legacy_168466,sr_legacy,168466,夏南瓜，弯颈和直颈品种，罐装，沥干，不加盐,"Squash, summer, crookneck and straightneck, canned, drained, solid, without salt",0.61,0.07,2.96,,,,,Vegetables and Vegetable Products,
sr_legacy_168467,sr_legacy,168467,夏南瓜，弯颈和直颈品种，冷冻，未烹调,"Squash, summer, crookneck and straightneck, frozen, unprepared",0.83,0.14,4.8,,,,,Vegetables and Vegetable Products,
sr_legacy_168468,sr_legacy,168468,夏南瓜，弯颈和直颈品种，冷冻，煮熟，沥干，不加盐,"Squash, summer, crookneck and straightneck, frozen, cooked, boiled, drained, without salt",1.28,0.2,5.54,,,,,Vegetables and Vegetable Products,
sr_legacy_168469,sr_legacy,168469,西葫芦，带皮，冷冻，未烹调,"Squash, summer, zucchini, includes skin, frozen, unprepared",1.16,0.13,3.58,,,,,Vegetables and Vegetable Products,
sr_legacy_168470,sr_legacy,168470,西葫芦，带皮，冷冻，煮熟，沥干，不加盐,"Squash, summer, zucchini, includes skin, frozen, cooked, boiled, drained, without salt",1.15,0.13,3.56,,,,,Vegetables and Vegetable Products,
sr_legacy_168471,sr_legacy,168471,西葫芦，意式风味，罐装,"Squash, summer, zucchini, italian style, canned",1.03,0.11,6.85,,,,,Vegetables and Vegetable Products,
sr_legacy_168472,sr_legacy,168472,橡果南瓜，生,"Squash, winter, acorn, raw",0.8,0.1,10.42,,,,,Vegetables and Vegetable Products,
sr_legacy_168473,sr_legacy,168473,奶油南瓜，冷冻，未烹调,"Squash, winter, butternut, frozen, unprepared",1.76,0.1,14.41,,,,,Vegetables and Vegetable Products,
sr_legacy_168474,sr_legacy,168474,奶油南瓜，冷冻，煮熟，不加盐,"Squash, winter, butternut, frozen, cooked, boiled, without salt",1.23,0.07,10.05,,,,,Vegetables and Vegetable Products,
sr_legacy_168475,sr_legacy,168475,哈伯德南瓜，生,"Squash, winter, hubbard, raw",2.0,0.5,8.7,,,,,Vegetables and Vegetable Products,Hubbard 为冬南瓜品种，保留译名便于核对
sr_legacy_168476,sr_legacy,168476,哈伯德南瓜，烤熟，不加盐,"Squash, winter, hubbard, baked, without salt",2.48,0.62,10.81,,,,,Vegetables and Vegetable Products,Hubbard 为冬南瓜品种，保留译名便于核对
sr_legacy_168477,sr_legacy,168477,玉米利马豆杂烩（succotash），煮熟，沥干，不加盐,"Succotash, (corn and limas), cooked, boiled, drained, without salt",5.07,0.8,24.38,,,,,Vegetables and Vegetable Products,Succotash 为玉米和利马豆混合菜，保留英文便于核对
sr_legacy_168478,sr_legacy,168478,玉米利马豆杂烩（succotash），罐装，加奶油风味玉米,"Succotash, (corn and limas), canned, with cream style corn",2.64,0.54,17.61,,,,,Vegetables and Vegetable Products,Succotash 为玉米和利马豆混合菜，保留英文便于核对
sr_legacy_168479,sr_legacy,168479,玉米利马豆杂烩（succotash），罐装，加整粒玉米，含固体和液体,"Succotash, (corn and limas), canned, with whole kernel corn, solids and liquids",2.6,0.49,13.98,,,,,Vegetables and Vegetable Products,Succotash 为玉米和利马豆混合菜，保留英文便于核对
sr_legacy_168480,sr_legacy,168480,玉米利马豆杂烩（succotash），冷冻，未烹调,"Succotash, (corn and limas), frozen, unprepared",4.31,0.89,19.94,,,,,Vegetables and Vegetable Products,Succotash 为玉米和利马豆混合菜，保留英文便于核对
sr_legacy_168481,sr_legacy,168481,玉米利马豆杂烩（succotash），冷冻，煮熟，沥干，不加盐,"Succotash, (corn and limas), frozen, cooked, boiled, drained, without salt",4.31,0.89,19.95,,,,,Vegetables and Vegetable Products,Succotash 为玉米和利马豆混合菜，保留英文便于核对
sr_legacy_168482,sr_legacy,168482,红薯，生，未烹调,"Sweet potato, raw, unprepared (Includes foods for USDA's Food Distribution Program)",1.57,0.05,20.12,,,,,Vegetables and Vegetable Products,
sr_legacy_168483,sr_legacy,168483,红薯，带皮烤熟后取肉，不加盐,"Sweet potato, cooked, baked in skin, flesh, without salt",2.01,0.15,20.71,,,,,Vegetables and Vegetable Products,
sr_legacy_168484,sr_legacy,168484,红薯，去皮煮熟,"Sweet potato, cooked, boiled, without skin",1.37,0.14,17.72,,,,,Vegetables and Vegetable Products,
sr_legacy_168485,sr_legacy,168485,红薯，罐装，真空包装,"Sweet potato, canned, vacuum pack",1.65,0.2,21.12,,,,,Vegetables and Vegetable Products,
sr_legacy_168486,sr_legacy,168486,芋头，熟，不加盐,"Taro, cooked, without salt",0.52,0.11,34.6,,,,,Vegetables and Vegetable Products,
sr_legacy_168487,sr_legacy,168487,芋叶，生,"Taro leaves, raw",4.98,0.74,6.7,,,,,Vegetables and Vegetable Products,
sr_legacy_168488,sr_legacy,168488,芋叶，蒸熟，不加盐,"Taro leaves, cooked, steamed, without salt",2.72,0.41,4.02,,,,,Vegetables and Vegetable Products,
sr_legacy_168489,sr_legacy,168489,芋苗，生,"Taro shoots, raw",0.92,0.09,2.32,,,,,Vegetables and Vegetable Products,
sr_legacy_168490,sr_legacy,168490,竹芋，生,"Arrowroot, raw",4.24,0.2,13.39,,,,,Vegetables and Vegetable Products,
sr_legacy_168491,sr_legacy,168491,茼蒿叶，生,"Chrysanthemum leaves, raw",3.36,0.56,3.01,,,,,Vegetables and Vegetable Products,
sr_legacy_168492,sr_legacy,168492,苋菜叶，熟，水煮，沥干，加盐,"Amaranth leaves, cooked, boiled, drained, with salt",2.11,0.18,4.11,,,,,Vegetables and Vegetable Products,
sr_legacy_168493,sr_legacy,168493,慈姑，熟，水煮，沥干，加盐,"Arrowhead, cooked, boiled, drained, with salt",4.49,0.1,16.14,,,,,Vegetables and Vegetable Products,
sr_legacy_168494,sr_legacy,168494,芦笋，冷冻，熟，水煮，沥干，加盐,"Asparagus, frozen, cooked, boiled, drained, with salt",2.95,0.42,1.92,,,,,Vegetables and Vegetable Products,
sr_legacy_168495,sr_legacy,168495,苦瓜嫩叶，熟，水煮，沥干，加盐,"Balsam-pear (bitter gourd), leafy tips, cooked, boiled, drained, with salt",3.6,0.2,6.16,,,,,Vegetables and Vegetable Products,balsam-pear 按苦瓜处理
sr_legacy_168496,sr_legacy,168496,苦瓜，熟，水煮，沥干，加盐,"Balsam-pear (bitter gourd), pods, cooked, boiled, drained, with salt",0.84,0.18,4.32,,,,,Vegetables and Vegetable Products,balsam-pear 按苦瓜处理
sr_legacy_168497,sr_legacy,168497,竹笋，熟，水煮，沥干，加盐,"Bamboo shoots, cooked, boiled, drained, with salt",1.53,0.22,1.52,,,,,Vegetables and Vegetable Products,
sr_legacy_168498,sr_legacy,168498,嫩利马豆，冷冻，熟，水煮，沥干，加盐,"Lima beans, immature seeds, frozen, fordhook, cooked, boiled, drained, with salt",6.07,0.34,19.32,,,,,Vegetables and Vegetable Products,
sr_legacy_168499,sr_legacy,168499,绿豆芽，熟，水煮，沥干，加盐,"Mung beans, mature seeds, sprouted, cooked, boiled, drained, with salt",2.03,0.09,3.6,,,,,Vegetables and Vegetable Products,
sr_legacy_168500,sr_legacy,168500,海军豆芽，熟，水煮，沥干，加盐,"Beans, navy, mature seeds, sprouted, cooked, boiled, drained, with salt",7.07,0.81,15.01,,,,,Vegetables and Vegetable Products,
sr_legacy_168501,sr_legacy,168501,嫩斑豆，冷冻，熟，水煮，沥干，加盐,"Beans, pinto, immature seeds, frozen, cooked, boiled, drained, with salt",9.31,0.48,30.87,,,,,Vegetables and Vegetable Products,
sr_legacy_168502,sr_legacy,168502,青四季豆，罐装，含固形物和液体，无添加盐,"Beans, snap, green, canned, no salt added, solids and liquids",0.8,0.1,3.5,,,,,Vegetables and Vegetable Products,
sr_legacy_168503,sr_legacy,168503,黄四季豆，罐装，含固形物和液体，普通包装,"Beans, snap, yellow, canned, regular pack, solids and liquids",0.8,0.1,3.5,,,,,Vegetables and Vegetable Products,
sr_legacy_168504,sr_legacy,168504,黄四季豆，罐装，含固形物和液体，无添加盐,"Beans, snap, yellow, canned, no salt added, solids and liquids",0.8,0.1,3.5,,,,,Vegetables and Vegetable Products,
sr_legacy_168505,sr_legacy,168505,青四季豆，罐装，沥干固形物，无添加盐,"Beans, snap, green, canned, no salt added, drained solids",1.12,0.46,4.32,,,,,Vegetables and Vegetable Products,
sr_legacy_168506,sr_legacy,168506,甜菜根，熟，水煮，沥干，加盐,"Beets, cooked, boiled. drained, with salt",1.68,0.18,9.96,,,,,Vegetables and Vegetable Products,
sr_legacy_168507,sr_legacy,168507,甜菜根，罐装，含固形物和液体，无添加盐,"Beets, canned, no salt added, solids and liquids",0.8,0.07,6.57,,,,,Vegetables and Vegetable Products,
sr_legacy_168508,sr_legacy,168508,甜菜叶，熟，水煮，沥干，加盐,"Beet greens, cooked, boiled, drained, with salt",2.57,0.2,5.46,,,,,Vegetables and Vegetable Products,
sr_legacy_168509,sr_legacy,168509,琉璃苣，熟，水煮，沥干，加盐,"Borage, cooked, boiled, drained, with salt",2.09,0.81,3.55,,,,,Vegetables and Vegetable Products,少见食材，中文名按常见译名处理，保留英文/别名便于核对
sr_legacy_168510,sr_legacy,168510,西兰花，熟，水煮，沥干，加盐,"Broccoli, cooked, boiled, drained, with salt",2.38,0.41,7.18,,,,,Vegetables and Vegetable Products,
sr_legacy_168511,sr_legacy,168511,西兰花，冷冻，熟，水煮，沥干，加盐，切碎,"Broccoli, frozen, chopped, cooked, boiled, drained, with salt",3.1,0.12,5.35,,,,,Vegetables and Vegetable Products,
sr_legacy_168512,sr_legacy,168512,西兰花，冷冻，熟，水煮，沥干，加盐，嫩茎,"Broccoli, frozen, spears, cooked, boiled, drained, with salt",3.1,0.11,5.35,,,,,Vegetables and Vegetable Products,
sr_legacy_168513,sr_legacy,168513,抱子甘蓝，熟，水煮，沥干，加盐,"Brussels sprouts, cooked, boiled, drained, with salt",2.55,0.5,7.1,,,,,Vegetables and Vegetable Products,
sr_legacy_168514,sr_legacy,168514,卷心菜，熟，水煮，沥干，加盐,"Cabbage, common, cooked, boiled, drained, with salt",1.27,0.06,5.51,,,,,Vegetables and Vegetable Products,
sr_legacy_168515,sr_legacy,168515,紫甘蓝，熟，水煮，沥干，加盐,"Cabbage, red, cooked, boiled, drained, with salt",1.51,0.09,6.94,,,,,Vegetables and Vegetable Products,
sr_legacy_168516,sr_legacy,168516,皱叶甘蓝，熟，水煮，沥干，加盐,"Cabbage, savoy, cooked, boiled, drained, with salt",1.8,0.09,5.41,,,,,Vegetables and Vegetable Products,
sr_legacy_168517,sr_legacy,168517,小白菜（pak choi），熟，水煮，沥干，加盐,"Cabbage, chinese (pak-choi), cooked, boiled, drained, with salt",1.56,0.16,1.78,,,,,Vegetables and Vegetable Products,
sr_legacy_168518,sr_legacy,168518,胡萝卜，罐装，沥干固形物，无添加盐,"Carrots, canned, no salt added, drained solids",0.64,0.19,5.54,,,,,Vegetables and Vegetable Products,
sr_legacy_168519,sr_legacy,168519,胡萝卜，冷冻，熟，水煮，沥干，加盐,"Carrots, frozen, cooked, boiled, drained, with salt",0.58,0.68,7.73,,,,,Vegetables and Vegetable Products,
sr_legacy_168520,sr_legacy,168520,花椰菜，熟，水煮，沥干，加盐,"Cauliflower, cooked, boiled, drained, with salt",1.84,0.45,4.11,,,,,Vegetables and Vegetable Products,
sr_legacy_168521,sr_legacy,168521,花椰菜，冷冻，熟，水煮，沥干，加盐,"Cauliflower, frozen, cooked, boiled, drained, with salt",1.61,0.22,3.16,,,,,Vegetables and Vegetable Products,
sr_legacy_168522,sr_legacy,168522,茼蒿，熟，水煮，沥干，加盐,"Chrysanthemum, garland, cooked, boiled, drained, with salt",1.64,0.09,4.31,,,,,Vegetables and Vegetable Products,
sr_legacy_168523,sr_legacy,168523,宽叶甘蓝菜，熟，水煮，沥干，加盐,"Collards, cooked, boiled, drained, with salt",2.71,0.72,5.65,,,,,Vegetables and Vegetable Products,
sr_legacy_168524,sr_legacy,168524,宽叶甘蓝菜，冷冻，熟，水煮，沥干，加盐，切碎,"Collards, frozen, chopped, cooked, boiled, drained, with salt",2.97,0.41,7.1,,,,,Vegetables and Vegetable Products,
sr_legacy_168525,sr_legacy,168525,黄甜玉米，熟，水煮，沥干，加盐,"Corn, sweet, yellow, cooked, boiled, drained, with salt",3.41,1.5,20.98,,,,,Vegetables and Vegetable Products,
sr_legacy_168526,sr_legacy,168526,嫩黑眼豆，熟，水煮，沥干，加盐,"Cowpeas (blackeyes), immature seeds, cooked, boiled, drained, with salt",3.17,0.38,19.73,,,,,Vegetables and Vegetable Products,cowpeas 按豇豆/黑眼豆语境处理
sr_legacy_168527,sr_legacy,168527,嫩黑眼豆，冷冻，熟，水煮，沥干，加盐,"Cowpeas (blackeyes), immature seeds, frozen, cooked, boiled, drained, with salt",8.49,0.66,23.5,,,,,Vegetables and Vegetable Products,cowpeas 按豇豆/黑眼豆语境处理
sr_legacy_168528,sr_legacy,168528,豇豆嫩荚带籽，熟，水煮，沥干，加盐,"Cowpeas, young pods with seeds, cooked, boiled, drained, with salt",2.6,0.3,7.0,,,,,Vegetables and Vegetable Products,cowpeas 按豇豆/黑眼豆语境处理
sr_legacy_168529,sr_legacy,168529,豇豆嫩叶，熟，水煮，沥干，加盐,"Cowpeas, leafy tips, cooked, boiled, drained, with salt",4.67,0.1,2.8,,,,,Vegetables and Vegetable Products,cowpeas 按豇豆/黑眼豆语境处理
sr_legacy_168530,sr_legacy,168530,丝瓜，熟，水煮，沥干，加盐,"Gourd, dishcloth (towelgourd), cooked, boiled, drained, with salt",0.66,0.34,13.75,,,,,Vegetables and Vegetable Products,
sr_legacy_168531,sr_legacy,168531,辣木叶，熟，水煮，沥干，加盐,"Drumstick leaves, cooked, boiled, drained, with salt",5.27,0.93,11.15,,,,,Vegetables and Vegetable Products,
sr_legacy_168532,sr_legacy,168532,辣木荚，熟，水煮，沥干，加盐,"Drumstick pods, cooked, boiled, drained, with salt",2.09,0.19,8.18,,,,,Vegetables and Vegetable Products,
sr_legacy_168533,sr_legacy,168533,嫩扁豆，熟，水煮，沥干，加盐,"Hyacinth-beans, immature seeds, cooked, boiled, drained, with salt",2.95,0.27,9.2,,,,,Vegetables and Vegetable Products,hyacinth-beans 按扁豆处理
sr_legacy_168534,sr_legacy,168534,藜菜，熟，水煮，沥干，加盐,"Lambsquarters, cooked, boiled, drained, with salt",3.2,0.7,5.0,,,,,Vegetables and Vegetable Products,少见食材，中文名按常见译名处理，保留英文/别名便于核对
sr_legacy_168535,sr_legacy,168535,韭葱，熟，水煮，沥干，加盐,"Leeks, (bulb and lower leaf-portion), cooked, boiled, drained, with salt",0.81,0.2,7.62,,,,,Vegetables and Vegetable Products,
sr_legacy_168536,sr_legacy,168536,莲藕，熟，水煮，沥干，加盐,"Lotus root, cooked, boiled, drained, with salt",1.58,0.07,16.02,,,,,Vegetables and Vegetable Products,
sr_legacy_168537,sr_legacy,168537,白蘑菇，熟，水煮，沥干，加盐,"Mushrooms, white, cooked, boiled, drained, with salt",2.17,0.47,5.29,,,,,Vegetables and Vegetable Products,
sr_legacy_168538,sr_legacy,168538,白甜玉米，生,"Corn, sweet, white, raw",3.22,1.18,19.02,,,,,Vegetables and Vegetable Products,
sr_legacy_168539,sr_legacy,168539,白甜玉米，熟，水煮，沥干，不加盐,"Corn, sweet, white, cooked, boiled, drained, without salt",3.34,1.41,21.71,,,,,Vegetables and Vegetable Products,
sr_legacy_168540,sr_legacy,168540,白甜玉米，熟，水煮，沥干，加盐,"Corn, sweet, white, cooked, boiled, drained, with salt",3.34,1.41,21.71,,,,,Vegetables and Vegetable Products,
sr_legacy_168541,sr_legacy,168541,白甜玉米，罐装，含固形物和液体，普通包装，整粒,"Corn, sweet, white, canned, whole kernel, regular pack, solids and liquids",1.95,0.5,15.41,,,,,Vegetables and Vegetable Products,
sr_legacy_168542,sr_legacy,168542,白甜玉米，罐装，普通包装，真空包装,"Corn, sweet, white, canned, vacuum pack, regular pack",2.41,0.5,19.44,,,,,Vegetables and Vegetable Products,
sr_legacy_168543,sr_legacy,168543,白甜玉米，罐装，无添加盐，真空包装,"Corn, sweet, white, canned, vacuum pack, no salt added",2.41,0.5,19.44,,,,,Vegetables and Vegetable Products,
sr_legacy_168544,sr_legacy,168544,白甜玉米，冷冻，脱粒，未烹调,"Corn, sweet, white, frozen, kernels cut off cob, unprepared",3.02,0.77,20.73,,,,,Vegetables and Vegetable Products,
sr_legacy_168545,sr_legacy,168545,白甜玉米，冷冻，水煮，沥干，不加盐，脱粒,"Corn, sweet, white, frozen, kernels cut off cob, boiled, drained, without salt",2.75,0.43,19.56,,,,,Vegetables and Vegetable Products,
sr_legacy_168546,sr_legacy,168546,红甜椒，罐装，含固体和液体,"Peppers, sweet, red, canned, solids and liquids",0.8,0.3,3.9,,,,,Vegetables and Vegetable Products,
sr_legacy_168547,sr_legacy,168547,红甜椒，切碎，冷冻，未烹调,"Peppers, sweet, red, frozen, chopped, unprepared",1.08,0.21,4.45,,,,,Vegetables and Vegetable Products,
sr_legacy_168548,sr_legacy,168548,红甜椒，切碎，冷冻，煮熟，沥干，不加盐,"Peppers, sweet, red, frozen, chopped, boiled, drained, without salt",0.95,0.18,3.31,,,,,Vegetables and Vegetable Products,
sr_legacy_168549,sr_legacy,168549,红甜椒，切碎，冷冻，煮熟，沥干，加盐,"Peppers, sweet, red, frozen, chopped, boiled, drained, with salt",0.95,0.18,3.31,,,,,Vegetables and Vegetable Products,
sr_legacy_168550,sr_legacy,168550,红甜椒，炒制,"Peppers, sweet, red, sauteed",1.04,12.75,6.57,,,,,Vegetables and Vegetable Products,
sr_legacy_168551,sr_legacy,168551,扁豆芽，熟，炒，加盐,"Lentils, sprouted, cooked, stir-fried, with salt",8.8,0.45,21.25,,,,,Vegetables and Vegetable Products,
sr_legacy_168552,sr_legacy,168552,山药（夏威夷），熟，蒸，加盐,"Mountain yam, hawaii, cooked, steamed, with salt",1.73,0.08,19.99,,,,,Vegetables and Vegetable Products,mountain yam 可能与中文山药品种不完全相同，保留夏威夷信息
sr_legacy_168553,sr_legacy,168553,树蕨菜，加盐,"Tree fern, cooked, with salt",0.29,0.07,10.78,,,,,Vegetables and Vegetable Products,Tree fern 为蕨类蔬菜，中文名称可能因地区不同而异
sr_legacy_168555,sr_legacy,168555,土豆泥，家庭自制，添加全脂牛奶和黄油,"Potatoes, mashed, home-prepared, whole milk and butter added",1.86,4.22,16.81,,,,,Vegetables and Vegetable Products,
sr_legacy_168556,sr_legacy,168556,番茄酱,Catsup,1.04,0.1,27.4,,,,,Vegetables and Vegetable Products,
sr_legacy_168557,sr_legacy,168557,褐蘑菇（crimini），生，经紫外线照射,"Mushrooms, brown, italian, or crimini, exposed to ultraviolet light, raw",2.5,0.1,4.3,,,,,Vegetables and Vegetable Products,保留紫外线照射信息，通常与维生素D含量相关
sr_legacy_168558,sr_legacy,168558,酸黄瓜，莳萝味或犹太式莳萝味,"Pickles, cucumber, dill or kosher dill",0.5,0.3,2.41,,,,,Vegetables and Vegetable Products,
sr_legacy_168559,sr_legacy,168559,甜椒罐头（Pimento）,"Pimento, canned",1.1,0.3,5.1,,,,,Vegetables and Vegetable Products,Pimento 可指甜椒/樱桃椒，保留英文便于核对
sr_legacy_168561,sr_legacy,168561,甜酸黄瓜酱,"Pickle relish, sweet",0.37,0.47,35.06,,,,,Vegetables and Vegetable Products,
sr_legacy_168562,sr_legacy,168562,酸黄瓜，低钠,"Pickles, cucumber, sour, low sodium",0.33,0.2,2.26,,,,,Vegetables and Vegetable Products,
sr_legacy_168563,sr_legacy,168563,酸黄瓜，莳萝味，低钠,"Pickles, cucumber, dill, reduced sodium",0.5,0.3,2.41,,,,,Vegetables and Vegetable Products,
sr_legacy_168564,sr_legacy,168564,红菊苣，生,"Radicchio, raw",1.43,0.25,4.48,,,,,Vegetables and Vegetable Products,
sr_legacy_168565,sr_legacy,168565,迷你西葫芦，生,"Squash, zucchini, baby, raw",2.71,0.4,3.11,,,,,Vegetables and Vegetable Products,
sr_legacy_168566,sr_legacy,168566,酸浆番茄，生,"Tomatillos, raw",0.96,1.02,5.84,,,,,Vegetables and Vegetable Products,
sr_legacy_168567,sr_legacy,168567,晒干番茄,"Tomatoes, sun-dried",14.11,2.97,55.76,,,,,Vegetables and Vegetable Products,
sr_legacy_168568,sr_legacy,168568,小胡萝卜，生,"Carrots, baby, raw",0.64,0.13,8.24,,,,,Vegetables and Vegetable Products,
sr_legacy_168569,sr_legacy,168569,棕榈芯，罐装,"Hearts of palm, canned",2.52,0.62,4.62,,,,,Vegetables and Vegetable Products,
sr_legacy_168570,sr_legacy,168570,辣椒，晒干,"Peppers, hot chile, sun-dried",10.58,5.81,69.86,,,,,Vegetables and Vegetable Products,
sr_legacy_168571,sr_legacy,168571,仙人掌茎，生,"Nopales, raw",1.32,0.09,3.33,,,,,Vegetables and Vegetable Products,少见食材，中文名按常见译名处理，保留英文/别名便于核对
sr_legacy_168572,sr_legacy,168572,大白菜，熟,"Cabbage, napa, cooked",1.1,0.17,2.23,,,,,Vegetables and Vegetable Products,
sr_legacy_168573,sr_legacy,168573,香茅，生,"Lemon grass (citronella), raw",1.82,0.49,25.31,,,,,Vegetables and Vegetable Products,
sr_legacy_168574,sr_legacy,168574,蚕豆，带荚，生,"Beans, fava, in pod, raw",7.92,0.73,17.63,,,,,Vegetables and Vegetable Products,
sr_legacy_168575,sr_legacy,168575,葡萄叶，生,"Grape leaves, raw",5.6,2.12,17.31,,,,,Vegetables and Vegetable Products,
sr_legacy_168576,sr_legacy,168576,墨西哥辣椒（Jalapeño），生,"Peppers, jalapeno, raw",0.91,0.37,6.5,,,,,Vegetables and Vegetable Products,保留 Jalapeño 便于核对和搜索
sr_legacy_168577,sr_legacy,168577,青辣椒，罐装,"Peppers, chili, green, canned",0.72,0.27,4.6,,,,,Vegetables and Vegetable Products,
sr_legacy_168578,sr_legacy,168578,匈牙利辣椒，生,"Peppers, hungarian, raw",0.8,0.41,6.7,,,,,Vegetables and Vegetable Products,
sr_legacy_168579,sr_legacy,168579,帕西拉辣椒（Pasilla），干,"Peppers, pasilla, dried",12.35,15.85,51.13,,,,,Vegetables and Vegetable Products,保留 Pasilla 便于核对
sr_legacy_168580,sr_legacy,168580,平菇，生,"Mushrooms, oyster, raw",3.31,0.41,6.09,,,,,Vegetables and Vegetable Products,
sr_legacy_168581,sr_legacy,168581,干木耳,"Fungi, Cloud ears, dried",9.25,0.73,73.01,,,,,Vegetables and Vegetable Products,
sr_legacy_168582,sr_legacy,168582,草菇罐头，沥干固形物,"Mushrooms, straw, canned, drained solids",3.83,0.68,4.64,,,,,Vegetables and Vegetable Products,
sr_legacy_168583,sr_legacy,168583,山葵根（Wasabi），生,"Wasabi, root, raw",4.8,0.63,23.54,,,,,Vegetables and Vegetable Products,保留 Wasabi 便于搜索
sr_legacy_168584,sr_legacy,168584,蕨菜嫩芽，冷冻，未烹调,"Fiddlehead ferns, frozen, unprepared",4.31,0.35,5.74,,,,,Vegetables and Vegetable Products,
sr_legacy_168585,sr_legacy,168585,干椰肉（椰蓉），膏状,"Nuts, coconut meat, dried (desiccated), creamed",5.3,69.08,21.52,,,,,Nut and Seed Products,
sr_legacy_168587,sr_legacy,168587,Sisymbrium 属整粒种子，干,"Seeds, sisymbrium sp. seeds, whole, dried",12.14,4.6,58.26,,,,,Nut and Seed Products,少见植物种子，保留拉丁属名便于核对
sr_legacy_168588,sr_legacy,168588,杏仁酱，原味，无盐,"Nuts, almond butter, plain, without salt added",20.96,55.5,18.82,,,,,Nut and Seed Products,
sr_legacy_168589,sr_legacy,168589,日本栗，水煮/蒸熟,"Nuts, chestnuts, japanese, boiled and steamed",0.82,0.19,12.64,,,,,Nut and Seed Products,
sr_legacy_168590,sr_legacy,168590,日本栗，烤制,"Nuts, chestnuts, japanese, roasted",2.97,0.8,45.13,,,,,Nut and Seed Products,
sr_legacy_168591,sr_legacy,168591,莲子，生,"Seeds, lotus seeds, raw",4.13,0.53,17.28,,,,,Nut and Seed Products,
sr_legacy_168592,sr_legacy,168592,蜂蜜烤杏仁，未去皮,"Nuts, almonds, honey roasted, unblanched",18.17,49.9,27.9,,,,,Nut and Seed Products,
sr_legacy_168593,sr_legacy,168593,葵花籽仁，油烤，加盐,"Seeds, sunflower seed kernels, oil roasted, with salt added",20.06,51.3,22.89,,,,,Nut and Seed Products,
sr_legacy_168594,sr_legacy,168594,葵花籽仁，烤制，加盐,"Seeds, sunflower seed kernels, toasted, with salt added",17.21,56.8,20.59,,,,,Nut and Seed Products,
sr_legacy_168595,sr_legacy,168595,葵花籽酱，加盐（含 USDA 食品配送项目食品）,"Seeds, sunflower seed butter, with salt added (Includes foods for USDA's Food Distribution Program)",17.28,55.2,23.32,,,,,Nut and Seed Products,
sr_legacy_168596,sr_legacy,168596,杏仁，干烤，加盐,"Nuts, almonds, dry roasted, with salt added",20.96,52.54,21.01,,,,,Nut and Seed Products,
sr_legacy_168597,sr_legacy,168597,腰果酱，原味，加盐,"Nuts, cashew butter, plain, with salt added",12.12,53.03,30.3,,,,,Nut and Seed Products,
sr_legacy_168598,sr_legacy,168598,澳洲坚果，干烤，加盐,"Nuts, macadamia nuts, dry roasted, with salt added",7.79,76.08,12.83,,,,,Nut and Seed Products,
sr_legacy_168599,sr_legacy,168599,混合坚果，干烤，含花生，加盐,"Nuts, mixed nuts, dry roasted, with peanuts, with salt added",17.3,51.45,25.35,,,,,Nut and Seed Products,
sr_legacy_168600,sr_legacy,168600,混合坚果，油烤，含花生，加盐,"Nuts, mixed nuts, oil roasted, with peanuts, with salt added",20.04,53.95,21.05,,,,,Nut and Seed Products,
sr_legacy_168601,sr_legacy,168601,南瓜/西葫芦整粒籽，烤制，加盐,"Seeds, pumpkin and squash seeds, whole, roasted, with salt added",18.55,19.4,53.75,,,,,Nut and Seed Products,
sr_legacy_168602,sr_legacy,168602,杏仁，油烤，微盐,"Nuts, almonds, oil roasted, lightly salted",21.23,55.17,17.68,,,,,Nut and Seed Products,
sr_legacy_168603,sr_legacy,168603,杏仁酱，原味，加盐,"Nuts, almond butter, plain, with salt added",20.96,55.5,18.82,,,,,Nut and Seed Products,
sr_legacy_168604,sr_legacy,168604,Tahini 芝麻酱，籽仁类型未注明,"Seeds, sesame butter, tahini, type of kernels unspecified",17.4,53.01,21.5,,,,,Nut and Seed Products,Tahini 保留英文便于搜索
sr_legacy_168605,sr_legacy,168605,牛肉零售切块，可分离脂肪，生,"Beef, retail cuts, separable fat, raw",8.21,70.89,0.0,,,,,Beef Products,
sr_legacy_168606,sr_legacy,168606,牛肉零售切块，可分离脂肪，熟,"Beef, retail cuts, separable fat, cooked",10.65,70.33,0.0,,,,,Beef Products,
sr_legacy_168607,sr_legacy,168607,整块牛胸肉（brisket），仅瘦肉，所有等级，生,"Beef, brisket, whole, separable lean only, all grades, raw",20.72,7.37,0.6,,,,,Beef Products,
sr_legacy_168608,sr_legacy,168608,草饲牛绞肉，生,"Beef, grass-fed, ground, raw",19.42,12.73,0,,,,,Beef Products,
sr_legacy_168609,sr_legacy,168609,牛腹胁牛排，仅瘦肉，去除外部脂肪，Choice级，生,"Beef, flank, steak, separable lean only, trimmed to 0"" fat, choice, raw",21.72,6.29,0,,,,,Beef Products,
sr_legacy_168610,sr_legacy,168610,牛腹胁牛排，仅瘦肉，去除外部脂肪，Choice级，熟，炖煮,"Beef, flank, steak, separable lean only, trimmed to 0"" fat, choice, cooked, braised",28.02,13,0,,,,,Beef Products,
sr_legacy_168611,sr_legacy,168611,牛腹胁牛排，仅瘦肉，去除外部脂肪，Choice级，熟，上火烤制,"Beef, flank, steak, separable lean only, trimmed to 0"" fat, choice, cooked, broiled",27.82,8.32,0,,,,,Beef Products,
sr_legacy_168612,sr_legacy,168612,牛肋眼小端（第10–12肋），可分离瘦肉和脂肪，去除外部脂肪，Choice 等级，生,"Beef, rib, eye, small end (ribs 10-12), separable lean and fat, trimmed to 0"" fat, choice, raw",17.51,22.07,0.0,,,,,Beef Products,
sr_legacy_168613,sr_legacy,168613,牛小排（短肋），可分离瘦肉和脂肪，Choice 等级，熟，炖煮,"Beef, rib, shortribs, separable lean and fat, choice, cooked, braised",21.57,41.98,0.0,,,,,Beef Products,
sr_legacy_168614,sr_legacy,168614,牛小排（短肋），仅可分离瘦肉，Choice 等级，生,"Beef, rib, shortribs, separable lean only, choice, raw",19.05,10.19,0.4,,,,,Beef Products,
sr_legacy_168615,sr_legacy,168615,牛小排（短肋），仅可分离瘦肉，Choice 等级，熟，炖煮,"Beef, rib, shortribs, separable lean only, choice, cooked, braised",30.76,18.13,0.0,,,,,Beef Products,
sr_legacy_168616,sr_legacy,168616,牛后腿整切肉，仅可分离瘦肉，外部脂肪修整至1/4英寸，Choice级，熟，上火烤制,"Beef, round, full cut, separable lean only, trimmed to 1/4"" fat, choice, cooked, broiled",29.21,7.31,0.0,,,,,Beef Products,
sr_legacy_168617,sr_legacy,168617,牛后腿整切肉，仅可分离瘦肉，外部脂肪修整至1/4英寸，Select级，熟，上火烤制,"Beef, round, full cut, separable lean only, trimmed to 1/4"" fat, select, cooked, broiled",29.25,5.22,0.0,,,,,Beef Products,
sr_legacy_168618,sr_legacy,168618,牛短腰脊 Porterhouse 牛排，仅可分离瘦肉，外部脂肪修整至1/8英寸，Choice级，熟，煎烤,"Beef, short loin, porterhouse steak, separable lean only, trimmed to 1/8"" fat, choice, cooked, grilled",27.65,11.36,0.0,,,,,Beef Products,Porterhouse 为牛短腰脊大块带骨牛排，保留英文方便核对
sr_legacy_168619,sr_legacy,168619,牛短腰脊 T骨牛排，带骨，仅可分离瘦肉，外部脂肪修整至1/8英寸，Choice级，生,"Beef, short loin, t-bone steak, bone-in, separable lean only, trimmed to 1/8"" fat, choice, raw",22.1,7.27,0.0,,,,,Beef Products,T-bone 为常见牛排名称，保留英文方便搜索
sr_legacy_168620,sr_legacy,168620,牛短腰脊 T骨牛排，带骨，仅可分离瘦肉，外部脂肪修整至1/8英寸，Choice级，熟，煎烤,"Beef, short loin, t-bone steak, bone-in, separable lean only, trimmed to 1/8"" fat, choice, cooked, grilled",27.48,11.05,0.0,,,,,Beef Products,T-bone 为常见牛排名称，保留英文方便搜索
sr_legacy_168621,sr_legacy,168621,牛肋眼小端（第10–12肋），仅可分离瘦肉，去除外部脂肪，Select 等级，生,"Beef, rib eye, small end (ribs 10-12), separable lean only, trimmed to 0"" fat, select, raw",21.17,6.57,0.0,,,,,Beef Products,
sr_legacy_168622,sr_legacy,168622,牛脑，生,"Beef, variety meats and by-products, brain, raw",10.86,10.3,1.05,,,,,Beef Products,
sr_legacy_168623,sr_legacy,168623,牛脑，熟，平底锅煎制,"Beef, variety meats and by-products, brain, cooked, pan-fried",12.57,15.83,0.0,,,,,Beef Products,
sr_legacy_168624,sr_legacy,168624,牛脑，熟，小火炖煮,"Beef, variety meats and by-products, brain, cooked, simmered",11.67,10.53,1.48,,,,,Beef Products,
sr_legacy_168625,sr_legacy,168625,牛心，生,"Beef, variety meats and by-products, heart, raw",17.72,3.94,0.14,,,,,Beef Products,
sr_legacy_168626,sr_legacy,168626,牛肝，熟，炖煮,"Beef, variety meats and by-products, liver, cooked, braised",29.08,5.26,5.13,,,,,Beef Products,
sr_legacy_168627,sr_legacy,168627,牛肝，熟，平底锅煎制,"Beef, variety meats and by-products, liver, cooked, pan-fried",26.52,4.68,5.16,,,,,Beef Products,
sr_legacy_168628,sr_legacy,168628,牛肺，生,"Beef, variety meats and by-products, lungs, raw",16.2,2.5,0.0,,,,,Beef Products,
sr_legacy_168629,sr_legacy,168629,牛肺，熟，炖煮,"Beef, variety meats and by-products, lungs, cooked, braised",20.4,3.7,0.0,,,,,Beef Products,
sr_legacy_168630,sr_legacy,168630,机械分离牛肉，生,"Beef, variety meats and by-products, mechanically separated beef, raw",14.97,23.52,0.0,,,,,Beef Products,机械分离牛肉，属于加工/副产品，建议后续按需求筛选
sr_legacy_168631,sr_legacy,168631,牛上腰脊（纽约客）牛排，去骨，去边肉，可分离瘦肉和脂肪，去除外部脂肪，Select 等级，熟，煎烤,"Beef, loin, top loin steak, boneless, lip off, separable lean and fat, trimmed to 0"" fat, select, cooked, grilled",29.16,9.12,0.0,,,,,Beef Products,lip-on/lip off 按带边肉/去边肉处理
sr_legacy_168632,sr_legacy,168632,牛上腰脊（纽约客）牛排，去骨，去边肉，仅可分离瘦肉，去除外部脂肪，各等级，熟，煎烤,"Beef, loin, top loin steak, boneless, lip off, separable lean only, trimmed to 0"" fat, all grades, cooked, grilled",29.53,8.41,0.0,,,,,Beef Products,lip-on/lip off 按带边肉/去边肉处理
sr_legacy_168633,sr_legacy,168633,牛上沙朗牛排，可分离瘦肉和脂肪，去除外部脂肪，Select级，熟，上火烤制,"Beef, top sirloin, steak, separable lean and fat, trimmed to 0"" fat, select, cooked, broiled",29.65,8.8,0.0,,,,,Beef Products,
sr_legacy_168634,sr_legacy,168634,牛上沙朗牛排，仅可分离瘦肉，去除外部脂肪，各等级，熟，上火烤制,"Beef, top sirloin, steak, separable lean only, trimmed to 0"" fat, all grades, cooked, broiled",30.55,5.79,0.0,,,,,Beef Products,
sr_legacy_168635,sr_legacy,168635,牛上沙朗牛排，仅可分离瘦肉，去除外部脂肪，Choice级，熟，上火烤制,"Beef, top sirloin, steak, separable lean only, trimmed to 0"" fat, choice, cooked, broiled",30.29,6.55,0.0,,,,,Beef Products,
sr_legacy_168636,sr_legacy,168636,牛上沙朗牛排，仅可分离瘦肉，去除外部脂肪，Select级，熟，上火烤制,"Beef, top sirloin, steak, separable lean only, trimmed to 0"" fat, select, cooked, broiled",30.8,5.03,0.0,,,,,Beef Products,
sr_legacy_168637,sr_legacy,168637,牛短腰脊 Porterhouse 牛排，仅可分离瘦肉，外部脂肪修整至1/8英寸，各等级，熟，煎烤,"Beef, short loin, porterhouse steak, separable lean only,  trimmed to 1/8"" fat, all grades, cooked, grilled",28.16,10.32,0.0,,,,,Beef Products,Porterhouse 为牛短腰脊大块带骨牛排，保留英文方便核对
sr_legacy_168638,sr_legacy,168638,牛短腰脊 Porterhouse 牛排，仅可分离瘦肉，去除外部脂肪，各等级，熟，上火烤制,"Beef, short loin, porterhouse steak, separable lean only, trimmed to 0"" fat, all grades, cooked, broiled",26.07,11.18,0.0,,,,,Beef Products,Porterhouse 为牛短腰脊大块带骨牛排，保留英文方便核对
sr_legacy_168639,sr_legacy,168639,牛短腰脊 Porterhouse 牛排，仅可分离瘦肉，去除外部脂肪，Choice级，熟，上火烤制,"Beef, short loin, porterhouse steak, separable lean only, trimmed to 0"" fat, choice, cooked, broiled",25.51,12.8,0.0,,,,,Beef Products,Porterhouse 为牛短腰脊大块带骨牛排，保留英文方便核对
sr_legacy_168640,sr_legacy,168640,牛短腰脊 Porterhouse 牛排，仅可分离瘦肉，外部脂肪修整至1/8英寸，Select级，生,"Beef, short loin, porterhouse steak, separable lean only, trimmed to 1/8"" fat, select, raw",22.61,5.41,0.0,,,,,Beef Products,Porterhouse 为牛短腰脊大块带骨牛排，保留英文方便核对
sr_legacy_168641,sr_legacy,168641,牛短腰脊 Porterhouse 牛排，仅可分离瘦肉，外部脂肪修整至1/8英寸，Select级，熟，煎烤,"Beef, short loin, porterhouse steak, separable lean only, trimmed to 1/8"" fat, select, cooked, grilled",28.92,8.76,0.0,,,,,Beef Products,Porterhouse 为牛短腰脊大块带骨牛排，保留英文方便核对
sr_legacy_168642,sr_legacy,168642,牛短腰脊 T骨牛排，带骨，仅可分离瘦肉，外部脂肪修整至1/8英寸，各等级，生,"Beef, short loin, t-bone steak, bone-in, separable lean only, trimmed to 1/8"" fat, all grades, raw",22.22,6.5,0.0,,,,,Beef Products,T-bone 为常见牛排名称，保留英文方便搜索
sr_legacy_168643,sr_legacy,168643,牛短腰脊 T骨牛排，带骨，仅可分离瘦肉，外部脂肪修整至1/8英寸，各等级，熟，煎烤,"Beef, short loin, t-bone steak, bone-in, separable lean only, trimmed to 1/8"" fat, all grades, cooked, grilled",27.86,10.37,0.0,,,,,Beef Products,T-bone 为常见牛排名称，保留英文方便搜索
sr_legacy_168644,sr_legacy,168644,牛短腰脊 T骨牛排，仅可分离瘦肉，去除外部脂肪，Choice级，熟，上火烤制,"Beef, short loin, t-bone steak, separable lean only, trimmed to 0"" fat, choice, cooked, broiled",25.98,9.61,0.0,,,,,Beef Products,T-bone 为常见牛排名称，保留英文方便搜索
sr_legacy_168645,sr_legacy,168645,牛短腰脊 T骨牛排，带骨，仅可分离瘦肉，外部脂肪修整至1/8英寸，Select级，生,"Beef, short loin, t-bone steak, bone-in, separable lean only, trimmed to 1/8"" fat, select, raw",22.41,5.34,0.0,,,,,Beef Products,T-bone 为常见牛排名称，保留英文方便搜索
sr_legacy_168646,sr_legacy,168646,牛后腿尖圆肉烤块，可分离瘦肉和脂肪，去除外部脂肪，Choice级，生,"Beef, round, tip round, roast, separable lean and fat, trimmed to 0"" fat, choice, raw",20.16,7.73,0.0,,,,,Beef Products,
sr_legacy_168647,sr_legacy,168647,牛后腿尖圆肉烤块，可分离瘦肉和脂肪，去除外部脂肪，Select级，生,"Beef, round, tip round, roast, separable lean and fat, trimmed to 0"" fat, select, raw",20.8,6.28,0.0,,,,,Beef Products,
sr_legacy_168648,sr_legacy,168648,牛肋眼小端（第10–12肋），仅可分离瘦肉，去除外部脂肪，Select 等级，熟，炙烤,"Beef, rib, eye, small end (ribs 10- 12) separable lean only, trimmed to 0"" fat, select, cooked, broiled",29.93,6.05,0.0,,,,,Beef Products,
sr_legacy_168649,sr_legacy,168649,牛后腿上圆肉牛排，无骨，仅可分离瘦肉，去除外部脂肪，各等级，熟，煎烤,"Beef, round, top round steak, boneless, separable lean only, trimmed to 0"" fat, all grades, cooked, grilled",30.09,3.77,0.0,,,,,Beef Products,
sr_legacy_168650,sr_legacy,168650,牛绞肉，70%瘦肉/30%脂肪，牛肉饼，熟，煎烤,"Beef, ground, 70% lean meat / 30% fat, patty cooked, pan-broiled",22.86,15.54,0,,,,,Beef Products,
sr_legacy_168651,sr_legacy,168651,牛绞肉，70%瘦肉/30%脂肪，牛肉饼，熟，上火烤制,"Beef, ground, 70% lean meat / 30% fat, patty, cooked, broiled",25.38,18.66,0,,,,,Beef Products,
sr_legacy_168652,sr_legacy,168652,牛绞肉，70%瘦肉/30%脂肪，生,"Beef, ground, 70% lean meat / 30% fat, raw",14.35,30,0,,,,,Beef Products,
sr_legacy_168653,sr_legacy,168653,牛肩下板腱中心牛排（Denver Cut），无骨，仅瘦肉，去除外部脂肪，Select级，生,"Beef, chuck, under blade center steak, boneless, Denver Cut, separable lean only, trimmed to 0"" fat, select, raw",19.71,8.54,0.21,,,,,Beef Products,保留 Denver Cut 英文切法名，方便搜索和核对
sr_legacy_168654,sr_legacy,168654,牛肩上板腱牛排，无骨，仅可分离瘦肉，去除外部脂肪，各等级，熟，煎烤,"Beef, shoulder top blade steak, boneless, separable lean only, trimmed to 0"" fat, all grades, cooked, grilled",28.15,9.23,0.0,,,,,Beef Products,
sr_legacy_168655,sr_legacy,168655,牛肩上板腱牛排，无骨，仅可分离瘦肉，去除外部脂肪，Select级，生,"Beef, shoulder top blade steak, boneless, separable lean only, trimmed to 0"" fat, select, raw",20.39,5.73,0.0,,,,,Beef Products,
sr_legacy_168656,sr_legacy,168656,牛胸肉（brisket）扁平部，无骨，仅瘦肉，去除外部脂肪，所有等级，生,"Beef, brisket, flat half, boneless separable lean only, trimmed to 0"" fat, all grades, raw",21.47,5.11,0,,,,,Beef Products,
sr_legacy_168657,sr_legacy,168657,牛胸肉（brisket）扁平部，无骨，仅瘦肉，去除外部脂肪，Choice级，生,"Beef, brisket, flat half, boneless, separable lean only, trimmed to 0"" fat, choice, raw",21.28,5.75,0,,,,,Beef Products,
sr_legacy_168658,sr_legacy,168658,牛胸肉（brisket）扁平部，无骨，仅瘦肉，去除外部脂肪，Select级，生,"Beef, brisket, flat half, boneless, separable lean only, trimmed to 0"" fat, select, raw",21.74,4.14,0,,,,,Beef Products,
sr_legacy_168659,sr_legacy,168659,牛肩上板腱牛排，无骨，可分离瘦肉和脂肪，去除外部脂肪，Choice级，熟，煎烤,"Beef, shoulder top blade steak, boneless, separable lean and fat, trimmed to 0"" fat, choice, cooked, grilled",27.51,12.26,0.0,,,,,Beef Products,
sr_legacy_168660,sr_legacy,168660,牛肩眼烤肉（America's Beef Roast），无骨，可分离瘦肉和脂肪，去除外部脂肪，所有等级，生,"Beef, chuck eye roast, boneless, America's Beef Roast, separable lean and fat, trimmed to 0"" fat, all grades, raw",19.18,11.48,0,,,,,Beef Products,保留 America's Beef Roast 英文切法名，方便搜索和核对
sr_legacy_168661,sr_legacy,168661,牛肩眼烤肉（America's Beef Roast），无骨，可分离瘦肉和脂肪，去除外部脂肪，Choice级，生,"Beef, chuck eye roast, boneless, America's Beef Roast, separable lean and fat, trimmed to 0"" fat, choice, raw",19.14,12.02,0,,,,,Beef Products,保留 America's Beef Roast 英文切法名，方便搜索和核对
sr_legacy_168662,sr_legacy,168662,牛肩眼烤肉（America's Beef Roast），无骨，可分离瘦肉和脂肪，去除外部脂肪，Select级，生,"Beef, chuck eye roast, boneless, America's Beef Roast, separable lean and fat, trimmed to 0"" fat, select, raw",19.25,10.67,0,,,,,Beef Products,保留 America's Beef Roast 英文切法名，方便搜索和核对
sr_legacy_168663,sr_legacy,168663,修整零售牛肉切块综合，可分离瘦肉和脂肪，外部脂肪修至1/8英寸，Select级，熟,"Beef, composite of trimmed retail cuts, separable lean and fat, trimmed to 1/8"" fat, select, cooked",26.06,15.09,0,,,,,Beef Products,
sr_legacy_168664,sr_legacy,168664,整块牛胸肉（brisket），可分离瘦肉和脂肪，外部脂肪修至1/8英寸，所有等级，生,"Beef, brisket, whole, separable lean and fat, trimmed to 1/8"" fat, all grades, raw",18.42,19.06,0.56,,,,,Beef Products,
sr_legacy_168665,sr_legacy,168665,整块牛胸肉（brisket），可分离瘦肉和脂肪，外部脂肪修至1/8英寸，所有等级，熟，炖煮,"Beef, brisket, whole, separable lean and fat, trimmed to 1/8"" fat, all grades, cooked, braised",25.85,24.5,0,,,,,Beef Products,
sr_legacy_168666,sr_legacy,168666,牛胸肉（brisket）扁平部，可分离瘦肉和脂肪，外部脂肪修至1/8英寸，所有等级，生,"Beef, brisket, flat half, separable lean and fat, trimmed to 1/8"" fat, all grades, raw",17.94,22.18,0,,,,,Beef Products,
sr_legacy_168667,sr_legacy,168667,牛肩臂肉锅烤肉，可分离瘦肉和脂肪，外部脂肪修至1/8英寸，所有等级，熟，炖煮,"Beef, chuck, arm pot roast, separable lean and fat, trimmed to 1/8"" fat, all grades, cooked, braised",30.12,19.22,0,,,,,Beef Products,
sr_legacy_168668,sr_legacy,168668,牛肩臂肉锅烤肉，可分离瘦肉和脂肪，外部脂肪修至1/8英寸，Choice级，生,"Beef, chuck, arm pot roast, separable lean and fat, trimmed to 1/8"" fat, choice, raw",19.14,18.57,0,,,,,Beef Products,
sr_legacy_168669,sr_legacy,168669,牛肩臂肉锅烤肉，可分离瘦肉和脂肪，外部脂肪修至1/8英寸，Choice级，熟，炖煮,"Beef, chuck, arm pot roast, separable lean and fat, trimmed to 1/8"" fat, choice, cooked, braised",30.2,19.93,0,,,,,Beef Products,
sr_legacy_168670,sr_legacy,168670,牛肩臂肉锅烤肉，可分离瘦肉和脂肪，外部脂肪修至1/8英寸，Select级，生,"Beef, chuck, arm pot roast, separable lean and fat, trimmed to 1/8"" fat, select, raw",19.33,17.39,0,,,,,Beef Products,
sr_legacy_168671,sr_legacy,168671,牛肩胛板腱烤肉，可分离瘦肉和脂肪，外部脂肪修至1/8英寸，Choice级，熟，炖煮,"Beef, chuck, blade roast, separable lean and fat, trimmed to 1/8"" fat, choice, cooked, braised",26.37,27.26,0,,,,,Beef Products,
sr_legacy_168672,sr_legacy,168672,牛肩胛板腱烤肉，可分离瘦肉和脂肪，外部脂肪修至1/8英寸，Select级，生,"Beef, chuck, blade roast, separable lean and fat, trimmed to 1/8"" fat, select, raw",17.37,17.33,0,,,,,Beef Products,
sr_legacy_168673,sr_legacy,168673,牛肩胛板腱烤肉，可分离瘦肉和脂肪，外部脂肪修至1/8英寸，Select级，熟，炖煮,"Beef, chuck, blade roast, separable lean and fat, trimmed to 1/8"" fat, select, cooked, braised",27.33,22.35,0,,,,,Beef Products,
sr_legacy_168674,sr_legacy,168674,牛肩眼烤肉（America's Beef Roast），无骨，仅瘦肉，去除外部脂肪，所有等级，熟，烤制,"Beef, chuck eye roast, boneless, America's Beef Roast, separable lean only, trimmed to 0"" fat, all grades, cooked, roasted",26.65,8.46,0,,,,,Beef Products,保留 America's Beef Roast 英文切法名，方便搜索和核对
sr_legacy_168675,sr_legacy,168675,牛肋整段（第6–12肋），可分离瘦肉和脂肪，外部脂肪修整至1/8英寸，Choice 等级，生,"Beef, rib, whole (ribs 6-12), separable lean and fat, trimmed to 1/8"" fat, choice, raw",16.34,27.93,0.0,,,,,Beef Products,
sr_legacy_168676,sr_legacy,168676,牛肋整段（第6–12肋），可分离瘦肉和脂肪，外部脂肪修整至1/8英寸，Choice 等级，熟，炙烤,"Beef, rib, whole (ribs 6-12), separable lean and fat, trimmed to 1/8"" fat, choice, cooked, broiled",22.26,28.5,0.0,,,,,Beef Products,
sr_legacy_168677,sr_legacy,168677,牛肋整段（第6–12肋），可分离瘦肉和脂肪，外部脂肪修整至1/8英寸，Choice 等级，熟，烤制,"Beef, rib, whole (ribs 6-12), separable lean and fat, trimmed to 1/8"" fat, choice, cooked, roasted",22.6,29.79,0.0,,,,,Beef Products,
sr_legacy_168678,sr_legacy,168678,牛肋整段（第6–12肋），可分离瘦肉和脂肪，外部脂肪修整至1/8英寸，Select 等级，生,"Beef, rib, whole (ribs 6-12), separable lean and fat, trimmed to 1/8"" fat, select, raw",16.75,23.95,0.0,,,,,Beef Products,
sr_legacy_168679,sr_legacy,168679,牛肋整段（第6–12肋），可分离瘦肉和脂肪，外部脂肪修整至1/8英寸，Prime 等级，熟，烤制,"Beef, rib, whole (ribs 6-12), separable lean and fat, trimmed to 1/8"" fat, prime, cooked, roasted",22.57,33.7,0.0,,,,,Beef Products,
sr_legacy_168680,sr_legacy,168680,牛肋大端（第6–9肋），可分离瘦肉和脂肪，外部脂肪修整至1/8英寸，各等级，生,"Beef, rib, large end (ribs 6-9), separable lean and fat, trimmed to 1/8"" fat, all grades, raw",16.26,27.29,0.0,,,,,Beef Products,
sr_legacy_168681,sr_legacy,168681,牛肋大端（第6–9肋），可分离瘦肉和脂肪，外部脂肪修整至1/8英寸，各等级，熟，炙烤,"Beef, rib, large end (ribs 6-9), separable lean and fat, trimmed to 1/8"" fat, all grades, cooked, broiled",21.55,27.22,0.0,,,,,Beef Products,
sr_legacy_168682,sr_legacy,168682,牛肋大端（第6–9肋），可分离瘦肉和脂肪，外部脂肪修整至1/8英寸，各等级，熟，烤制,"Beef, rib, large end (ribs 6-9), separable lean and fat, trimmed to 1/8"" fat, all grades, cooked, roasted",23.01,28.51,0.0,,,,,Beef Products,
sr_legacy_168683,sr_legacy,168683,牛肋大端（第6–9肋），可分离瘦肉和脂肪，外部脂肪修整至1/8英寸，Select 等级，熟，炙烤,"Beef, rib, large end (ribs 6-9), separable lean and fat, trimmed to 1/8"" fat, select, cooked, broiled",21.55,25.71,0.0,,,,,Beef Products,
sr_legacy_168684,sr_legacy,168684,牛肋大端（第6–9肋），可分离瘦肉和脂肪，外部脂肪修整至1/8英寸，Select 等级，熟，烤制,"Beef, rib, large end (ribs 6-9), separable lean and fat, trimmed to 1/8"" fat, select, cooked, roasted",23.4,25.84,0.0,,,,,Beef Products,
sr_legacy_168685,sr_legacy,168685,牛肋大端（第6–9肋），可分离瘦肉和脂肪，外部脂肪修整至1/8英寸，Prime 等级，生,"Beef, rib, large end (ribs 6-9), separable lean and fat, trimmed to 1/8"" fat, prime, raw",15.77,33.26,0.0,,,,,Beef Products,
sr_legacy_168686,sr_legacy,168686,牛肋大端（第6–9肋），可分离瘦肉和脂肪，外部脂肪修整至1/8英寸，Prime 等级，熟，炙烤,"Beef, rib, large end (ribs 6-9), separable lean and fat, trimmed to 1/8"" fat, prime, cooked, broiled",20.65,34.97,0.0,,,,,Beef Products,
sr_legacy_168687,sr_legacy,168687,牛肋大端（第6–9肋），可分离瘦肉和脂肪，外部脂肪修整至1/8英寸，Prime 等级，熟，烤制,"Beef, rib, large end (ribs 6-9), separable lean and fat, trimmed to 1/8"" fat, prime, cooked, roasted",22.86,32.74,0.0,,,,,Beef Products,
sr_legacy_168688,sr_legacy,168688,牛肋小端（第10–12肋），可分离瘦肉和脂肪，外部脂肪修整至1/8英寸，Choice 等级，熟，炙烤,"Beef, rib, small end (ribs 10-12), separable lean and fat, trimmed to 1/8"" fat, choice, cooked, broiled",24.53,22.09,0.0,,,,,Beef Products,
sr_legacy_168689,sr_legacy,168689,牛肋小端（第10–12肋），可分离瘦肉和脂肪，外部脂肪修整至1/8英寸，Choice 等级，熟，烤制,"Beef, rib, small end (ribs 10-12), separable lean and fat, trimmed to 1/8"" fat, choice, cooked, roasted",22.28,29.21,0.0,,,,,Beef Products,
sr_legacy_168690,sr_legacy,168690,牛肋小端（第10–12肋），可分离瘦肉和脂肪，外部脂肪修整至1/8英寸，Select 等级，生,"Beef, rib, small end (ribs 10-12), separable lean and fat, trimmed to 1/8"" fat, select, raw",19.56,18.0,0.0,,,,,Beef Products,
sr_legacy_168691,sr_legacy,168691,牛肋小端（第10–12肋），可分离瘦肉和脂肪，外部脂肪修整至1/8英寸，Select 等级，熟，炙烤,"Beef, rib, small end (ribs 10-12), separable lean and fat, trimmed to 1/8"" fat, select, cooked, broiled",27.17,18.0,0.0,,,,,Beef Products,
sr_legacy_168692,sr_legacy,168692,牛肩上板腱牛排，无骨，可分离瘦肉和脂肪，去除外部脂肪，Select级，熟，煎烤,"Beef, shoulder top blade steak, boneless, separable lean and fat, trimmed to 0"" fat, select, cooked, grilled",27.7,9.29,0.0,,,,,Beef Products,
sr_legacy_168693,sr_legacy,168693,牛肩上板腱牛排，无骨，可分离瘦肉和脂肪，去除外部脂肪，各等级，生,"Beef, shoulder top blade steak, boneless, separable lean and fat, trimmed to 0"" fat, all grades, raw",20.16,7.25,0.0,,,,,Beef Products,
sr_legacy_168694,sr_legacy,168694,牛后腿整切肉，可分离瘦肉和脂肪，外部脂肪修整至1/8英寸，Choice级，生,"Beef, round, full cut, separable lean and fat, trimmed to 1/8"" fat, choice, raw",20.56,11.92,0.0,,,,,Beef Products,
sr_legacy_168695,sr_legacy,168695,牛后腿整切肉，可分离瘦肉和脂肪，外部脂肪修整至1/8英寸，Choice级，熟，上火烤制,"Beef, round, full cut, separable lean and fat, trimmed to 1/8"" fat, choice, cooked, broiled",27.54,12.98,0.0,,,,,Beef Products,
sr_legacy_168696,sr_legacy,168696,牛后腿下圆肉烤块，可分离瘦肉和脂肪，外部脂肪修整至1/8英寸，各等级，熟，烤制,"Beef, round, bottom round, roast, separable lean and fat, trimmed to 1/8"" fat, all grades, cooked, roasted",26.41,11.64,0.0,,,,,Beef Products,
sr_legacy_168697,sr_legacy,168697,牛后腿下圆肉牛排，可分离瘦肉和脂肪，外部脂肪修整至1/8英寸，Choice级，生,"Beef, round, bottom round, steak, separable lean and fat, trimmed to 1/8"" fat, choice, raw",20.71,12.15,0.0,,,,,Beef Products,
sr_legacy_168698,sr_legacy,168698,牛后腿下圆肉牛排，可分离瘦肉和脂肪，外部脂肪修整至1/8英寸，Choice级，熟，炖煮,"Beef, round, bottom round, steak, separable lean and fat, trimmed to 1/8"" fat, choice, cooked, braised",32.85,12.56,0.0,,,,,Beef Products,
sr_legacy_168699,sr_legacy,168699,牛后腿下圆肉烤块，可分离瘦肉和脂肪，外部脂肪修整至1/8英寸，Choice级，熟，烤制,"Beef, round, bottom round, roast, separable lean and fat, trimmed to 1/8"" fat, choice, cooked, roasted",26.05,12.44,0.0,,,,,Beef Products,
sr_legacy_168700,sr_legacy,168700,牛后腿下圆肉牛排，可分离瘦肉和脂肪，外部脂肪修整至1/8英寸，Select级，生,"Beef, round, bottom round, steak, separable lean and fat, trimmed to 1/8"" fat, select, raw",20.68,10.93,0.0,,,,,Beef Products,
sr_legacy_168701,sr_legacy,168701,牛后腿眼肉烤块，可分离瘦肉和脂肪，外部脂肪修整至1/8英寸，Choice级，生,"Beef, round, eye of round, roast, separable lean and fat, trimmed to 1/8"" fat, choice, raw",21.68,8.91,0.0,,,,,Beef Products,
sr_legacy_168702,sr_legacy,168702,牛后腿眼肉烤块，可分离瘦肉和脂肪，外部脂肪修整至1/8英寸，Choice级，熟，烤制,"Beef, round, eye of round, roast, separable lean and fat, trimmed to 1/8"" fat, choice, cooked, roasted",28.48,10.05,0.0,,,,,Beef Products,
sr_legacy_168703,sr_legacy,168703,牛后腿眼肉烤块，可分离瘦肉和脂肪，外部脂肪修整至1/8英寸，Select级，生,"Beef, round, eye of round, roast, separable lean and fat, trimmed to 1/8"" fat, select, raw",21.3,7.57,0.08,,,,,Beef Products,
sr_legacy_168704,sr_legacy,168704,牛后腿眼肉烤块，可分离瘦肉和脂肪，外部脂肪修整至1/8英寸，Select级，熟，烤制,"Beef, round, eye of round, roast, separable lean and fat, trimmed to 1/8"" fat, select, cooked, roasted",28.13,9.26,0.0,,,,,Beef Products,
sr_legacy_168705,sr_legacy,168705,牛后腿尖圆肉，可分离瘦肉和脂肪，外部脂肪修整至1/8英寸，Select级，生,"Beef, round, tip round, separable lean and fat, trimmed to 1/8"" fat, select, raw",19.74,10.39,0.0,,,,,Beef Products,
sr_legacy_168706,sr_legacy,168706,牛后腿尖圆肉烤块，可分离瘦肉和脂肪，外部脂肪修整至1/8英寸，Select级，熟，烤制,"Beef, round, tip round, roast, separable lean and fat, trimmed to 1/8"" fat, select, cooked, roasted",27.63,10.24,0.0,,,,,Beef Products,
sr_legacy_168707,sr_legacy,168707,牛肩上板腱牛排，无骨，可分离瘦肉和脂肪，去除外部脂肪，Choice级，生,"Beef, shoulder top blade steak, boneless, separable lean and fat, trimmed to 0"" fat, choice, raw",20.07,7.94,0.0,,,,,Beef Products,
sr_legacy_168708,sr_legacy,168708,牛后腿上圆肉，仅可分离瘦肉，外部脂肪修整至1/8英寸，Choice级，熟，平底锅煎制,"Beef, round, top round, separable lean only, trimmed to 1/8"" fat, choice, cooked, pan-fried",33.93,8.33,2.03,,,,,Beef Products,
sr_legacy_168709,sr_legacy,168709,牛后腿上圆肉，可分离瘦肉和脂肪，外部脂肪修整至1/8英寸，Choice级，熟，炖煮,"Beef, round, top round, separable lean and fat, trimmed to 1/8"" fat, choice, cooked, braised",34.09,11.61,0.0,,,,,Beef Products,
sr_legacy_168710,sr_legacy,168710,牛后腿上圆肉牛排，可分离瘦肉和脂肪，外部脂肪修整至1/8英寸，Choice级，熟，上火烤制,"Beef, round, top round, steak, separable lean and fat, trimmed to 1/8"" fat, choice, cooked, broiled",30.7,10.27,0.0,,,,,Beef Products,
sr_legacy_168711,sr_legacy,168711,牛后腿上圆肉，可分离瘦肉和脂肪，外部脂肪修整至1/8英寸，Choice级，熟，平底锅煎制,"Beef, round, top round, separable lean and fat, trimmed to 1/8"" fat, choice, cooked, pan-fried",32.99,13.83,0.0,,,,,Beef Products,
sr_legacy_168712,sr_legacy,168712,牛后腿上圆肉牛排，可分离瘦肉和脂肪，外部脂肪修整至1/8英寸，Select级，生,"Beef, round, top round, steak, separable lean and fat, trimmed to 1/8"" fat, select, raw",22.18,7.68,0.0,,,,,Beef Products,
sr_legacy_168713,sr_legacy,168713,牛后腿上圆肉，可分离瘦肉和脂肪，外部脂肪修整至1/8英寸，Select级，熟，炖煮,"Beef, round, top round, separable lean and fat, trimmed to 1/8"" fat, select, cooked, braised",34.6,8.54,0.0,,,,,Beef Products,
sr_legacy_168714,sr_legacy,168714,牛胸肉（brisket）扁平部，无骨，可分离瘦肉和脂肪，去除外部脂肪，所有等级，生,"Beef, brisket, flat half, boneless, separable lean and fat, trimmed to 0"" fat, all grades, raw",20.32,9.29,0,,,,,Beef Products,
sr_legacy_168715,sr_legacy,168715,牛短腰脊 Porterhouse 牛排，可分离瘦肉和脂肪，外部脂肪修整至1/8英寸，Choice级，生,"Beef, short loin, porterhouse steak, separable lean and fat, trimmed to 1/8"" fat, choice, raw",20.36,14.58,0.0,,,,,Beef Products,Porterhouse 为牛短腰脊大块带骨牛排，保留英文方便核对
sr_legacy_168716,sr_legacy,168716,牛短腰脊 Porterhouse 牛排，可分离瘦肉和脂肪，外部脂肪修整至1/8英寸，Choice级，熟，煎烤,"Beef, short loin, porterhouse steak, separable lean and fat, trimmed to 1/8"" fat, choice, cooked, grilled",24.85,19.78,0.0,,,,,Beef Products,Porterhouse 为牛短腰脊大块带骨牛排，保留英文方便核对
sr_legacy_168717,sr_legacy,168717,牛短腰脊 T骨牛排，可分离瘦肉和脂肪，外部脂肪修整至1/8英寸，Choice级，生,"Beef, short loin, t-bone steak, separable lean and fat, trimmed to 1/8"" fat, choice, raw",20.0,15.83,0.0,,,,,Beef Products,T-bone 为常见牛排名称，保留英文方便搜索
sr_legacy_168718,sr_legacy,168718,牛短腰脊上腰肉（纽约客）牛排，可分离瘦肉和脂肪，外部脂肪修整至1/8英寸，Choice级，熟，煎烤,"Beef, short loin, top loin, steak, separable lean and fat, trimmed to 1/8"" fat, choice, cooked, grilled",26.16,18.45,0.0,,,,,Beef Products,top loin 近似纽约客/上腰肉，保留中文主名称
sr_legacy_168719,sr_legacy,168719,牛上腰脊（纽约客）肉，可分离瘦肉和脂肪，外部脂肪修整至1/8英寸，Select 等级，生,"Beef, loin, top loin, separable lean and fat, trimmed to 1/8"" fat, select, raw",20.59,15.04,0.0,,,,,Beef Products,
sr_legacy_168720,sr_legacy,168720,牛上腰脊（纽约客）肉，可分离瘦肉和脂肪，外部脂肪修整至1/8英寸，Select 等级，熟，煎烤,"Beef, loin, top loin, separable lean and fat, trimmed to 1/8"" fat, select, cooked, grilled",26.72,15.11,0.0,,,,,Beef Products,
sr_legacy_168721,sr_legacy,168721,牛短腰脊上腰肉（纽约客）牛排，可分离瘦肉和脂肪，外部脂肪修整至1/8英寸，Prime级，生,"Beef, short loin, top loin, steak, separable lean and fat, trimmed to 1/8"" fat, prime, raw",19.0,22.17,0.0,,,,,Beef Products,top loin 近似纽约客/上腰肉，保留中文主名称
sr_legacy_168722,sr_legacy,168722,牛里脊（菲力）牛排，可分离瘦肉和脂肪，外部脂肪修整至1/8英寸，Choice级，熟，上火烤制,"Beef, tenderloin, steak, separable lean and fat, trimmed to 1/8"" fat, choice, cooked, broiled",26.43,17.78,0.0,,,,,Beef Products,
sr_legacy_168723,sr_legacy,168723,牛里脊（菲力）烤块，可分离瘦肉和脂肪，外部脂肪修整至1/8英寸，Choice级，熟，烤制,"Beef, tenderloin, roast, separable lean and fat, trimmed to 1/8"" fat, choice, cooked, roasted",23.9,25.39,0.0,,,,,Beef Products,
sr_legacy_168724,sr_legacy,168724,牛里脊（菲力）牛排，可分离瘦肉和脂肪，外部脂肪修整至1/8英寸，Select级，生,"Beef, tenderloin, steak, separable lean and fat, trimmed to 1/8"" fat, select, raw",19.37,18.46,0.0,,,,,Beef Products,
sr_legacy_168725,sr_legacy,168725,牛里脊（菲力）牛排，可分离瘦肉和脂肪，外部脂肪修整至1/8英寸，Select级，熟，上火烤制,"Beef, tenderloin, steak, separable lean and fat, trimmed to 1/8"" fat, select, cooked, broiled",26.48,16.53,0.0,,,,,Beef Products,
sr_legacy_168726,sr_legacy,168726,牛上沙朗牛排，可分离瘦肉和脂肪，外部脂肪修整至1/8英寸，各等级，生,"Beef, top sirloin, steak, separable lean and fat, trimmed to 1/8"" fat, all grades, raw",20.3,12.71,0.0,,,,,Beef Products,
sr_legacy_168727,sr_legacy,168727,牛上沙朗牛排，可分离瘦肉和脂肪，外部脂肪修整至1/8英寸，各等级，熟，上火烤制,"Beef, top sirloin, steak, separable lean and fat, trimmed to 1/8"" fat, all grades, cooked, broiled",26.96,14.23,0.0,,,,,Beef Products,
sr_legacy_168728,sr_legacy,168728,牛上沙朗牛排，可分离瘦肉和脂肪，外部脂肪修整至1/8英寸，Choice级，生,"Beef, top sirloin, steak, separable lean and fat, trimmed to 1/8"" fat, choice, raw",19.92,14.28,0.0,,,,,Beef Products,
sr_legacy_168729,sr_legacy,168729,牛上沙朗牛排，可分离瘦肉和脂肪，外部脂肪修整至1/8英寸，Choice级，熟，上火烤制,"Beef, top sirloin, steak, separable lean and fat, trimmed to 1/8"" fat, choice, cooked, broiled",26.8,15.75,0.0,,,,,Beef Products,
sr_legacy_168730,sr_legacy,168730,牛肩胛肉块烤肉，仅瘦肉，去除外部脂肪，Select级，熟，烤制,"Beef, chuck, clod roast, separable lean only, trimmed to 0"" fat, select, cooked, roasted",28.09,5.82,0,,,,,Beef Products,
sr_legacy_168731,sr_legacy,168731,牛肩肉牛排，无骨，仅可分离瘦肉，去除外部脂肪，Choice级，熟，煎烤,"Beef, shoulder steak, boneless, separable lean only, trimmed to 0"" fat, choice, cooked, grilled",28.54,6.25,0.0,,,,,Beef Products,
sr_legacy_168732,sr_legacy,168732,牛肩肉牛排，无骨，仅可分离瘦肉，去除外部脂肪，Select级，熟，煎烤,"Beef, shoulder steak, boneless, separable lean only, trimmed to 0"" fat, select, cooked, grilled",28.71,5.17,0.0,,,,,Beef Products,
sr_legacy_168733,sr_legacy,168733,牛腹胁牛排，可分离瘦肉和脂肪，去除外部脂肪，所有等级，熟，上火烤制,"Beef, flank, steak, separable lean and fat, trimmed to 0"" fat, all grades, cooked, broiled",27.66,8.23,0,,,,,Beef Products,
sr_legacy_168734,sr_legacy,168734,牛下沙朗三角肉（tri-tip）烤肉，可分离瘦肉和脂肪，去除外部脂肪，所有等级，生,"Beef, bottom sirloin, tri-tip roast, separable lean and fat, trimmed to 0"" fat, all grades, raw",20.64,8.55,0,,,,,Beef Products,
sr_legacy_168735,sr_legacy,168735,牛下沙朗三角肉（tri-tip）烤肉，可分离瘦肉和脂肪，去除外部脂肪，Choice级，熟，烤制,"Beef, bottom sirloin, tri-tip roast, separable lean and fat, trimmed to 0"" fat, choice, cooked, roasted",25.66,12.36,0,,,,,Beef Products,
sr_legacy_168736,sr_legacy,168736,牛下沙朗三角肉（tri-tip）烤肉，可分离瘦肉和脂肪，去除外部脂肪，Choice级，生,"Beef, bottom sirloin, tri-tip roast, separable lean and fat, trimmed to 0"" fat, choice, raw",20.64,9.51,0,,,,,Beef Products,
sr_legacy_168737,sr_legacy,168737,牛下沙朗三角肉（tri-tip）烤肉，可分离瘦肉和脂肪，去除外部脂肪，Select级，熟，烤制,"Beef, bottom sirloin, tri-tip roast, separable lean and fat, trimmed to 0"" fat, select, cooked, roasted",26.44,9.78,0,,,,,Beef Products,
sr_legacy_168738,sr_legacy,168738,牛肩上板腱，仅瘦肉，去除外部脂肪，Choice级，熟，上火烤制,"Beef, chuck, top blade, separable lean only, trimmed to 0"" fat, choice, cooked, broiled",26.11,11.65,0,,,,,Beef Products,
sr_legacy_168739,sr_legacy,168739,牛肩上板腱，仅瘦肉，去除外部脂肪，Select级，熟，上火烤制,"Beef, chuck, top blade, separable lean only, trimmed to 0"" fat, select, cooked, broiled",26.16,8,0,,,,,Beef Products,
sr_legacy_168740,sr_legacy,168740,牛后腿上圆肉牛排，无骨，可分离瘦肉和脂肪，去除外部脂肪，Choice级，熟，煎烤,"Beef, round, top round steak, boneless, separable lean and fat, trimmed to 0"" fat, choice, cooked, grilled",30.12,4.62,0.0,,,,,Beef Products,
sr_legacy_168741,sr_legacy,168741,牛后腿上圆肉牛排，无骨，可分离瘦肉和脂肪，去除外部脂肪，Select级，熟，煎烤,"Beef, round, top round steak, boneless, separable lean and fat, trimmed to 0"" fat, select, cooked, grilled",29.7,3.85,0.0,,,,,Beef Products,
sr_legacy_168742,sr_legacy,168742,牛肩眼烤肉（America's Beef Roast），无骨，仅瘦肉，去除外部脂肪，Select级，生,"Beef, chuck eye roast, boneless, America's Beef Roast, separable lean only, trimmed to 0"" fat, select, raw",20.52,5.71,0,,,,,Beef Products,保留 America's Beef Roast 英文切法名，方便搜索和核对
sr_legacy_168743,sr_legacy,168743,牛胸肉（brisket）扁平部，无骨，可分离瘦肉和脂肪，去除外部脂肪，Choice级，生,"Beef, brisket, flat half, boneless, separable lean and fat, trimmed to 0"" fat, choice, raw",20.15,9.86,0,,,,,Beef Products,
sr_legacy_168744,sr_legacy,168744,牛腹板内裙牛排，仅可分离瘦肉，去除外部脂肪，各等级，熟，炙烤,"Beef, plate, inside skirt steak, separable lean only, trimmed to 0"" fat, all grades, cooked, broiled",26.66,10.06,0.0,,,,,Beef Products,
sr_legacy_168745,sr_legacy,168745,牛腹板外裙牛排，仅可分离瘦肉，去除外部脂肪，各等级，熟，炙烤,"Beef, plate, outside skirt steak, separable lean only, trimmed to 0"" fat, all grades, cooked, broiled",24.18,14.37,0.0,,,,,Beef Products,
sr_legacy_168867,sr_legacy,168867,黄色脱胚强化玉米面,"Cornmeal, degermed, enriched, yellow",7.11,1.75,79.45,,,,,Cereal Grains and Pasta,
sr_legacy_168868,sr_legacy,168868,黄色自发玉米面，过筛，原味，强化,"Cornmeal, yellow, self-rising, bolted, plain, enriched",8.28,3.4,70.28,,,,,Cereal Grains and Pasta,
sr_legacy_168869,sr_legacy,168869,黄色自发玉米面，过筛，添加小麦粉，强化,"Cornmeal, yellow, self-rising, bolted, with wheat flour added, enriched",8.41,2.85,73.43,,,,,Cereal Grains and Pasta,
sr_legacy_168870,sr_legacy,168870,黄色自发脱胚玉米面，强化,"Cornmeal, yellow, self-rising, degermed, enriched",8.41,1.72,74.79,,,,,Cereal Grains and Pasta,
sr_legacy_168871,sr_legacy,168871,小米，熟,"Millet, cooked",3.51,1.0,23.67,,,,,Cereal Grains and Pasta,
sr_legacy_168872,sr_legacy,168872,燕麦麸，生,"Oat bran, raw",17.3,7.03,66.22,,,,,Cereal Grains and Pasta,
sr_legacy_168873,sr_legacy,168873,燕麦麸，熟,"Oat bran, cooked",3.21,0.86,11.44,,,,,Cereal Grains and Pasta,
sr_legacy_168874,sr_legacy,168874,藜麦，未煮,"Quinoa, uncooked",14.12,6.07,64.16,,,,,Cereal Grains and Pasta,
sr_legacy_168875,sr_legacy,168875,中粒糙米饭，熟,"Rice, brown, medium-grain, cooked (Includes foods for USDA's Food Distribution Program)",2.32,0.83,23.51,,,,,Cereal Grains and Pasta,
sr_legacy_168876,sr_legacy,168876,UNCLE BEN'S 半熟化糙米，干,"Rice, brown, parboiled, dry, UNCLE BEN'S",7.6,2.75,78.68,,,,,Cereal Grains and Pasta,保留品牌名 UNCLE BEN'S
sr_legacy_168877,sr_legacy,168877,长粒普通强化白米，生,"Rice, white, long-grain, regular, raw, enriched",7.13,0.66,79.95,,,,,Cereal Grains and Pasta,
sr_legacy_168878,sr_legacy,168878,长粒普通强化白米饭，熟,"Rice, white, long-grain, regular, enriched, cooked",2.69,0.28,28.17,,,,,Cereal Grains and Pasta,
sr_legacy_168879,sr_legacy,168879,中粒强化白米，生,"Rice, white, medium-grain, raw, enriched",6.61,0.58,79.34,,,,,Cereal Grains and Pasta,
sr_legacy_168880,sr_legacy,168880,中粒强化白米饭，熟,"Rice, white, medium-grain, enriched, cooked",2.38,0.21,28.59,,,,,Cereal Grains and Pasta,
sr_legacy_168881,sr_legacy,168881,短粒强化白米，未煮,"Rice, white, short-grain, enriched, uncooked",6.5,0.52,79.15,,,,,Cereal Grains and Pasta,
sr_legacy_168882,sr_legacy,168882,短粒强化白米饭，熟,"Rice, white, short-grain, enriched, cooked",2.36,0.19,28.73,,,,,Cereal Grains and Pasta,
sr_legacy_168883,sr_legacy,168883,糯白米，未强化，未煮,"Rice, white, glutinous, unenriched, uncooked",6.81,0.55,81.68,,,,,Cereal Grains and Pasta,
sr_legacy_168884,sr_legacy,168884,黑麦粒,Rye grain,10.34,1.63,75.86,,,,,Cereal Grains and Pasta,
sr_legacy_168885,sr_legacy,168885,深色黑麦粉,"Rye flour, dark",15.91,2.22,68.63,,,,,Cereal Grains and Pasta,
sr_legacy_168886,sr_legacy,168886,中等颜色黑麦粉,"Rye flour, medium",10.88,1.52,75.43,,,,,Cereal Grains and Pasta,
sr_legacy_168887,sr_legacy,168887,浅色黑麦粉,"Rye flour, light",9.82,1.33,76.68,,,,,Cereal Grains and Pasta,
sr_legacy_168888,sr_legacy,168888,全谷物小黑麦粉,"Triticale flour, whole-grain",13.18,1.81,73.14,,,,,Cereal Grains and Pasta,
sr_legacy_168889,sr_legacy,168889,硬红春小麦,"Wheat, hard red spring",15.4,1.92,68.03,,,,,Cereal Grains and Pasta,
sr_legacy_168890,sr_legacy,168890,硬红冬小麦,"Wheat, hard red winter",12.61,1.54,71.18,,,,,Cereal Grains and Pasta,
sr_legacy_168891,sr_legacy,168891,软红冬小麦,"Wheat, soft red winter",10.35,1.56,74.24,,,,,Cereal Grains and Pasta,
sr_legacy_168892,sr_legacy,168892,小麦胚芽，粗制,"Wheat germ, crude",23.15,9.72,51.8,,,,,Cereal Grains and Pasta,
sr_legacy_168893,sr_legacy,168893,全谷物小麦粉,"Wheat flour, whole-grain (Includes foods for USDA's Food Distribution Program)",13.21,2.5,71.97,,,,,Cereal Grains and Pasta,
sr_legacy_168894,sr_legacy,168894,白色通用小麦粉，强化，漂白,"Wheat flour, white, all-purpose, enriched, bleached",10.33,0.98,76.31,,,,,Cereal Grains and Pasta,
sr_legacy_168895,sr_legacy,168895,白色通用自发小麦粉，强化,"Wheat flour, white, all-purpose, self-rising, enriched",9.89,0.97,74.22,,,,,Cereal Grains and Pasta,
sr_legacy_168896,sr_legacy,168896,白色面包小麦粉，强化,"Wheat flour, white, bread, enriched",11.98,1.66,72.53,,,,,Cereal Grains and Pasta,
sr_legacy_168897,sr_legacy,168897,野米，熟,"Wild rice, cooked",3.99,0.34,21.34,,,,,Cereal Grains and Pasta,
sr_legacy_168898,sr_legacy,168898,糙米粉,"Rice flour, brown",7.23,2.78,76.48,,,,,Cereal Grains and Pasta,
sr_legacy_168899,sr_legacy,168899,无麸质玉米意面，干,"Pasta, gluten-free, corn, dry",7.46,2.08,79.26,,,,,Cereal Grains and Pasta,
sr_legacy_168900,sr_legacy,168900,无麸质玉米意面，熟,"Pasta, gluten-free, corn, cooked",2.63,0.73,27.91,,,,,Cereal Grains and Pasta,
sr_legacy_168901,sr_legacy,168901,自制鸡蛋意面，熟,"Pasta, homemade, made with egg, cooked",5.28,1.74,23.54,,,,,Cereal Grains and Pasta,
sr_legacy_168902,sr_legacy,168902,自制无蛋意面，熟,"Pasta, homemade, made without egg, cooked",4.37,0.98,25.12,,,,,Cereal Grains and Pasta,
sr_legacy_168903,sr_legacy,168903,蔬菜通心粉，强化，干,"Macaroni, vegetable, enriched, dry",13.14,1.04,74.88,,,,,Cereal Grains and Pasta,
sr_legacy_168904,sr_legacy,168904,蔬菜通心粉，强化，熟,"Macaroni, vegetable, enriched, cooked",4.53,0.11,26.61,,,,,Cereal Grains and Pasta,
sr_legacy_168905,sr_legacy,168905,中式炒面面条,"Noodles, chinese, chow mein",10.88,21.24,63.64,,,,,Cereal Grains and Pasta,
sr_legacy_168906,sr_legacy,168906,日式荞麦面 Soba，干,"Noodles, japanese, soba, dry",14.38,0.71,74.62,,,,,Cereal Grains and Pasta,
sr_legacy_168907,sr_legacy,168907,日式荞麦面 Soba，熟,"Noodles, japanese, soba, cooked",5.06,0.1,21.44,,,,,Cereal Grains and Pasta,
sr_legacy_168908,sr_legacy,168908,日式素面 Somen，干,"Noodles, japanese, somen, dry",11.35,0.81,74.1,,,,,Cereal Grains and Pasta,
sr_legacy_168909,sr_legacy,168909,日式素面 Somen，熟,"Noodles, japanese, somen, cooked",4.0,0.18,27.54,,,,,Cereal Grains and Pasta,
sr_legacy_168910,sr_legacy,168910,全麦意面，熟,"Pasta, whole-wheat, cooked (Includes foods for USDA's Food Distribution Program)",5.99,1.71,30.07,,,,,Cereal Grains and Pasta,
sr_legacy_168911,sr_legacy,168911,菠菜意大利面，干,"Spaghetti, spinach, dry",13.35,1.57,74.81,,,,,Cereal Grains and Pasta,
sr_legacy_168912,sr_legacy,168912,菠菜意大利面，熟,"Spaghetti, spinach, cooked",4.58,0.63,26.15,,,,,Cereal Grains and Pasta,
sr_legacy_168913,sr_legacy,168913,面包小麦粉，未强化,"Wheat flours, bread, unenriched",11.98,1.66,72.53,,,,,Cereal Grains and Pasta,
sr_legacy_168914,sr_legacy,168914,米粉条，熟,"Rice noodles, cooked",1.79,0.2,24.01,,,,,Cereal Grains and Pasta,
sr_legacy_168915,sr_legacy,168915,全谷物意面，51%全麦，其余为未强化粗粒小麦粉，干,"Pasta, whole grain, 51% whole wheat, remaining unenriched semolina, dry",13.51,2.68,73.1,,,,,Cereal Grains and Pasta,
sr_legacy_168916,sr_legacy,168916,全谷物意面，51%全麦，其余为未强化粗粒小麦粉，熟,"Pasta, whole grain, 51% whole wheat, remaining unenriched semolina, cooked",5.82,1.5,31.51,,,,,Cereal Grains and Pasta,
sr_legacy_168917,sr_legacy,168917,藜麦，熟,"Quinoa, cooked",4.4,1.92,21.3,,,,,Cereal Grains and Pasta,
sr_legacy_168918,sr_legacy,168918,苔麸 Teff，熟,"Teff, cooked",3.87,0.65,19.86,,,,,Cereal Grains and Pasta,
sr_legacy_168919,sr_legacy,168919,鸡蛋面，熟，强化，加盐,"Noodles, egg, cooked, enriched, with added salt",4.54,2.07,25.16,,,,,Cereal Grains and Pasta,
sr_legacy_168920,sr_legacy,168920,白玉米粒,"Corn grain, white",9.42,4.74,74.26,,,,,Cereal Grains and Pasta,
sr_legacy_168921,sr_legacy,168921,蓝玉米全谷物玉米粉，harina de maiz morado,"Corn flour, whole-grain, blue (harina de maiz morado)",8.75,5.09,73.89,,,,,Cereal Grains and Pasta,
sr_legacy_168922,sr_legacy,168922,白色脱胚强化玉米面,"Cornmeal, degermed, enriched, white",7.11,1.75,79.45,,,,,Cereal Grains and Pasta,
sr_legacy_168923,sr_legacy,168923,白色自发玉米面，过筛，原味，强化,"Cornmeal, white, self-rising, bolted, plain, enriched",8.28,3.4,70.28,,,,,Cereal Grains and Pasta,
sr_legacy_168924,sr_legacy,168924,白色自发玉米面，过筛，添加小麦粉，强化,"Cornmeal, white, self-rising, bolted, with wheat flour added, enriched",8.41,2.85,73.43,,,,,Cereal Grains and Pasta,
sr_legacy_168925,sr_legacy,168925,白色自发脱胚玉米面，强化,"Cornmeal, white, self-rising, degermed, enriched",8.41,1.72,74.79,,,,,Cereal Grains and Pasta,
sr_legacy_168926,sr_legacy,168926,鸡蛋面，未强化，熟，不加盐,"Noodles, egg, unenriched, cooked, without added salt",4.54,2.07,25.16,,,,,Cereal Grains and Pasta,
sr_legacy_168927,sr_legacy,168927,意面，干，未强化,"Pasta, dry, unenriched",13.04,1.51,74.67,,,,,Cereal Grains and Pasta,
sr_legacy_168928,sr_legacy,168928,意面，熟，未强化，不加盐,"Pasta, cooked, unenriched, without added salt",5.8,0.93,30.86,,,,,Cereal Grains and Pasta,
sr_legacy_168929,sr_legacy,168929,黄色脱胚未强化玉米面,"Cornmeal, degermed, unenriched, yellow",7.11,1.75,79.45,,,,,Cereal Grains and Pasta,
sr_legacy_168930,sr_legacy,168930,中粒未强化白米饭，熟,"Rice, white, medium-grain, cooked, unenriched",2.38,0.21,28.59,,,,,Cereal Grains and Pasta,
sr_legacy_168931,sr_legacy,168931,短粒未强化白米，生,"Rice, white, short-grain, raw, unenriched",6.5,0.52,79.15,,,,,Cereal Grains and Pasta,
sr_legacy_168932,sr_legacy,168932,短粒未强化白米饭，熟,"Rice, white, short-grain, cooked, unenriched",2.36,0.19,28.73,,,,,Cereal Grains and Pasta,
sr_legacy_168933,sr_legacy,168933,粗粒小麦粉 Semolina，未强化,"Semolina, unenriched",12.68,1.05,72.83,,,,,Cereal Grains and Pasta,
sr_legacy_168934,sr_legacy,168934,高蛋白强化意大利面，熟,"Spaghetti, protein-fortified, cooked, enriched (n x 6.25)",8.86,0.21,30.88,,,,,Cereal Grains and Pasta,
sr_legacy_168935,sr_legacy,168935,长粒普通未强化白米饭，加盐,"Rice, white, long-grain, regular, cooked, unenriched, with salt",2.69,0.28,28.17,,,,,Cereal Grains and Pasta,
sr_legacy_168936,sr_legacy,168936,白色通用小麦粉，强化，未漂白,"Wheat flour, white, all-purpose, enriched, unbleached",10.33,0.98,76.31,,,,,Cereal Grains and Pasta,
sr_legacy_168937,sr_legacy,168937,高蛋白强化意大利面，干,"Spaghetti, protein-fortified, dry, enriched (n x 6.25)",21.78,2.23,65.65,,,,,Cereal Grains and Pasta,
sr_legacy_168943,sr_legacy,168943,全谷物高粱粉,"Sorghum flour, whole-grain",8.43,3.34,76.64,,,,,Cereal Grains and Pasta,
sr_legacy_168944,sr_legacy,168944,全谷物软质小麦粉,"Wheat flour, whole-grain, soft wheat",9.61,1.95,74.48,,,,,Cereal Grains and Pasta,
sr_legacy_168945,sr_legacy,168945,黄肉土豆薯饼，切丝，冷冻，未烹调，加工时加盐,"Potatoes, yellow fleshed, hash brown, shredded, salt added in processing, frozen, unprepared",2.04,0.07,17.98,,,,,Vegetables and Vegetable Products,
sr_legacy_168946,sr_legacy,168946,楔形炸薯角，冷冻，未烹调,"Potatoes, french fried, wedge cut, frozen, unprepared",2.56,7.47,22.22,,,,,Vegetables and Vegetable Products,
sr_legacy_168947,sr_legacy,168947,粗切炸薯条（steak fries），加工时未加盐，冷冻，未烹调,"Potatoes, french fried, steak cut, salt not added in processing, frozen, unprepared",2.4,3.42,24.31,,,,,Vegetables and Vegetable Products,保留 steak fries 便于核对切法
sr_legacy_168948,sr_legacy,168948,网格切炸薯条，冷冻，未烹调,"Potatoes, french fried, cross cut, frozen, unprepared",2.7,10.0,22.95,,,,,Vegetables and Vegetable Products,
sr_legacy_169050,sr_legacy,169050,Muenster 奶酪，低脂,"Cheese, muenster, low fat",24.7,17.6,3.5,,,,,Dairy and Egg Products,
sr_legacy_169051,sr_legacy,169051,莫扎雷拉奶酪，无脂,"Cheese, mozzarella, nonfat",31.7,0.0,3.5,,,,,Dairy and Egg Products,
sr_legacy_169065,sr_legacy,169065,辣味豆，烧烤牧场风味，熟,"Beans, chili, barbecue, ranch style, cooked",5,1,16.9,,,,,Legumes and Legume Products,Chili/barbecue/ranch style 为美式调味豆类
sr_legacy_169067,sr_legacy,169067,植物基肉丸,"Meatballs, meatless",21,9,8,,,,,Legumes and Legume Products,meatless 按植物基/素食肉制品处理
sr_legacy_169068,sr_legacy,169068,植物基肉片,Vegetarian fillets,23,18,9,,,,,Legumes and Legume Products,Vegetarian fillets 按植物基肉片处理
sr_legacy_169069,sr_legacy,169069,植物基三明治涂抹酱,"Sandwich spread, meatless",8,9,9,,,,,Legumes and Legume Products,meatless 按植物基/素食制品处理
sr_legacy_169074,sr_legacy,169074,番茄酱，罐装，不加盐,"Tomato sauce, canned, no salt added",1.2,0.3,5.31,,,,,Vegetables and Vegetable Products,
sr_legacy_169078,sr_legacy,169078,乡村奶酪，含蔬菜,"Cheese, cottage, with vegetables",10.9,4.2,3.0,,,,,Dairy and Egg Products,
sr_legacy_169079,sr_legacy,169079,奶油奶酪，低脂,"Cheese, cream, low fat",7.85,16.67,6.73,,,,,Dairy and Egg Products,
sr_legacy_169080,sr_legacy,169080,美式再制奶酪，低脂,"Cheese, pasteurized process, American, low fat",24.6,7.0,3.5,,,,,Dairy and Egg Products,
sr_legacy_169081,sr_legacy,169081,奶油奶酪基底抹酱,"Cheese spread, cream cheese base",7.1,28.6,3.5,,,,,Dairy and Egg Products,
sr_legacy_169082,sr_legacy,169082,中式风味猪肉，脱水,"Pork, oriental style, dehydrated",11.8,62.4,1.4,,,,,Pork Products,原文为 oriental style，按“中式风味/东方风味”处理
sr_legacy_169083,sr_legacy,169083,豆制凝乳干酪（soybean curd cheese）,"Soybean, curd cheese",12.5,8.1,6.9,,,,,Legumes and Legume Products,术语不完全等同普通豆腐或腐乳，保留英文便于核对
sr_legacy_169084,sr_legacy,169084,土豆，罐装，沥干固体，不加盐,"Potatoes, canned, drained solids, no salt added",1.4,0.2,13.6,,,,,Vegetables and Vegetable Products,
sr_legacy_169085,sr_legacy,169085,混合蔬菜（玉米、利马豆、豌豆、四季豆、胡萝卜），罐装，不加盐,"Vegetables, mixed (corn, lima beans, peas, green beans, carrots) canned, no salt added",1.4,0.2,7.31,,,,,Vegetables and Vegetable Products,
sr_legacy_169086,sr_legacy,169086,荔枝，生,"Litchis, raw",0.83,0.44,16.53,,,,,Fruits and Fruit Juices,
sr_legacy_169087,sr_legacy,169087,荔枝干,"Litchis, dried",3.8,1.2,70.7,,,,,Fruits and Fruit Juices,
sr_legacy_169088,sr_legacy,169088,罗甘莓，冷冻,"Loganberries, frozen",1.52,0.31,13.02,,,,,Fruits and Fruit Juices,
sr_legacy_169089,sr_legacy,169089,龙眼，生,"Longans, raw",1.31,0.1,15.14,,,,,Fruits and Fruit Juices,
sr_legacy_169092,sr_legacy,169092,甜瓜（Cantaloupe），生,"Melons, cantaloupe, raw",0.84,0.19,8.16,,,,,Fruits and Fruit Juices,
sr_legacy_169093,sr_legacy,169093,卡萨巴甜瓜，生,"Melons, casaba, raw",1.11,0.1,6.58,,,,,Fruits and Fruit Juices,
sr_legacy_169094,sr_legacy,169094,熟橄榄，罐装，小到大规格,"Olives, ripe, canned (small-extra large)",0.84,10.9,6.04,,,,,Fruits and Fruit Juices,
sr_legacy_169095,sr_legacy,169095,熟橄榄，罐装，特大规格,"Olives, ripe, canned (jumbo-super colossal)",0.97,6.87,5.61,,,,,Fruits and Fruit Juices,
sr_legacy_169096,sr_legacy,169096,青橄榄，腌渍，罐装或瓶装,"Olives, pickled, canned or bottled, green",1.03,15.32,3.84,,,,,Fruits and Fruit Juices,
sr_legacy_169097,sr_legacy,169097,橙子，生，商业品种,"Oranges, raw, all commercial varieties",0.94,0.12,11.75,,,,,Fruits and Fruit Juices,
sr_legacy_169098,sr_legacy,169098,橙汁，生,"Orange juice, raw (Includes foods for USDA's Food Distribution Program)",0.7,0.2,10.4,,,,,Fruits and Fruit Juices,
sr_legacy_169100,sr_legacy,169100,橙汁，冷藏，含浓缩还原,"Orange juice, chilled, includes from concentrate",0.68,0.12,11.54,,,,,Fruits and Fruit Juices,
sr_legacy_169101,sr_legacy,169101,橙汁，冷藏，含浓缩还原，添加钙和维生素D,"Orange juice, chilled, includes from concentrate, with added calcium and vitamin D",0.68,0.12,11.27,,,,,Fruits and Fruit Juices,
sr_legacy_169103,sr_legacy,169103,橙皮，生,"Orange peel, raw",1.5,0.2,25.0,,,,,Fruits and Fruit Juices,
sr_legacy_169105,sr_legacy,169105,橘子（宽皮柑橘），生,"Tangerines, (mandarin oranges), raw",0.81,0.31,13.34,,,,,Fruits and Fruit Juices,
sr_legacy_169106,sr_legacy,169106,橘子（宽皮柑橘），罐装，果汁浸,"Tangerines, (mandarin oranges), canned, juice pack",0.62,0.03,9.57,,,,,Fruits and Fruit Juices,
sr_legacy_169107,sr_legacy,169107,木瓜果露，罐装,"Papaya nectar, canned",0.17,0.15,14.51,,,,,Fruits and Fruit Juices,
sr_legacy_169108,sr_legacy,169108,百香果（紫色 Granadilla），生,"Passion-fruit, (granadilla), purple, raw",2.2,0.7,23.38,,,,,Fruits and Fruit Juices,Granadilla 为百香果/西番莲类名称，保留英文便于核对。
sr_legacy_169109,sr_legacy,169109,紫色百香果汁，生,"Passion-fruit juice, purple, raw",0.39,0.05,13.6,,,,,Fruits and Fruit Juices,
sr_legacy_169110,sr_legacy,169110,黄色百香果汁，生,"Passion-fruit juice, yellow, raw",0.67,0.18,14.45,,,,,Fruits and Fruit Juices,
sr_legacy_169115,sr_legacy,169115,桃干，硫处理，炖煮，加糖,"Peaches, dried, sulfured, stewed, with added sugar",1.06,0.22,26.6,,,,,Fruits and Fruit Juices,
sr_legacy_169117,sr_legacy,169117,桃果露，罐装，添加三氯蔗糖，不添加维生素C,"Peach nectar, canned, with sucralose, without added ascorbic acid",0.1,0.57,11.61,,,,,Fruits and Fruit Juices,
sr_legacy_169118,sr_legacy,169118,梨，生,"Pears, raw",0.36,0.14,15.23,,,,,Fruits and Fruit Juices,
sr_legacy_169119,sr_legacy,169119,梨，罐装，水浸，含固形物和液体,"Pears, canned, water pack, solids and liquids",0.19,0.03,7.81,,,,,Fruits and Fruit Juices,
sr_legacy_169121,sr_legacy,169121,梨干，硫处理，未烹调,"Pears, dried, sulfured, uncooked",1.87,0.63,69.7,,,,,Fruits and Fruit Juices,
sr_legacy_169122,sr_legacy,169122,梨干，硫处理，炖煮，不加糖,"Pears, dried, sulfured, stewed, without added sugar",0.91,0.31,33.81,,,,,Fruits and Fruit Juices,
sr_legacy_169123,sr_legacy,169123,梨干，硫处理，炖煮，加糖,"Pears, dried, sulfured, stewed, with added sugar",0.86,0.29,37.14,,,,,Fruits and Fruit Juices,
sr_legacy_169124,sr_legacy,169124,菠萝，生，所有品种,"Pineapple, raw, all varieties",0.54,0.12,13.12,,,,,Fruits and Fruit Juices,
sr_legacy_169125,sr_legacy,169125,菠萝，罐装，水浸，含固形物和液体,"Pineapple, canned, water pack, solids and liquids",0.43,0.09,8.3,,,,,Fruits and Fruit Juices,
sr_legacy_169126,sr_legacy,169126,菠萝，罐装，果汁浸，含固形物和液体,"Pineapple, canned, juice pack, solids and liquids",0.42,0.08,15.7,,,,,Fruits and Fruit Juices,
sr_legacy_169129,sr_legacy,169129,巴西樱桃（Pitanga），生,"Pitanga, (surinam-cherry), raw",0.8,0.4,7.49,,,,,Fruits and Fruit Juices,Pitanga/Surinam cherry 为巴西樱桃，保留英文方便核对。
sr_legacy_169130,sr_legacy,169130,黄大蕉（Plantain），生,"Plantains, yellow, raw",1.3,0.35,31.89,,,,,Fruits and Fruit Juices,Plantain 为大蕉/烹调用香蕉，保留英文方便搜索。
sr_legacy_169131,sr_legacy,169131,黄大蕉（Plantain），烘烤,"Plantains, yellow, baked",1.52,0.16,41.37,,,,,Fruits and Fruit Juices,Plantain 为大蕉/烹调用香蕉，保留英文方便搜索。
sr_legacy_169134,sr_legacy,169134,石榴，生,"Pomegranates, raw",1.67,1.17,18.7,,,,,Fruits and Fruit Juices,
sr_legacy_169135,sr_legacy,169135,嫩利马豆，熟，水煮，沥干，不加盐,"Lima beans, immature seeds, cooked, boiled, drained, without salt",6.81,0.32,23.64,,,,,Vegetables and Vegetable Products,
sr_legacy_169136,sr_legacy,169136,嫩利马豆，罐装，含固形物和液体，普通包装,"Lima beans, immature seeds, canned, regular pack, solids and liquids",4.07,0.29,13.33,,,,,Vegetables and Vegetable Products,
sr_legacy_169137,sr_legacy,169137,绿豆芽，熟，水煮，沥干，不加盐,"Mung beans, mature seeds, sprouted, cooked, boiled, drained, without salt",2.03,0.09,4.19,,,,,Vegetables and Vegetable Products,
sr_legacy_169138,sr_legacy,169138,绿豆芽，熟，炒,"Mung beans, mature seeds, sprouted, cooked, stir-fried",4.3,0.21,10.59,,,,,Vegetables and Vegetable Products,
sr_legacy_169139,sr_legacy,169139,海军豆芽，生,"Beans, navy, mature seeds, sprouted, raw",6.15,0.7,13.05,,,,,Vegetables and Vegetable Products,
sr_legacy_169140,sr_legacy,169140,海军豆芽，熟，水煮，沥干，不加盐,"Beans, navy, mature seeds, sprouted, cooked, boiled, drained, without salt",7.07,0.81,15.01,,,,,Vegetables and Vegetable Products,
sr_legacy_169141,sr_legacy,169141,青四季豆，熟，水煮，沥干，不加盐,"Beans, snap, green, cooked, boiled, drained, without salt",1.89,0.28,7.88,,,,,Vegetables and Vegetable Products,
sr_legacy_169142,sr_legacy,169142,青四季豆，罐装，含固形物和液体，普通包装,"Beans, snap, green, canned, regular pack, solids and liquids",0.72,0.17,3.27,,,,,Vegetables and Vegetable Products,
sr_legacy_169143,sr_legacy,169143,青四季豆，罐装，沥干固形物，普通包装,"Beans, snap, green, canned, regular pack, drained solids",1.05,0.41,4.19,,,,,Vegetables and Vegetable Products,
sr_legacy_169144,sr_legacy,169144,四季豆，罐装，含固形物和液体，各种形态，调味,"Beans, snap, canned, all styles, seasoned, solids and liquids",0.83,0.2,3.49,,,,,Vegetables and Vegetable Products,
sr_legacy_169145,sr_legacy,169145,甜菜根，生,"Beets, raw",1.61,0.17,9.56,,,,,Vegetables and Vegetable Products,
sr_legacy_169146,sr_legacy,169146,甜菜根，熟，水煮，沥干,"Beets, cooked, boiled, drained",1.68,0.18,9.96,,,,,Vegetables and Vegetable Products,
sr_legacy_169147,sr_legacy,169147,甜菜根，罐装，含固形物和液体，普通包装,"Beets, canned, regular pack, solids and liquids",0.73,0.09,7.14,,,,,Vegetables and Vegetable Products,
sr_legacy_169148,sr_legacy,169148,腌制火腿，加水，整块，无骨，仅可分离瘦肉，加热，烤制,"Pork, cured, ham -- water added, whole, boneless, separable lean only, heated, roasted",17.99,4.39,1.57,,,,,Pork Products,
sr_legacy_169149,sr_legacy,169149,腌制火腿，加水，整块，无骨，仅可分离瘦肉，未加热,"Pork, cured, ham -- water added, whole, boneless, separable lean only, unheated",17.34,3.97,1.45,,,,,Pork Products,
sr_legacy_169150,sr_legacy,169150,腌制火腿加水制品，小腿部，带骨，仅可分离瘦肉，加热，烤制,"Pork, cured, ham and water product, shank, bone-in, separable lean only, heated, roasted",21.69,4.45,1.26,,,,,Pork Products,
sr_legacy_169151,sr_legacy,169151,腌制火腿，加水，切片，带骨，仅可分离瘦肉，未加热,"Pork, cured, ham -- water added, slice, bone-in, separable lean only, unheated",17.38,2.29,1.23,,,,,Pork Products,
sr_legacy_169152,sr_legacy,169152,腌制火腿加水制品，臀部，带骨，仅可分离瘦肉，未加热,"Pork, cured, ham and water product, rump, bone-in, separable lean only, unheated",17.93,3.38,1.24,,,,,Pork Products,
sr_legacy_169153,sr_legacy,169153,腌制火腿加水制品，切片，带骨，仅可分离瘦肉，未加热,"Pork, cured, ham and water product, slice, bone-in, separable lean only, unheated",14.47,3.78,2.82,,,,,Pork Products,
sr_legacy_169154,sr_legacy,169154,腌制火腿加水制品，小腿部，带骨，未加热，仅可分离瘦肉,"Pork, cured, ham and water product, shank, bone-in, unheated, separable lean only",17.53,4.18,1.2,,,,,Pork Products,
sr_legacy_169155,sr_legacy,169155,腌制火腿，可分离脂肪，无骨，加热,"Pork, cured, ham, separable fat, boneless, heated",8.77,51.57,2,,,,,Pork Products,
sr_legacy_169156,sr_legacy,169156,腌制火腿，可分离脂肪，无骨，未加热,"Pork, cured, ham, separable fat, boneless, unheated",7.5,53,1.87,,,,,Pork Products,
sr_legacy_169157,sr_legacy,169157,腌猪肘,"Pork, pickled pork hocks",19.11,10.54,0,,,,,Pork Products,
sr_legacy_169158,sr_legacy,169158,腌制火腿，切片，带骨，仅可分离瘦肉，加热，煎烤,"Pork, cured, ham, slice, bone-in, separable lean only, heated, pan-broil",27.18,4.09,0.74,,,,,Pork Products,
sr_legacy_169159,sr_legacy,169159,腌制含天然肉汁火腿，整块，无骨，可分离瘦肉和脂肪，未加热,"Pork, cured, ham with natural juices, whole, boneless, separable lean and fat, unheated",19.38,3.43,1.02,,,,,Pork Products,
sr_legacy_169160,sr_legacy,169160,腌制火腿加水制品，整块，无骨，可分离瘦肉和脂肪，未加热,"Pork, cured, ham and water product, whole, boneless, separable lean and fat, unheated",14.05,4.99,4.21,,,,,Pork Products,
sr_legacy_169161,sr_legacy,169161,腌制火腿加水制品，切片，带骨，可分离瘦肉和脂肪，未加热,"Pork, cured, ham and water product, slice, bone-in, separable lean and fat, unheated",13.69,9.29,2.72,,,,,Pork Products,
sr_legacy_169162,sr_legacy,169162,腌制火腿加水制品，小腿部，带骨，可分离瘦肉和脂肪，未加热,"Pork, cured, ham and water product, shank, bone-in, separable lean and fat, unheated",14.28,20,1.42,,,,,Pork Products,
sr_legacy_169163,sr_legacy,169163,腌制火腿加水制品，臀部，带骨，可分离瘦肉和脂肪，未加热,"Pork, cured, ham and water product, rump, bone-in, separable lean and fat, unheated",16.09,12.13,1.35,,,,,Pork Products,
sr_legacy_169164,sr_legacy,169164,腌制火腿，加水，臀部，带骨，可分离瘦肉和脂肪，加热，烤制,"Pork, cured, ham -- water added, rump, bone-in, separable lean and fat, heated, roasted",20.1,8.56,0.99,,,,,Pork Products,
sr_legacy_169165,sr_legacy,169165,腌制火腿，加水，小腿部，带骨，可分离瘦肉和脂肪，加热，烤制,"Pork, cured, ham -- water added, shank, bone-in, separable lean and fat, heated, roasted",18.62,13.37,1.35,,,,,Pork Products,
sr_legacy_169166,sr_legacy,169166,腌制火腿，加水，切片，带骨，可分离瘦肉和脂肪，加热，煎烤,"Pork, cured, ham -- water added, slice, bone-in, separable lean and fat, heated, pan-broil",20.8,8.73,1.54,,,,,Pork Products,
sr_legacy_169167,sr_legacy,169167,腌制火腿，加水，切片，无骨，可分离瘦肉和脂肪，加热，煎烤,"Pork, cured, ham -- water added, slice, boneless, separable lean and fat, heated, pan-broil",18.62,5.05,1.72,,,,,Pork Products,
sr_legacy_169168,sr_legacy,169168,腌制火腿加水制品，切片，无骨，可分离瘦肉和脂肪，加热，煎烤,"Pork, cured, ham and water product, slice, boneless, separable lean and fat, heated, pan-broil",15.08,5.13,4.69,,,,,Pork Products,
sr_legacy_169169,sr_legacy,169169,腌制火腿加水制品，整块，无骨，可分离瘦肉和脂肪，加热，烤制,"Pork, cured, ham and water product, whole, boneless, separable lean and fat, heated, roasted",13.88,5.46,4.61,,,,,Pork Products,
sr_legacy_169170,sr_legacy,169170,腌制含天然肉汁火腿，臀部，带骨，可分离瘦肉和脂肪，加热，烤制,"Pork, cured, ham with natural juices, rump, bone-in, separable lean and fat, heated, roasted",22.47,9.39,0.6,,,,,Pork Products,
sr_legacy_169171,sr_legacy,169171,腌制含天然肉汁火腿，小腿部，带骨，可分离瘦肉和脂肪，加热，烤制,"Pork, cured, ham with natural juices, shank, bone-in, separable lean and fat, heated, roasted",22.88,10.93,0.33,,,,,Pork Products,
sr_legacy_169172,sr_legacy,169172,腌制含天然肉汁火腿，切片，带骨，可分离瘦肉和脂肪，加热，煎烤,"Pork, cured, ham with natural juices, slice, bone-in, separable lean and fat, heated, pan-broil",26.18,8.28,0.17,,,,,Pork Products,
sr_legacy_169173,sr_legacy,169173,腌制火腿，臀部，带骨，仅可分离瘦肉，加热，烤制,"Pork, cured, ham, rump, bone-in, separable lean only, heated, roasted",26.02,3.07,0.68,,,,,Pork Products,
sr_legacy_169174,sr_legacy,169174,腌制火腿，臀部，带骨，仅可分离瘦肉，未加热,"Pork, cured, ham, rump, bone-in, separable lean only, unheated",24.46,2.92,0.32,,,,,Pork Products,
sr_legacy_169175,sr_legacy,169175,腌制火腿，小腿部，带骨，仅可分离瘦肉，加热，烤制,"Pork, cured, ham, shank, bone-in, separable lean only, heated, roasted",26.49,3.68,0.68,,,,,Pork Products,
sr_legacy_169176,sr_legacy,169176,腌制火腿，小腿部，带骨，仅可分离瘦肉，未加热,"Pork, cured, ham, shank, bone-in, separable lean only, unheated",23.79,3.19,0.18,,,,,Pork Products,
sr_legacy_169177,sr_legacy,169177,腌制火腿，切片，带骨，可分离瘦肉和脂肪，未加热,"Pork, cured, ham, slice, bone-in, separable lean and fat, unheated",22.45,9.17,0.21,,,,,Pork Products,
sr_legacy_169178,sr_legacy,169178,鲜猪肋排，可分离瘦肉和脂肪，熟，烤制,"Pork, fresh, spareribs, separable lean and fat, cooked, roasted",20.89,30.86,0,,,,,Pork Products,
sr_legacy_169179,sr_legacy,169179,鲜猪可分离脂肪混合样本，添加保水液，生,"Pork, fresh, composite of separable fat, with added solution, raw",9.27,52.33,0,,,,,Pork Products,
sr_legacy_169180,sr_legacy,169180,鲜猪里脊肉，仅可分离瘦肉，添加保水液，熟，烤制,"Pork, fresh, loin, tenderloin, separable lean only, with added solution, cooked, roasted",21.61,3.15,0.31,,,,,Pork Products,
sr_legacy_169181,sr_legacy,169181,鲜猪上腰脊猪排，无骨，仅可分离瘦肉，添加保水液，生,"Pork, fresh, loin, top loin (chops), boneless, separable lean only, with added solution, raw",21.09,3.48,0.22,,,,,Pork Products,
sr_legacy_169182,sr_legacy,169182,鲜猪上腰脊猪排，无骨，可分离瘦肉和脂肪，添加保水液，生,"Pork, fresh, loin, top loin (chops), boneless, separable lean and fat, with added solution, raw",19.45,10.26,0,,,,,Pork Products,
sr_legacy_169183,sr_legacy,169183,鲜猪上腰脊猪排，无骨，可分离瘦肉和脂肪，添加保水液，熟，炙烤,"Pork, fresh, loin, top loin (chops), boneless, separable lean and fat, with added solution, cooked, broiled",28.33,9.42,0.02,,,,,Pork Products,
sr_legacy_169184,sr_legacy,169184,鲜猪里脊肉，可分离瘦肉和脂肪，添加保水液，生,"Pork, fresh, loin, tenderloin, separable lean and fat, with added solution, raw",20.16,3.14,0,,,,,Pork Products,
sr_legacy_169185,sr_legacy,169185,鲜猪里脊肉，可分离瘦肉和脂肪，添加保水液，熟，烤制,"Pork, fresh, loin, tenderloin, separable lean and fat, with added solution, cooked, roasted",21.5,3.7,0.31,,,,,Pork Products,
sr_legacy_169186,sr_legacy,169186,猪后腿上盖肉排，无骨，可分离瘦肉和脂肪，生,"Pork, Leg Cap Steak, boneless, separable lean and fat, raw",21.64,3.39,0,,,,,Pork Products,
sr_legacy_169187,sr_legacy,169187,猪肩胸部，无骨，可分离瘦肉和脂肪，生,"Pork, Shoulder breast, boneless, separable lean and fat, raw",22.54,3.4,0,,,,,Pork Products,
sr_legacy_169188,sr_legacy,169188,猪肩胸部，无骨，可分离瘦肉和脂肪，熟，炙烤,"Pork, Shoulder breast, boneless, separable lean and fat, cooked, broiled",28.47,4.49,0,,,,,Pork Products,
sr_legacy_169189,sr_legacy,169189,猪肩小嫩肉，无骨，可分离瘦肉和脂肪，熟，炙烤,"Pork, shoulder, petite tender, boneless, separable lean and fat, cooked, broiled",27.47,4.23,0,,,,,Pork Products,
sr_legacy_169190,sr_legacy,169190,猪肉末，96%瘦肉/4%脂肪，生,"Pork, ground, 96% lean / 4% fat, raw",21.1,4,0.21,,,,,Pork Products,
sr_legacy_169191,sr_legacy,169191,猪肉末，72%瘦肉/28%脂肪，熟，碎粒状,"Pork, ground, 72% lean / 28% fat, cooked, crumbles",22.83,32.93,1.39,,,,,Pork Products,
sr_legacy_169192,sr_legacy,169192,猪肉末，84%瘦肉/16%脂肪，熟，碎粒状,"Pork, ground, 84% lean / 16% fat, cooked, crumbles",26.69,20.04,0.58,,,,,Pork Products,
sr_legacy_169193,sr_legacy,169193,猪肉末，96%瘦肉/4%脂肪，熟，碎粒状,"Pork, ground, 96% lean / 4% fat, cooked, crumbles",30.55,7.15,0,,,,,Pork Products,
sr_legacy_169194,sr_legacy,169194,鲜猪腰脊肩胛端猪排或烤肉块，无骨，仅可分离瘦肉，生,"Pork, fresh, loin, blade (chops or roasts), boneless, separable lean only, raw",21.35,3.78,0.82,,,,,Pork Products,
sr_legacy_169195,sr_legacy,169195,鲜猪腰脊肩胛端烤肉块，无骨，仅可分离瘦肉，熟，烤制,"Pork, fresh, loin, blade (roasts), boneless, separable lean only, cooked, roasted",27.58,7.14,0,,,,,Pork Products,
sr_legacy_169196,sr_legacy,169196,鲜猪腰脊肩胛端猪排，无骨，仅可分离瘦肉，熟，炙烤,"Pork, fresh, loin, blade (chops), boneless, separable lean only, boneless, cooked, broiled",26.14,6.74,0.89,,,,,Pork Products,
sr_legacy_169197,sr_legacy,169197,鲜猪腰脊乡村式肋排，仅可分离瘦肉，无骨，熟，炙烤,"Pork, fresh, loin, country-style ribs, separable lean only, boneless, cooked, broiled",27.83,11.65,0,,,,,Pork Products,
sr_legacy_169198,sr_legacy,169198,鲜猪腰脊肩胛端烤肉块，无骨，可分离瘦肉和脂肪，熟，烤制,"Pork, fresh, loin, blade (roasts), boneless, separable lean and fat, cooked, roasted",26.48,10.32,0,,,,,Pork Products,
sr_legacy_169199,sr_legacy,169199,鲜猪腰脊乡村式肋排，可分离瘦肉和脂肪，无骨，熟，炙烤,"Pork, fresh, loin, country-style ribs, separable lean and fat, boneless, cooked, broiled",26.28,15.73,0,,,,,Pork Products,
sr_legacy_169200,sr_legacy,169200,鲜猪腰脊乡村式肋排，可分离瘦肉和脂肪，带骨，熟，炙烤,"Pork, fresh, loin, country-style ribs, separable lean and fat, bone-in, cooked, broiled",25.58,17.56,0,,,,,Pork Products,
sr_legacy_169201,sr_legacy,169201,鲜猪腰脊乡村式肋排，可分离瘦肉和脂肪，无骨，熟，烤制,"Pork, fresh, loin, country-style ribs, separable lean and fat, boneless, cooked, roasted",26.4,18.31,0,,,,,Pork Products,
sr_legacy_169202,sr_legacy,169202,苋菜叶，熟，水煮，沥干，不加盐,"Amaranth leaves, cooked, boiled, drained, without salt",2.11,0.18,4.11,,,,,Vegetables and Vegetable Products,
sr_legacy_169203,sr_legacy,169203,慈姑，生,"Arrowhead, raw",5.33,0.29,20.23,,,,,Vegetables and Vegetable Products,
sr_legacy_169204,sr_legacy,169204,慈姑，熟，水煮，沥干，不加盐,"Arrowhead, cooked, boiled, drained, without salt",4.49,0.1,16.14,,,,,Vegetables and Vegetable Products,
sr_legacy_169205,sr_legacy,169205,洋蓟，生,"Artichokes, (globe or french), raw",3.27,0.15,10.51,,,,,Vegetables and Vegetable Products,
sr_legacy_169206,sr_legacy,169206,芦笋，罐装，含固形物和液体，普通包装,"Asparagus, canned, regular pack, solids and liquids",1.8,0.18,2.48,,,,,Vegetables and Vegetable Products,
sr_legacy_169207,sr_legacy,169207,芦笋，罐装，沥干固形物,"Asparagus, canned, drained solids",2.14,0.65,2.46,,,,,Vegetables and Vegetable Products,
sr_legacy_169208,sr_legacy,169208,芦笋，冷冻，未烹调,"Asparagus, frozen, unprepared",3.23,0.23,4.1,,,,,Vegetables and Vegetable Products,
sr_legacy_169209,sr_legacy,169209,芦笋，冷冻，熟，水煮，沥干，不加盐,"Asparagus, frozen, cooked, boiled, drained, without salt",2.95,0.42,1.92,,,,,Vegetables and Vegetable Products,
sr_legacy_169210,sr_legacy,169210,竹笋，生,"Bamboo shoots, raw",2.6,0.3,5.2,,,,,Vegetables and Vegetable Products,
sr_legacy_169211,sr_legacy,169211,竹笋，熟，水煮，沥干，不加盐,"Bamboo shoots, cooked, boiled, drained, without salt",1.53,0.22,1.92,,,,,Vegetables and Vegetable Products,
sr_legacy_169212,sr_legacy,169212,竹笋，罐装，沥干固形物,"Bamboo shoots, canned, drained solids",1.72,0.4,3.22,,,,,Vegetables and Vegetable Products,
sr_legacy_169213,sr_legacy,169213,腰豆芽，生,"Beans, kidney, mature seeds, sprouted, raw",4.2,0.5,4.1,,,,,Vegetables and Vegetable Products,
sr_legacy_169214,sr_legacy,169214,黄甜玉米，罐装，沥干固形物，整粒,"Corn, sweet, yellow, canned, whole kernel, drained solids",2.29,1.22,14.34,,,,,Vegetables and Vegetable Products,
sr_legacy_169215,sr_legacy,169215,黄甜玉米，罐装，普通包装，糊状,"Corn, sweet, yellow, canned, cream style, regular pack",1.74,0.42,18.13,,,,,Vegetables and Vegetable Products,
sr_legacy_169216,sr_legacy,169216,黄甜玉米，罐装，普通包装，真空包装,"Corn, sweet, yellow, canned, vacuum pack, regular pack",2.41,0.5,19.44,,,,,Vegetables and Vegetable Products,
sr_legacy_169217,sr_legacy,169217,黄玉米，冷冻，微波加热，整粒,"Corn, yellow, whole kernel, frozen, microwaved",3.62,1.42,25.87,,,,,Vegetables and Vegetable Products,
sr_legacy_169218,sr_legacy,169218,玉米配红绿甜椒，罐装，含固形物和液体,"Corn with red and green peppers, canned, solids and liquids",2.33,0.55,18.17,,,,,Vegetables and Vegetable Products,
sr_legacy_169219,sr_legacy,169219,羊莴苣，生,"Cornsalad, raw",2.0,0.4,3.6,,,,,Vegetables and Vegetable Products,
sr_legacy_169220,sr_legacy,169220,嫩黑眼豆，生,"Cowpeas (blackeyes), immature seeds, raw",2.95,0.35,18.83,,,,,Vegetables and Vegetable Products,cowpeas 按豇豆/黑眼豆语境处理
sr_legacy_169221,sr_legacy,169221,豇豆嫩荚带籽，熟，水煮，沥干，不加盐,"Cowpeas, young pods with seeds, cooked, boiled, drained, without salt",2.6,0.3,7.0,,,,,Vegetables and Vegetable Products,cowpeas 按豇豆/黑眼豆语境处理
sr_legacy_169222,sr_legacy,169222,豇豆/长豆角，生,"Yardlong bean, raw",2.8,0.4,8.35,,,,,Vegetables and Vegetable Products,
sr_legacy_169223,sr_legacy,169223,豇豆/长豆角，煮熟，沥干，不加盐,"Yardlong bean, cooked, boiled, drained, without salt",2.53,0.1,9.18,,,,,Vegetables and Vegetable Products,
sr_legacy_169224,sr_legacy,169224,豇豆嫩叶，生,"Cowpeas, leafy tips, raw",4.1,0.25,4.82,,,,,Vegetables and Vegetable Products,cowpeas 按豇豆/黑眼豆语境处理
sr_legacy_169225,sr_legacy,169225,黄瓜，去皮，生,"Cucumber, peeled, raw",0.59,0.16,2.16,,,,,Vegetables and Vegetable Products,保留去皮/带皮信息，方便搜索和营养区分
sr_legacy_169226,sr_legacy,169226,蒲公英叶，生,"Dandelion greens, raw",2.7,0.7,9.2,,,,,Vegetables and Vegetable Products,
sr_legacy_169227,sr_legacy,169227,蒲公英叶，熟，水煮，沥干，不加盐,"Dandelion greens, cooked, boiled, drained, without salt",2.0,0.6,6.4,,,,,Vegetables and Vegetable Products,
sr_legacy_169228,sr_legacy,169228,茄子，生,"Eggplant, raw",0.98,0.18,5.88,,,,,Vegetables and Vegetable Products,
sr_legacy_169229,sr_legacy,169229,茄子，熟，水煮，沥干，不加盐,"Eggplant, cooked, boiled, drained, without salt",0.83,0.23,8.73,,,,,Vegetables and Vegetable Products,
sr_legacy_169230,sr_legacy,169230,大蒜，生,"Garlic, raw",6.36,0.5,33.06,,,,,Vegetables and Vegetable Products,
sr_legacy_169231,sr_legacy,169231,姜，生,"Ginger root, raw",1.82,0.75,17.77,,,,,Vegetables and Vegetable Products,
sr_legacy_169232,sr_legacy,169232,葫芦瓜，生,"Gourd, white-flowered (calabash), raw",0.62,0.02,3.39,,,,,Vegetables and Vegetable Products,
sr_legacy_169233,sr_legacy,169233,葫芦瓜，熟，水煮，沥干，不加盐,"Gourd, white-flowered (calabash), cooked, boiled, drained, without salt",0.6,0.02,3.69,,,,,Vegetables and Vegetable Products,
sr_legacy_169234,sr_legacy,169234,嫩扁豆，生,"Hyacinth-beans, immature seeds, raw",2.1,0.2,9.19,,,,,Vegetables and Vegetable Products,hyacinth-beans 按扁豆处理
sr_legacy_169235,sr_legacy,169235,嫩扁豆，熟，水煮，沥干，不加盐,"Hyacinth-beans, immature seeds, cooked, boiled, drained, without salt",2.95,0.27,9.2,,,,,Vegetables and Vegetable Products,hyacinth-beans 按扁豆处理
sr_legacy_169236,sr_legacy,169236,菊芋（洋姜），生,"Jerusalem-artichokes, raw",2.0,0.01,17.44,,,,,Vegetables and Vegetable Products,
sr_legacy_169237,sr_legacy,169237,木耳（pepeao），生,"Jew's ear, (pepeao), raw",0.48,0.04,6.75,,,,,Vegetables and Vegetable Products,少见食材，中文名按常见译名处理，保留英文/别名便于核对
sr_legacy_169238,sr_legacy,169238,羽衣甘蓝，熟，水煮，沥干，不加盐,"Kale, cooked, boiled, drained, without salt",2.94,1.21,5.3,,,,,Vegetables and Vegetable Products,
sr_legacy_169239,sr_legacy,169239,羽衣甘蓝，冷冻，未烹调,"Kale, frozen, unprepared",2.66,0.46,4.88,,,,,Vegetables and Vegetable Products,
sr_legacy_169240,sr_legacy,169240,羽衣甘蓝，冷冻，熟，水煮，沥干，不加盐,"Kale, frozen, cooked, boiled, drained, without salt",2.94,1.21,5.3,,,,,Vegetables and Vegetable Products,
sr_legacy_169241,sr_legacy,169241,干瓢（干葫芦条）,"Kanpyo, (dried gourd strips)",8.58,0.56,65.03,,,,,Vegetables and Vegetable Products,少见食材，中文名按常见译名处理，保留英文/别名便于核对
sr_legacy_169242,sr_legacy,169242,香菇，生,"Mushrooms, shiitake, raw",2.24,0.49,6.79,,,,,Vegetables and Vegetable Products,
sr_legacy_169243,sr_legacy,169243,波特贝勒蘑菇，烤制,"Mushrooms, portabella, grilled",3.28,0.58,4.44,,,,,Vegetables and Vegetable Products,
sr_legacy_169244,sr_legacy,169244,藜菜，生,"Lambsquarters, raw",4.2,0.8,7.3,,,,,Vegetables and Vegetable Products,少见食材，中文名按常见译名处理，保留英文/别名便于核对
sr_legacy_169245,sr_legacy,169245,藜菜，熟，水煮，沥干，不加盐,"Lambsquarters, cooked, boiled, drained, without salt",3.2,0.7,5.0,,,,,Vegetables and Vegetable Products,少见食材，中文名按常见译名处理，保留英文/别名便于核对
sr_legacy_169246,sr_legacy,169246,韭葱，生,"Leeks, (bulb and lower leaf-portion), raw",1.5,0.3,14.15,,,,,Vegetables and Vegetable Products,
sr_legacy_169247,sr_legacy,169247,罗马生菜，生,"Lettuce, cos or romaine, raw",1.23,0.3,3.29,,,,,Vegetables and Vegetable Products,
sr_legacy_169248,sr_legacy,169248,冰山生菜，生,"Lettuce, iceberg (includes crisphead types), raw",0.9,0.14,2.97,,,,,Vegetables and Vegetable Products,
sr_legacy_169249,sr_legacy,169249,绿叶生菜，生,"Lettuce, green leaf, raw",1.36,0.15,2.87,,,,,Vegetables and Vegetable Products,
sr_legacy_169250,sr_legacy,169250,莲藕，生,"Lotus root, raw",2.6,0.1,17.23,,,,,Vegetables and Vegetable Products,
sr_legacy_169251,sr_legacy,169251,白蘑菇，生,"Mushrooms, white, raw",3.09,0.34,3.26,,,,,Vegetables and Vegetable Products,
sr_legacy_169252,sr_legacy,169252,白蘑菇，熟，水煮，沥干，不加盐,"Mushrooms, white, cooked, boiled, drained, without salt",2.17,0.47,5.29,,,,,Vegetables and Vegetable Products,
sr_legacy_169253,sr_legacy,169253,白蘑菇，炒,"Mushrooms, white, stir-fried",3.58,0.33,4.04,,,,,Vegetables and Vegetable Products,
sr_legacy_169254,sr_legacy,169254,蘑菇罐头，沥干固形物,"Mushrooms, canned, drained solids",1.87,0.29,5.09,,,,,Vegetables and Vegetable Products,
sr_legacy_169255,sr_legacy,169255,波特贝勒蘑菇，生,"Mushrooms, portabella, raw",2.11,0.35,3.87,,,,,Vegetables and Vegetable Products,
sr_legacy_169256,sr_legacy,169256,芥菜，生,"Mustard greens, raw",2.86,0.42,4.67,,,,,Vegetables and Vegetable Products,
sr_legacy_169257,sr_legacy,169257,芥菜，熟，水煮，沥干，不加盐,"Mustard greens, cooked, boiled, drained, without salt",2.56,0.47,4.51,,,,,Vegetables and Vegetable Products,
sr_legacy_169258,sr_legacy,169258,芥菜，冷冻，未烹调,"Mustard greens, frozen, unprepared",2.49,0.27,3.41,,,,,Vegetables and Vegetable Products,
sr_legacy_169259,sr_legacy,169259,芥菜，冷冻，熟，水煮，沥干，不加盐,"Mustard greens, frozen, cooked, boiled, drained, without salt",2.27,0.25,3.11,,,,,Vegetables and Vegetable Products,
sr_legacy_169260,sr_legacy,169260,秋葵，生,"Okra, raw",1.93,0.19,7.45,,,,,Vegetables and Vegetable Products,
sr_legacy_169261,sr_legacy,169261,秋葵，熟，水煮，沥干，不加盐,"Okra, cooked, boiled, drained, without salt",1.87,0.21,4.51,,,,,Vegetables and Vegetable Products,
sr_legacy_169262,sr_legacy,169262,秋葵，冷冻，未烹调,"Okra, frozen, unprepared",1.69,0.25,6.63,,,,,Vegetables and Vegetable Products,
sr_legacy_169263,sr_legacy,169263,秋葵，冷冻，熟，水煮，沥干，不加盐,"Okra, frozen, cooked, boiled, drained, without salt",1.63,0.24,6.41,,,,,Vegetables and Vegetable Products,
sr_legacy_169264,sr_legacy,169264,炸薯条，加工时加盐，冷冻，家庭自制，烤箱加热,"Potatoes, french fried, all types, salt added in processing, frozen, home-prepared, oven heated",2.75,5.48,25.55,,,,,Vegetables and Vegetable Products,
sr_legacy_169265,sr_legacy,169265,厚片炸薯条（cottage-cut），加工时未加盐，冷冻，购买状态,"Potatoes, french fried, cottage-cut, salt not added in processing, frozen, as purchased",2.42,5.78,23.98,,,,,Vegetables and Vegetable Products,保留 cottage-cut 便于核对切法
sr_legacy_169266,sr_legacy,169266,厚片炸薯条（cottage-cut），加工时未加盐，冷冻，烤箱加热,"Potatoes, french fried, cottage-cut, salt not added in processing, frozen, oven-heated",3.44,8.2,34.03,,,,,Vegetables and Vegetable Products,保留 cottage-cut 便于核对切法
sr_legacy_169267,sr_legacy,169267,成型炸薯条，冷冻，未烹调，预炸,"Potatoes, frozen, french fried, par fried, extruded, unprepared",2.83,14.95,30.15,,,,,Vegetables and Vegetable Products,
sr_legacy_169268,sr_legacy,169268,成型炸薯条，冷冻，烤箱加热，预炸，已制备，不加盐,"Potatoes, frozen, french fried, par fried, extruded, prepared, heated in oven, without salt",3.55,18.71,39.68,,,,,Vegetables and Vegetable Products,
sr_legacy_169269,sr_legacy,169269,土豆沙拉，家庭自制,"Potato salad, home-prepared",2.68,8.2,11.17,,,,,Vegetables and Vegetable Products,
sr_legacy_169270,sr_legacy,169270,南瓜花，生,"Pumpkin flowers, raw",1.03,0.07,3.28,,,,,Vegetables and Vegetable Products,
sr_legacy_169271,sr_legacy,169271,南瓜花，煮熟，沥干，不加盐,"Pumpkin flowers, cooked, boiled, drained, without salt",1.09,0.08,3.3,,,,,Vegetables and Vegetable Products,
sr_legacy_169272,sr_legacy,169272,南瓜叶，生,"Pumpkin leaves, raw",3.15,0.4,2.33,,,,,Vegetables and Vegetable Products,
sr_legacy_169273,sr_legacy,169273,南瓜派馅料，罐装,"Pumpkin pie mix, canned",1.09,0.13,26.39,,,,,Vegetables and Vegetable Products,
sr_legacy_169274,sr_legacy,169274,马齿苋，生,"Purslane, raw",2.03,0.36,3.39,,,,,Vegetables and Vegetable Products,
sr_legacy_169275,sr_legacy,169275,马齿苋，煮熟，沥干，不加盐,"Purslane, cooked, boiled, drained, without salt",1.49,0.19,3.55,,,,,Vegetables and Vegetable Products,
sr_legacy_169276,sr_legacy,169276,萝卜，生,"Radishes, raw",0.68,0.1,3.4,,,,,Vegetables and Vegetable Products,
sr_legacy_169277,sr_legacy,169277,婆罗门参（西洋牛蒡），生,"Salsify, (vegetable oyster), raw",3.3,0.2,18.6,,,,,Vegetables and Vegetable Products,Salsify 又称 vegetable oyster，中文名称可能因地区不同而异
sr_legacy_169278,sr_legacy,169278,婆罗门参（西洋牛蒡），煮熟，沥干，不加盐,"Salsify, cooked, boiled, drained, without salt",2.73,0.17,15.36,,,,,Vegetables and Vegetable Products,Salsify 又称 vegetable oyster，中文名称可能因地区不同而异
sr_legacy_169279,sr_legacy,169279,德式酸菜，罐装，含固体和液体,"Sauerkraut, canned, solids and liquids",0.91,0.14,4.28,,,,,Vegetables and Vegetable Products,
sr_legacy_169280,sr_legacy,169280,琼脂，未干燥,"Seaweed, agar, raw",0.54,0.03,6.75,,,,,Vegetables and Vegetable Products,
sr_legacy_169281,sr_legacy,169281,田菁花，蒸熟，不加盐,"Sesbania flower, cooked, steamed, without salt",1.14,0.05,5.23,,,,,Vegetables and Vegetable Products,Sesbania flower 为东南亚常见食用花，中文名称可能因地区不同而异
sr_legacy_169282,sr_legacy,169282,毛豆，生,"Soybeans, green, raw",12.95,6.8,11.05,,,,,Vegetables and Vegetable Products,
sr_legacy_169283,sr_legacy,169283,毛豆，煮熟，沥干，不加盐,"Soybeans, green, cooked, boiled, drained, without salt",12.35,6.4,11.05,,,,,Vegetables and Vegetable Products,
sr_legacy_169284,sr_legacy,169284,黄豆芽，生,"Soybeans, mature seeds, sprouted, raw",13.09,6.7,9.57,,,,,Vegetables and Vegetable Products,
sr_legacy_169285,sr_legacy,169285,菠菜，罐装，常规罐装，含固体和液体,"Spinach, canned, regular pack, solids and liquids",2.11,0.37,2.92,,,,,Vegetables and Vegetable Products,
sr_legacy_169286,sr_legacy,169286,菠菜，罐装，常规罐装，沥干固体,"Spinach, canned, regular pack, drained solids",2.81,0.5,3.4,,,,,Vegetables and Vegetable Products,
sr_legacy_169287,sr_legacy,169287,菠菜，切碎或整叶，冷冻，未烹调,"Spinach, frozen, chopped or leaf, unprepared (Includes foods for USDA's Food Distribution Program)",3.63,0.57,4.21,,,,,Vegetables and Vegetable Products,
sr_legacy_169288,sr_legacy,169288,菠菜，切碎或整叶，冷冻，煮熟，沥干，不加盐,"Spinach, frozen, chopped or leaf, cooked, boiled, drained, without salt",4.01,0.87,4.8,,,,,Vegetables and Vegetable Products,
sr_legacy_169289,sr_legacy,169289,飞碟南瓜，生,"Squash, summer, scallop, raw",1.2,0.2,3.84,,,,,Vegetables and Vegetable Products,
sr_legacy_169290,sr_legacy,169290,飞碟南瓜，煮熟，沥干，不加盐,"Squash, summer, scallop, cooked, boiled, drained, without salt",1.03,0.17,3.3,,,,,Vegetables and Vegetable Products,
sr_legacy_169291,sr_legacy,169291,西葫芦，带皮，生,"Squash, summer, zucchini, includes skin, raw",1.21,0.32,3.11,,,,,Vegetables and Vegetable Products,
sr_legacy_169292,sr_legacy,169292,西葫芦，带皮，煮熟，沥干，不加盐,"Squash, summer, zucchini, includes skin, cooked, boiled, drained, without salt",1.14,0.36,2.69,,,,,Vegetables and Vegetable Products,
sr_legacy_169293,sr_legacy,169293,橡果南瓜，烤熟，不加盐,"Squash, winter, acorn, cooked, baked, without salt",1.12,0.14,14.58,,,,,Vegetables and Vegetable Products,
sr_legacy_169294,sr_legacy,169294,橡果南瓜，煮熟，捣泥，不加盐,"Squash, winter, acorn, cooked, boiled, mashed, without salt",0.67,0.08,8.79,,,,,Vegetables and Vegetable Products,
sr_legacy_169295,sr_legacy,169295,奶油南瓜，生,"Squash, winter, butternut, raw",1.0,0.1,11.69,,,,,Vegetables and Vegetable Products,
sr_legacy_169296,sr_legacy,169296,奶油南瓜，烤熟，不加盐,"Squash, winter, butternut, cooked, baked, without salt",0.9,0.09,10.49,,,,,Vegetables and Vegetable Products,
sr_legacy_169297,sr_legacy,169297,哈伯德南瓜，煮熟，捣泥，不加盐,"Squash, winter, hubbard, cooked, boiled, mashed, without salt",1.48,0.37,6.46,,,,,Vegetables and Vegetable Products,Hubbard 为冬南瓜品种，保留译名便于核对
sr_legacy_169298,sr_legacy,169298,金丝瓜/意面南瓜，生,"Squash, winter, spaghetti, raw",0.64,0.57,6.91,,,,,Vegetables and Vegetable Products,Spaghetti squash 常译为金丝瓜或意面南瓜
sr_legacy_169299,sr_legacy,169299,金丝瓜/意面南瓜，煮熟沥干或烤熟，不加盐,"Squash, winter, spaghetti, cooked, boiled, drained, or baked, without salt",0.66,0.26,6.46,,,,,Vegetables and Vegetable Products,Spaghetti squash 常译为金丝瓜或意面南瓜
sr_legacy_169300,sr_legacy,169300,玉米利马豆杂烩（succotash），生,"Succotash, (corn and limas), raw",5.03,1.02,19.59,,,,,Vegetables and Vegetable Products,Succotash 为玉米和利马豆混合菜，保留英文便于核对
sr_legacy_169301,sr_legacy,169301,空心菜/蕹菜，生,"Water convolvulus,raw",2.6,0.2,3.13,,,,,Vegetables and Vegetable Products,
sr_legacy_169302,sr_legacy,169302,空心菜/蕹菜，煮熟，沥干，不加盐,"Water convolvulus, cooked, boiled, drained, without salt",2.08,0.24,3.7,,,,,Vegetables and Vegetable Products,
sr_legacy_169303,sr_legacy,169303,红薯叶，生,"Sweet potato leaves, raw",2.49,0.51,8.82,,,,,Vegetables and Vegetable Products,
sr_legacy_169304,sr_legacy,169304,红薯叶，蒸熟，不加盐,"Sweet potato leaves, cooked, steamed, without salt",2.18,0.34,7.38,,,,,Vegetables and Vegetable Products,
sr_legacy_169305,sr_legacy,169305,红薯泥，罐装,"Sweet potato, canned, mashed",1.98,0.2,23.19,,,,,Vegetables and Vegetable Products,
sr_legacy_169306,sr_legacy,169306,红薯，冷冻，未烹调,"Sweet potato, frozen, unprepared (Includes foods for USDA's Food Distribution Program)",1.71,0.18,22.22,,,,,Vegetables and Vegetable Products,
sr_legacy_169307,sr_legacy,169307,红薯，冷冻，烤熟，不加盐,"Sweet potato, frozen, cooked, baked, without salt",1.71,0.12,23.4,,,,,Vegetables and Vegetable Products,
sr_legacy_169308,sr_legacy,169308,芋头，生,"Taro, raw",1.5,0.2,26.46,,,,,Vegetables and Vegetable Products,
sr_legacy_169309,sr_legacy,169309,芋苗，熟，不加盐,"Taro shoots, cooked, without salt",0.73,0.08,3.2,,,,,Vegetables and Vegetable Products,
sr_legacy_169310,sr_legacy,169310,大溪地芋，生,"Taro, tahitian, raw",2.79,0.97,6.91,,,,,Vegetables and Vegetable Products,Tahitian taro 为芋类品种，保留译名便于核对
sr_legacy_169311,sr_legacy,169311,洋蓟，熟，水煮，沥干，加盐,"Artichokes, (globe or french), cooked, boiled, drained, with salt",2.89,0.34,11.39,,,,,Vegetables and Vegetable Products,
sr_legacy_169312,sr_legacy,169312,洋蓟，冷冻，熟，水煮，沥干，加盐,"Artichokes, (globe or french), frozen, cooked, boiled, drained, with salt",3.11,0.5,9.18,,,,,Vegetables and Vegetable Products,
sr_legacy_169313,sr_legacy,169313,芦笋，熟，水煮，沥干，加盐,"Asparagus, cooked, boiled, drained, with salt",2.4,0.22,4.11,,,,,Vegetables and Vegetable Products,
sr_legacy_169314,sr_legacy,169314,芦笋，罐装，含固形物和液体，无添加盐,"Asparagus, canned, no salt added, solids and liquids",1.8,0.18,2.48,,,,,Vegetables and Vegetable Products,
sr_legacy_169315,sr_legacy,169315,腰豆芽，熟，水煮，沥干，加盐,"Beans, kidney, mature seeds, sprouted, cooked, boiled, drained, with salt",4.83,0.58,4.72,,,,,Vegetables and Vegetable Products,
sr_legacy_169316,sr_legacy,169316,嫩利马豆，熟，水煮，沥干，加盐,"Lima beans, immature seeds, cooked, boiled, drained, with salt",6.81,0.32,23.64,,,,,Vegetables and Vegetable Products,
sr_legacy_169317,sr_legacy,169317,嫩利马豆，罐装，含固形物和液体，无添加盐,"Lima beans, immature seeds, canned, no salt added, solids and liquids",4.07,0.29,13.33,,,,,Vegetables and Vegetable Products,
sr_legacy_169318,sr_legacy,169318,嫩利马豆，冷冻，熟，水煮，沥干，加盐,"Lima beans, immature seeds, frozen, baby, cooked, boiled, drained, with salt",6.65,0.3,19.45,,,,,Vegetables and Vegetable Products,
sr_legacy_169319,sr_legacy,169319,斑豆芽，熟，水煮，沥干，加盐,"Beans, pinto, mature seeds, sprouted, cooked, boiled, drained, with salt",1.86,0.32,3.5,,,,,Vegetables and Vegetable Products,
sr_legacy_169320,sr_legacy,169320,黄四季豆，生,"Beans, snap, yellow, raw",1.82,0.12,7.13,,,,,Vegetables and Vegetable Products,
sr_legacy_169321,sr_legacy,169321,青四季豆，熟，水煮，沥干，加盐,"Beans, snap, green, cooked, boiled, drained, with salt",1.89,0.28,7.88,,,,,Vegetables and Vegetable Products,
sr_legacy_169322,sr_legacy,169322,黄四季豆，熟，水煮，沥干，不加盐,"Beans, snap, yellow, cooked, boiled, drained, without salt",1.89,0.28,7.88,,,,,Vegetables and Vegetable Products,
sr_legacy_169323,sr_legacy,169323,黄四季豆，熟，水煮，沥干，加盐,"Beans, snap, yellow, cooked, boiled, drained, with salt",1.89,0.28,7.88,,,,,Vegetables and Vegetable Products,
sr_legacy_169324,sr_legacy,169324,黄四季豆，冷冻，各种形态，未烹调,"Beans, snap, yellow, frozen, all styles, unprepared",1.8,0.21,7.58,,,,,Vegetables and Vegetable Products,
sr_legacy_169325,sr_legacy,169325,青四季豆，冷冻，熟，水煮，沥干，加盐,"Beans, snap, green, frozen, cooked, boiled, drained, with salt",1.49,0.17,6.45,,,,,Vegetables and Vegetable Products,
sr_legacy_169326,sr_legacy,169326,黄四季豆，冷冻，熟，水煮，沥干，不加盐,"Beans, snap, yellow, frozen, cooked, boiled, drained, without salt",1.49,0.17,6.45,,,,,Vegetables and Vegetable Products,
sr_legacy_169327,sr_legacy,169327,黄四季豆，冷冻，熟，水煮，沥干，加盐,"Beans, snap, yellow, frozen, cooked, boiled, drained, with salt",1.49,0.17,6.45,,,,,Vegetables and Vegetable Products,
sr_legacy_169328,sr_legacy,169328,嫩蚕豆，熟，水煮，沥干，加盐,"Broadbeans, immature seeds, cooked, boiled, drained, with salt",4.8,0.5,10.1,,,,,Vegetables and Vegetable Products,
sr_legacy_169329,sr_legacy,169329,西兰花叶，生,"Broccoli, leaves, raw",2.98,0.35,5.06,,,,,Vegetables and Vegetable Products,
sr_legacy_169330,sr_legacy,169330,西兰花花球，生,"Broccoli, flower clusters, raw",2.98,0.35,5.06,,,,,Vegetables and Vegetable Products,
sr_legacy_169331,sr_legacy,169331,西兰花茎，生,"Broccoli, stalks, raw",2.98,0.35,5.24,,,,,Vegetables and Vegetable Products,
sr_legacy_169332,sr_legacy,169332,抱子甘蓝，冷冻，熟，水煮，沥干，加盐,"Brussels sprouts, frozen, cooked, boiled, drained, with salt",3.64,0.39,8.32,,,,,Vegetables and Vegetable Products,
sr_legacy_169333,sr_legacy,169333,牛蒡根，熟，水煮，沥干，加盐,"Burdock root, cooked, boiled, drained, with salt",2.09,0.14,21.15,,,,,Vegetables and Vegetable Products,少见食材，中文名按常见译名处理，保留英文/别名便于核对
sr_legacy_169334,sr_legacy,169334,蜂斗菜（fuki），熟，水煮，沥干，加盐,"Butterbur, cooked, boiled, drained, with salt",0.23,0.02,2.16,,,,,Vegetables and Vegetable Products,少见食材，中文名按常见译名处理，保留英文/别名便于核对
sr_legacy_169335,sr_legacy,169335,卷心菜，新鲜采收，生,"Cabbage, common (danish, domestic, and pointed types), freshly harvest, raw",1.21,0.18,5.37,,,,,Vegetables and Vegetable Products,
sr_legacy_169336,sr_legacy,169336,卷心菜，贮藏后，生,"Cabbage, common (danish, domestic, and pointed types), stored, raw",1.21,0.18,5.37,,,,,Vegetables and Vegetable Products,
sr_legacy_169337,sr_legacy,169337,大白菜，熟，水煮，沥干，加盐,"Cabbage, chinese (pe-tsai), cooked, boiled, drained, with salt",1.5,0.17,2.41,,,,,Vegetables and Vegetable Products,
sr_legacy_169338,sr_legacy,169338,刺菜蓟茎，熟，水煮，沥干，加盐,"Cardoon, cooked, boiled, drained, with salt",0.76,0.11,4.74,,,,,Vegetables and Vegetable Products,少见食材，中文名按常见译名处理，保留英文/别名便于核对
sr_legacy_169339,sr_legacy,169339,胡萝卜，熟，水煮，沥干，加盐,"Carrots, cooked, boiled, drained, with salt",0.76,0.18,8.22,,,,,Vegetables and Vegetable Products,
sr_legacy_169340,sr_legacy,169340,胡萝卜，罐装，含固形物和液体，无添加盐,"Carrots, canned, no salt added, solids and liquids",0.59,0.14,5.36,,,,,Vegetables and Vegetable Products,
sr_legacy_169341,sr_legacy,169341,根芹菜，熟，水煮，沥干，加盐,"Celeriac, cooked, boiled, drained, with salt",0.96,0.19,5.9,,,,,Vegetables and Vegetable Products,
sr_legacy_169342,sr_legacy,169342,芹菜，熟，水煮，沥干，加盐,"Celery, cooked, boiled, drained, with salt",0.83,0.16,4.0,,,,,Vegetables and Vegetable Products,
sr_legacy_169343,sr_legacy,169343,瑞士甜菜，熟，水煮，沥干，加盐,"Chard, swiss, cooked, boiled, drained, with salt",1.88,0.08,4.13,,,,,Vegetables and Vegetable Products,
sr_legacy_169344,sr_legacy,169344,佛手瓜，熟，水煮，沥干，加盐,"Chayote, fruit, cooked, boiled, drained, with salt",0.62,0.48,4.5,,,,,Vegetables and Vegetable Products,
sr_legacy_169345,sr_legacy,169345,黄甜玉米，罐装，含固形物和液体，无添加盐,"Corn, sweet, yellow, canned, no salt added, solids and liquids (Includes foods for USDA's Food Distribution Program)",1.95,0.77,13.86,,,,,Vegetables and Vegetable Products,原名包含USDA食品分发项目说明，中文名中已省略
sr_legacy_169346,sr_legacy,169346,黄甜玉米，罐装，无添加盐，糊状,"Corn, sweet, yellow, canned, cream style, no salt added",1.74,0.42,18.13,,,,,Vegetables and Vegetable Products,
sr_legacy_169347,sr_legacy,169347,黄甜玉米，罐装，无添加盐，真空包装,"Corn, sweet, yellow, canned, vacuum pack, no salt added",2.41,0.5,19.44,,,,,Vegetables and Vegetable Products,
sr_legacy_169348,sr_legacy,169348,黄甜玉米，冷冻，水煮，沥干，加盐，脱粒,"Corn, sweet, yellow, frozen, kernels, cut off cob, boiled, drained, with salt",2.55,0.67,18.71,,,,,Vegetables and Vegetable Products,
sr_legacy_169349,sr_legacy,169349,黄甜玉米，冷冻，熟，水煮，沥干，加盐，带芯,"Corn, sweet, yellow, frozen, kernels on cob, cooked, boiled, drained, with salt",3.11,0.74,22.33,,,,,Vegetables and Vegetable Products,
sr_legacy_169350,sr_legacy,169350,园水芹（garden cress），熟，水煮，沥干，加盐,"Cress, garden, cooked, boiled, drained, with salt",1.9,0.6,3.8,,,,,Vegetables and Vegetable Products,
sr_legacy_169351,sr_legacy,169351,蒲公英叶，熟，水煮，沥干，加盐,"Dandelion greens, cooked, boiled, drained, with salt",2.0,0.6,6.4,,,,,Vegetables and Vegetable Products,
sr_legacy_169352,sr_legacy,169352,茄子，熟，水煮，沥干，加盐,"Eggplant, cooked, boiled, drained, with salt",0.83,0.23,8.14,,,,,Vegetables and Vegetable Products,
sr_legacy_169353,sr_legacy,169353,葫芦瓜，熟，水煮，沥干，加盐,"Gourd, white-flowered (calabash), cooked, boiled, drained, with salt",0.6,0.02,3.1,,,,,Vegetables and Vegetable Products,
sr_legacy_169354,sr_legacy,169354,黄麻叶，熟，水煮，沥干，加盐,"Jute, potherb, cooked, boiled, drained, with salt",3.68,0.2,7.29,,,,,Vegetables and Vegetable Products,少见食材，中文名按常见译名处理，保留英文/别名便于核对
sr_legacy_169355,sr_legacy,169355,羽衣甘蓝，熟，水煮，沥干，加盐,"Kale, cooked, boiled, drained, with salt",2.94,1.21,5.3,,,,,Vegetables and Vegetable Products,
sr_legacy_169356,sr_legacy,169356,羽衣甘蓝，冷冻，熟，水煮，沥干，加盐,"Kale, frozen, cooked, boiled, drained, with salt",2.94,1.21,5.3,,,,,Vegetables and Vegetable Products,
sr_legacy_169357,sr_legacy,169357,苤蓝，熟，水煮，沥干，加盐,"Kohlrabi, cooked, boiled, drained, with salt",1.8,0.11,6.69,,,,,Vegetables and Vegetable Products,
sr_legacy_169358,sr_legacy,169358,豆薯/沙葛（jicama），煮熟，沥干，加盐,"Yambean (jicama), cooked, boiled, drained, with salt",0.72,0.09,8.23,,,,,Vegetables and Vegetable Products,jicama 常译为豆薯或沙葛，保留英文便于核对
sr_legacy_169359,sr_legacy,169359,豇豆/长豆角，煮熟，沥干，加盐,"Yardlong bean, cooked, boiled, drained, with salt",2.53,0.1,9.17,,,,,Vegetables and Vegetable Products,
sr_legacy_169360,sr_legacy,169360,白甜玉米，罐装，含固形物和液体，无添加盐，整粒,"Corn, sweet, white, canned, whole kernel, no salt added, solids and liquids",1.95,0.5,15.41,,,,,Vegetables and Vegetable Products,
sr_legacy_169361,sr_legacy,169361,白甜玉米，罐装，沥干固形物，整粒,"Corn, sweet, white, canned, whole kernel, drained solids",2.29,1.22,14.34,,,,,Vegetables and Vegetable Products,
sr_legacy_169362,sr_legacy,169362,白甜玉米，罐装，普通包装，糊状,"Corn, sweet, white, canned, cream style, regular pack",1.74,0.42,18.62,,,,,Vegetables and Vegetable Products,
sr_legacy_169363,sr_legacy,169363,白甜玉米，罐装，无添加盐，糊状,"Corn, sweet, white, canned, cream style, no salt added",1.74,0.42,18.13,,,,,Vegetables and Vegetable Products,
sr_legacy_169364,sr_legacy,169364,白甜玉米，冷冻，水煮，沥干，加盐，脱粒,"Corn, sweet, white, frozen, kernels cut off cob, boiled, drained, with salt",2.75,0.43,19.56,,,,,Vegetables and Vegetable Products,
sr_legacy_169365,sr_legacy,169365,白甜玉米，冷冻，带芯，未烹调,"Corn, sweet, white, frozen, kernels on cob, unprepared",3.28,0.78,23.5,,,,,Vegetables and Vegetable Products,
sr_legacy_169366,sr_legacy,169366,白甜玉米，冷冻，熟，水煮，沥干，不加盐，带芯,"Corn, sweet, white, frozen, kernels on cob, cooked, boiled, drained, without salt",3.11,0.74,22.33,,,,,Vegetables and Vegetable Products,
sr_legacy_169367,sr_legacy,169367,白甜玉米，冷冻，熟，水煮，沥干，加盐，带芯,"Corn, sweet, white, frozen, kernels on cob, cooked, boiled, drained, with salt",3.11,0.74,22.33,,,,,Vegetables and Vegetable Products,
sr_legacy_169368,sr_legacy,169368,田菁花，蒸熟，加盐,"Sesbania flower, cooked, steamed, with salt",1.14,0.05,5.1,,,,,Vegetables and Vegetable Products,Sesbania flower 为东南亚常见食用花，中文名称可能因地区不同而异
sr_legacy_169369,sr_legacy,169369,黄豆芽，蒸熟，加盐,"Soybeans, mature seeds, sprouted, cooked, steamed, with salt",8.47,4.45,6.53,,,,,Vegetables and Vegetable Products,
sr_legacy_169370,sr_legacy,169370,黄豆芽，炒熟，加盐,"Soybeans, mature seeds, sprouted, cooked, stir-fried, with salt",13.1,7.1,9.4,,,,,Vegetables and Vegetable Products,
sr_legacy_169371,sr_legacy,169371,酸模叶，熟，水煮，沥干，加盐,"Dock, cooked, boiled, drained, with salt",1.83,0.64,2.93,,,,,Vegetables and Vegetable Products,少见食材，中文名按常见译名处理，保留英文/别名便于核对
sr_legacy_169373,sr_legacy,169373,红甜椒，冻干,"Peppers, sweet, red, freeze-dried",17.9,3.0,68.7,,,,,Vegetables and Vegetable Products,
sr_legacy_169374,sr_legacy,169374,黄四季豆，罐装，沥干固形物，普通包装,"Beans, snap, yellow, canned, regular pack, drained solids",1.15,0.1,4.5,,,,,Vegetables and Vegetable Products,
sr_legacy_169375,sr_legacy,169375,黄四季豆，罐装，沥干固形物，无添加盐,"Beans, snap, yellow, canned, no salt added, drained solids",1.15,0.1,4.5,,,,,Vegetables and Vegetable Products,
sr_legacy_169376,sr_legacy,169376,白蘑菇，生，经紫外线照射,"Mushroom, white, exposed to ultraviolet light, raw",3.09,0.34,3.26,,,,,Vegetables and Vegetable Products,保留紫外线照射信息，通常与维生素D含量相关
sr_legacy_169377,sr_legacy,169377,波特贝勒蘑菇，烤制，经紫外线照射,"Mushrooms, portabella, exposed to ultraviolet light, grilled",3.28,0.58,4.44,,,,,Vegetables and Vegetable Products,保留紫外线照射信息，通常与维生素D含量相关
sr_legacy_169378,sr_legacy,169378,甜酸黄瓜（含 bread and butter pickles）,"Pickles, cucumber, sweet (includes bread and butter pickles)",0.58,0.41,21.15,,,,,Vegetables and Vegetable Products,bread and butter pickles 为甜酸黄瓜类型，保留英文便于核对
sr_legacy_169379,sr_legacy,169379,酸黄瓜,"Pickles, cucumber, sour",0.33,0.2,2.26,,,,,Vegetables and Vegetable Products,
sr_legacy_169380,sr_legacy,169380,甜酸黄瓜，低钠（含 bread and butter pickles）,"Pickles, cucumber, sweet, low sodium (includes bread and butter pickles)",0.37,0.26,33.73,,,,,Vegetables and Vegetable Products,bread and butter pickles 为甜酸黄瓜类型，保留英文便于核对
sr_legacy_169381,sr_legacy,169381,番茄酱，低钠,"Catsup, low sodium",1.04,0.1,27.4,,,,,Vegetables and Vegetable Products,
sr_legacy_169382,sr_legacy,169382,金针菇，生,"Mushrooms, enoki, raw",2.66,0.29,7.81,,,,,Vegetables and Vegetable Products,
sr_legacy_169383,sr_legacy,169383,黄甜椒，生,"Peppers, sweet, yellow, raw",1.0,0.21,6.32,,,,,Vegetables and Vegetable Products,
sr_legacy_169384,sr_legacy,169384,晒干番茄，油浸，沥干,"Tomatoes, sun-dried, packed in oil, drained",5.06,14.08,23.33,,,,,Vegetables and Vegetable Products,
sr_legacy_169385,sr_legacy,169385,茴香头，生,"Fennel, bulb, raw",1.24,0.2,7.3,,,,,Vegetables and Vegetable Products,
sr_legacy_169386,sr_legacy,169386,汉堡用酸黄瓜酱,"Pickle relish, hamburger",0.63,0.54,34.48,,,,,Vegetables and Vegetable Products,
sr_legacy_169387,sr_legacy,169387,芝麻菜，生,"Arugula, raw",2.58,0.66,3.65,,,,,Vegetables and Vegetable Products,
sr_legacy_169388,sr_legacy,169388,仙人掌茎，熟，不加盐,"Nopales, cooked, without salt",1.35,0.05,3.28,,,,,Vegetables and Vegetable Products,少见食材，中文名按常见译名处理，保留英文/别名便于核对
sr_legacy_169389,sr_legacy,169389,绿花椰菜，生,"Cauliflower, green, raw",2.95,0.3,6.09,,,,,Vegetables and Vegetable Products,
sr_legacy_169390,sr_legacy,169390,绿花椰菜，熟，无添加盐,"Cauliflower, green, cooked, no salt added",3.04,0.31,6.28,,,,,Vegetables and Vegetable Products,
sr_legacy_169391,sr_legacy,169391,绿花椰菜，熟，加盐,"Cauliflower, green, cooked, with salt",3.04,0.31,6.28,,,,,Vegetables and Vegetable Products,
sr_legacy_169392,sr_legacy,169392,芥蓝，熟,"Broccoli, chinese, cooked",1.14,0.72,3.81,,,,,Vegetables and Vegetable Products,
sr_legacy_169393,sr_legacy,169393,葡萄叶，罐装,"Grape leaves, canned",4.27,1.97,11.71,,,,,Vegetables and Vegetable Products,
sr_legacy_169394,sr_legacy,169394,香蕉椒，生,"Pepper, banana, raw",1.66,0.45,5.35,,,,,Vegetables and Vegetable Products,
sr_legacy_169395,sr_legacy,169395,塞拉诺辣椒（Serrano），生,"Peppers, serrano, raw",1.74,0.44,6.7,,,,,Vegetables and Vegetable Products,保留 Serrano 便于核对
sr_legacy_169396,sr_legacy,169396,安乔辣椒，干,"Peppers, ancho, dried",11.86,8.2,51.42,,,,,Vegetables and Vegetable Products,
sr_legacy_169397,sr_legacy,169397,Chowchow 甜腌菜，含花椰菜、洋葱和芥末,"Pickles, chowchow, with cauliflower onion mustard, sweet",1.5,0.9,26.64,,,,,Vegetables and Vegetable Products,Chowchow 为北美腌菜名称，保留英文便于核对
sr_legacy_169398,sr_legacy,169398,土荆芥（epazote），生,"Epazote, raw",0.33,0.52,7.44,,,,,Vegetables and Vegetable Products,少见食材，中文名按常见译名处理，保留英文/别名便于核对
sr_legacy_169399,sr_legacy,169399,柳兰叶，生,"Fireweed, leaves, raw",4.71,2.75,19.22,,,,,Vegetables and Vegetable Products,少见食材，中文名按常见译名处理，保留英文/别名便于核对
sr_legacy_169400,sr_legacy,169400,木耳菜，熟,"Malabar spinach, cooked",2.98,0.78,2.71,,,,,Vegetables and Vegetable Products,
sr_legacy_169401,sr_legacy,169401,Yautia（tannier，美洲芋），生,"Yautia (tannier), raw",1.46,0.4,23.63,,,,,Vegetables and Vegetable Products,Yautia/tannier 为热带根茎类食材，中文名称不统一，保留英文便于核对
sr_legacy_169402,sr_legacy,169402,白蘑菇，微波加热,"Mushrooms, white, microwaved",3.91,0.46,6.04,,,,,Vegetables and Vegetable Products,
sr_legacy_169403,sr_legacy,169403,舞茸，生,"Mushrooms, maitake, raw",1.94,0.19,6.97,,,,,Vegetables and Vegetable Products,
sr_legacy_169404,sr_legacy,169404,芥蓝，生,"Broccoli, chinese, raw",1.2,0.76,4.67,,,,,Vegetables and Vegetable Products,
sr_legacy_169405,sr_legacy,169405,蕨菜嫩芽，生,"Fiddlehead ferns, raw",4.55,0.4,5.54,,,,,Vegetables and Vegetable Products,
sr_legacy_169406,sr_legacy,169406,Tahini 芝麻酱，未烤芝麻仁制（非化学去皮）,"Seeds, sesame butter, tahini, from unroasted kernels (non-chemically removed seed coat)",17.95,56.44,17.89,,,,,Nut and Seed Products,Tahini 保留英文便于搜索
sr_legacy_169407,sr_legacy,169407,西瓜籽仁，干,"Seeds, watermelon seed kernels, dried",28.33,47.37,15.31,,,,,Nut and Seed Products,
sr_legacy_169408,sr_legacy,169408,日本栗，干,"Nuts, chestnuts, japanese, dried",5.25,1.24,81.43,,,,,Nut and Seed Products,
sr_legacy_169409,sr_legacy,169409,椰奶，冷冻（由椰肉和水挤出的液体）,"Nuts, coconut milk, frozen (liquid expressed from grated meat and water)",1.61,20.8,5.58,,,,,Nut and Seed Products,
sr_legacy_169410,sr_legacy,169410,Tahini 芝麻酱，生芝麻仁石磨制,"Seeds, sesame butter, tahini, from raw and stone ground kernels",17.81,48.0,26.19,,,,,Nut and Seed Products,Tahini 保留英文便于搜索
sr_legacy_169411,sr_legacy,169411,小麦基配方坚果，除澳洲坚果味外，多种口味，无盐,"Nuts, formulated, wheat-based, all flavors except macadamia, without salt",13.11,62.3,20.79,,,,,Nut and Seed Products,疑似模拟/配方坚果，保留说明
sr_legacy_169412,sr_legacy,169412,芝麻仁，干，去皮,"Seeds, sesame seed kernels, dried (decorticated)",20.45,61.21,11.73,,,,,Nut and Seed Products,
sr_legacy_169413,sr_legacy,169413,日本栗，生,"Nuts, chestnuts, japanese, raw",2.25,0.53,34.91,,,,,Nut and Seed Products,
sr_legacy_169414,sr_legacy,169414,亚麻籽,"Seeds, flaxseed",18.29,42.16,28.88,,,,,Nut and Seed Products,
sr_legacy_169415,sr_legacy,169415,南瓜/西葫芦籽仁，烤制，加盐,"Seeds, pumpkin and squash seed kernels, roasted, with salt added",29.84,49.05,14.71,,,,,Nut and Seed Products,
sr_legacy_169416,sr_legacy,169416,芝麻仁，烤制，加盐，去皮,"Seeds, sesame seed kernels, toasted, with salt added (decorticated)",16.96,48.0,26.04,,,,,Nut and Seed Products,
sr_legacy_169417,sr_legacy,169417,去壳葵花籽仁，干烤，加盐,"Seeds, sunflower seed kernels from shell, dry roasted, with salt added",19.33,49.8,15.31,,,,,Nut and Seed Products,
sr_legacy_169418,sr_legacy,169418,葵花籽仁，干烤，加盐,"Seeds, sunflower seed kernels, dry roasted, with salt added",19.33,49.8,24.07,,,,,Nut and Seed Products,
sr_legacy_169419,sr_legacy,169419,杏仁，油烤，加盐,"Nuts, almonds, oil roasted, with salt added",21.23,55.17,17.68,,,,,Nut and Seed Products,
sr_legacy_169420,sr_legacy,169420,杏仁，油烤，加盐，烟熏风味,"Nuts, almonds, oil roasted, with salt added, smoke flavor",21.43,55.89,17.86,,,,,Nut and Seed Products,
sr_legacy_169421,sr_legacy,169421,腰果，干烤，加盐,"Nuts, cashew nuts, dry roasted, with salt added",15.31,46.35,32.69,,,,,Nut and Seed Products,
sr_legacy_169422,sr_legacy,169422,腰果，油烤，加盐,"Nuts, cashew nuts, oil roasted, with salt added",16.84,47.77,30.16,,,,,Nut and Seed Products,
sr_legacy_169423,sr_legacy,169423,混合坚果，油烤，不含花生，加盐,"Nuts, mixed nuts, oil roasted, without peanuts, with salt added",15.52,56.17,22.27,,,,,Nut and Seed Products,
sr_legacy_169424,sr_legacy,169424,碧根果，干烤，加盐,"Nuts, pecans, dry roasted, with salt added",9.5,74.27,13.55,,,,,Nut and Seed Products,
sr_legacy_169425,sr_legacy,169425,碧根果，油烤，加盐,"Nuts, pecans, oil roasted, with salt added",9.2,75.23,13.01,,,,,Nut and Seed Products,
sr_legacy_169426,sr_legacy,169426,开心果，干烤，加盐,"Nuts, pistachio nuts, dry roasted, with salt added",21.05,45.82,27.55,,,,,Nut and Seed Products,
sr_legacy_169427,sr_legacy,169427,混合坚果，油烤，含花生，微盐,"Nuts, mixed nuts, oil roasted, with peanuts, lightly salted",20.04,53.95,21.05,,,,,Nut and Seed Products,
sr_legacy_169428,sr_legacy,169428,混合坚果，油烤，不含花生，微盐,"Nuts, mixed nuts, oil roasted, without peanuts, lightly salted",17.86,50.0,25.0,,,,,Nut and Seed Products,
sr_legacy_169429,sr_legacy,169429,草饲牛排（strip steak），仅瘦肉，生,"Beef, grass-fed, strip steaks, lean only, raw",23.07,2.69,0,,,,,Beef Products,
sr_legacy_169430,sr_legacy,169430,牛胴体，可分离瘦肉和脂肪，Choice级，生,"Beef, carcass, separable lean and fat, choice, raw",17.32,24.05,0,,,,,Beef Products,
sr_legacy_169431,sr_legacy,169431,牛胴体，可分离瘦肉和脂肪，Select级，生,"Beef, carcass, separable lean and fat, select, raw",17.48,22.55,0,,,,,Beef Products,
sr_legacy_169432,sr_legacy,169432,牛胸肉（brisket）扁平部，可分离瘦肉和脂肪，外部脂肪修至1/8英寸，Select级，熟，炖煮,"Beef, brisket, flat half, separable lean and fat, trimmed to 1/8"" fat, select, cooked, braised",28.97,17.37,0,,,,,Beef Products,
sr_legacy_169433,sr_legacy,169433,牛腹胁牛排，可分离瘦肉和脂肪，去除外部脂肪，Choice级，生,"Beef, flank, steak, separable lean and fat, trimmed to 0"" fat, choice, raw",21.22,8.29,0,,,,,Beef Products,
sr_legacy_169434,sr_legacy,169434,牛腹胁牛排，可分离瘦肉和脂肪，去除外部脂肪，Choice级，熟，炖煮,"Beef, flank, steak, separable lean and fat, trimmed to 0"" fat, choice, cooked, braised",26.98,16.44,0,,,,,Beef Products,
sr_legacy_169435,sr_legacy,169435,牛腹胁牛排，可分离瘦肉和脂肪，去除外部脂肪，Choice级，熟，上火烤制,"Beef, flank, steak, separable lean and fat, trimmed to 0"" fat, choice, cooked, broiled",27.55,9.31,0,,,,,Beef Products,
sr_legacy_169436,sr_legacy,169436,牛肋眼小端（第10–12肋），可分离瘦肉和脂肪，去除外部脂肪，Choice 等级，熟，炙烤,"Beef, rib, eye, small end (ribs 10-12), separable lean and fat, trimmed to 0"" fat, choice, cooked, broiled",26.58,16.76,0.0,,,,,Beef Products,
sr_legacy_169437,sr_legacy,169437,牛肋眼小端（第10–12肋），仅可分离瘦肉，去除外部脂肪，Choice 等级，生,"Beef, rib, eye, small end (ribs 10-12), separable lean only, trimmed to 0"" fat, choice, raw",20.13,8.3,0.0,,,,,Beef Products,
sr_legacy_169438,sr_legacy,169438,牛肋眼小端（第10–12肋），仅可分离瘦肉，去除外部脂肪，Choice 等级，熟，炙烤,"Beef, rib, eye, small end (ribs 10-12), separable lean only, trimmed to 0"" fat, choice, cooked, broiled",28.88,9.01,0.0,,,,,Beef Products,
sr_legacy_169439,sr_legacy,169439,牛小排（短肋），可分离瘦肉和脂肪，Choice 等级，生,"Beef, rib, shortribs, separable lean and fat, choice, raw",14.4,36.23,0.4,,,,,Beef Products,
sr_legacy_169440,sr_legacy,169440,牛胸肉（brisket）扁平部，可分离瘦肉和脂肪，去除外部脂肪，Choice级，熟，炖煮,"Beef, brisket, flat half, separable lean and fat, trimmed to 0"" fat, choice, cooked, braised",32.21,9.24,0,,,,,Beef Products,
sr_legacy_169441,sr_legacy,169441,牛腱横切片，仅可分离瘦肉，外部脂肪修整至1/4英寸，Choice级，生,"Beef, shank crosscuts, separable lean only, trimmed to 1/4"" fat, choice, raw",21.75,3.85,0.0,,,,,Beef Products,
sr_legacy_169442,sr_legacy,169442,牛腱横切片，仅可分离瘦肉，外部脂肪修整至1/4英寸，Choice级，熟，小火炖煮,"Beef, shank crosscuts, separable lean only, trimmed to 1/4"" fat, choice, cooked, simmered",33.68,6.36,0.0,,,,,Beef Products,
sr_legacy_169443,sr_legacy,169443,牛短腰脊 Porterhouse 牛排，仅可分离瘦肉，外部脂肪修整至1/8英寸，Choice级，生,"Beef, short loin, porterhouse steak, separable lean only, trimmed to 1/8"" fat, choice, raw",22.13,7.39,0.0,,,,,Beef Products,Porterhouse 为牛短腰脊大块带骨牛排，保留英文方便核对
sr_legacy_169444,sr_legacy,169444,牛肩下板腱锅烤肉，无骨，仅瘦肉，去除外部脂肪，所有等级，熟，炖煮,"Beef, chuck, under blade pot roast, boneless, separable lean only, trimmed to 0"" fat, all grades, cooked, braised",30.54,10.46,0,,,,,Beef Products,
sr_legacy_169445,sr_legacy,169445,牛肩下板腱锅烤肉或牛排，无骨，仅瘦肉，去除外部脂肪，所有等级，生,"Beef, chuck, under blade pot roast or steak, boneless, separable lean only, trimmed to 0"" fat, all grades, raw",21.13,6.07,0.31,,,,,Beef Products,
sr_legacy_169446,sr_legacy,169446,牛肩下板腱锅烤肉或牛排，无骨，仅瘦肉，去除外部脂肪，Choice级，生,"Beef, chuck, under blade pot roast or steak, boneless, separable lean only, trimmed to 0"" fat, choice, raw",21.19,6.51,0.39,,,,,Beef Products,
sr_legacy_169447,sr_legacy,169447,冷冻牛肉饼，熟，炙烤,"Beef, ground, patties, frozen, cooked, broiled",23.05,21.83,0.0,,,,,Beef Products,
sr_legacy_169448,sr_legacy,169448,牛心，熟，小火炖煮,"Beef, variety meats and by-products, heart, cooked, simmered",28.48,4.73,0.15,,,,,Beef Products,
sr_legacy_169449,sr_legacy,169449,牛肾，生,"Beef, variety meats and by-products, kidneys, raw",17.4,3.09,0.29,,,,,Beef Products,
sr_legacy_169450,sr_legacy,169450,牛肾，熟，小火炖煮,"Beef, variety meats and by-products, kidneys, cooked, simmered",27.27,4.65,0.0,,,,,Beef Products,
sr_legacy_169451,sr_legacy,169451,牛肝，生,"Beef, variety meats and by-products, liver, raw",20.36,3.63,3.89,,,,,Beef Products,
sr_legacy_169452,sr_legacy,169452,牛胰腺，生,"Beef, variety meats and by-products, pancreas, raw",15.7,18.6,0.0,,,,,Beef Products,
sr_legacy_169453,sr_legacy,169453,牛胰腺，熟，炖煮,"Beef, variety meats and by-products, pancreas, cooked, braised",27.1,17.2,0.0,,,,,Beef Products,
sr_legacy_169454,sr_legacy,169454,牛脾，生,"Beef, variety meats and by-products, spleen, raw",18.3,3.0,0.0,,,,,Beef Products,
sr_legacy_169455,sr_legacy,169455,牛上腰脊（纽约客）牛排，去骨，去边肉，仅可分离瘦肉，去除外部脂肪，Choice 等级，熟，煎烤,"Beef, loin, top loin steak, boneless, lip off, separable lean only, trimmed to 0"" fat, choice, cooked, grilled",29.22,9.52,0.0,,,,,Beef Products,lip-on/lip off 按带边肉/去边肉处理
sr_legacy_169456,sr_legacy,169456,牛上腰脊（纽约客）牛排，去骨，去边肉，仅可分离瘦肉，去除外部脂肪，Select 等级，熟，煎烤,"Beef, loin, top loin steak, boneless, lip off, separable lean only, trimmed to 0"" fat, select, cooked, grilled",29.99,6.74,0.0,,,,,Beef Products,lip-on/lip off 按带边肉/去边肉处理
sr_legacy_169457,sr_legacy,169457,牛上沙朗牛排，可分离瘦肉和脂肪，去除外部脂肪，各等级，熟，上火烤制,"Beef, top sirloin, steak, separable lean and fat, trimmed to 0"" fat, all grades, cooked, broiled",29.33,9.67,0.0,,,,,Beef Products,
sr_legacy_169458,sr_legacy,169458,牛上沙朗牛排，可分离瘦肉和脂肪，去除外部脂肪，Choice级，熟，上火烤制,"Beef, top sirloin, steak, separable lean and fat, trimmed to 0"" fat, choice, cooked, broiled",29.02,10.54,0.0,,,,,Beef Products,
sr_legacy_169459,sr_legacy,169459,牛短腰脊 Porterhouse 牛排，可分离瘦肉和脂肪，去除外部脂肪，各等级，熟，上火烤制,"Beef, short loin, porterhouse steak, separable lean and fat, trimmed to 0"" fat, all grades, cooked, broiled",23.96,19.27,0.0,,,,,Beef Products,Porterhouse 为牛短腰脊大块带骨牛排，保留英文方便核对
sr_legacy_169460,sr_legacy,169460,牛短腰脊 Porterhouse 牛排，可分离瘦肉和脂肪，去除外部脂肪，USDA Choice级，熟，上火烤制,"Beef, short loin, porterhouse steak, separable lean and fat, trimmed to 0"" fat, USDA choice, cooked, broiled",23.61,20.15,0.0,,,,,Beef Products,Porterhouse 为牛短腰脊大块带骨牛排，保留英文方便核对
sr_legacy_169461,sr_legacy,169461,牛短腰脊 Porterhouse 牛排，可分离瘦肉和脂肪，去除外部脂肪，USDA Select级，熟，上火烤制,"Beef, short loin, porterhouse steak, separable lean and fat, trimmed to 0"" fat, USDA select, cooked, broiled",24.47,17.98,0.0,,,,,Beef Products,Porterhouse 为牛短腰脊大块带骨牛排，保留英文方便核对
sr_legacy_169462,sr_legacy,169462,牛短腰脊 Porterhouse 牛排，仅可分离瘦肉，外部脂肪修整至1/8英寸，各等级，生,"Beef, short loin, porterhouse steak, separable lean only, trimmed to 1/8"" fat, all grades, raw",22.32,6.6,0.0,,,,,Beef Products,Porterhouse 为牛短腰脊大块带骨牛排，保留英文方便核对
sr_legacy_169463,sr_legacy,169463,牛短腰脊 Porterhouse 牛排，仅可分离瘦肉，去除外部脂肪，Select级，熟，上火烤制,"Beef, short loin, porterhouse steak, separable lean only, trimmed to 0"" fat, select, cooked, broiled",26.89,8.81,0.0,,,,,Beef Products,Porterhouse 为牛短腰脊大块带骨牛排，保留英文方便核对
sr_legacy_169464,sr_legacy,169464,牛短腰脊 T骨牛排，可分离瘦肉和脂肪，去除外部脂肪，各等级，熟，上火烤制,"Beef, short loin, t-bone steak, separable lean and fat, trimmed to 0"" fat, all grades, cooked, broiled",24.18,15.93,0.0,,,,,Beef Products,T-bone 为常见牛排名称，保留英文方便搜索
sr_legacy_169465,sr_legacy,169465,牛短腰脊 T骨牛排，可分离瘦肉和脂肪，去除外部脂肪，USDA Choice级，熟，上火烤制,"Beef, short loin, t-bone steak, separable lean and fat, trimmed to 0"" fat, USDA choice, cooked, broiled",24.05,17.26,0.0,,,,,Beef Products,T-bone 为常见牛排名称，保留英文方便搜索
sr_legacy_169466,sr_legacy,169466,牛短腰脊 T骨牛排，可分离瘦肉和脂肪，去除外部脂肪，USDA Select级，熟，上火烤制,"Beef, short loin, t-bone steak, separable lean and fat, trimmed to 0"" fat, USDA select, cooked, broiled",24.38,14.0,0.0,,,,,Beef Products,T-bone 为常见牛排名称，保留英文方便搜索
sr_legacy_169467,sr_legacy,169467,牛短腰脊 T骨牛排，带骨，仅可分离瘦肉，外部脂肪修整至1/8英寸，Select级，熟，煎烤,"Beef, short loin, t-bone steak, bone-in, separable lean only, trimmed to 1/8"" fat, select, cooked, grilled",28.45,9.35,0.0,,,,,Beef Products,T-bone 为常见牛排名称，保留英文方便搜索
sr_legacy_169468,sr_legacy,169468,牛短腰脊 T骨牛排，仅可分离瘦肉，去除外部脂肪，Select级，熟，上火烤制,"Beef, short loin, t-bone steak, separable lean only, trimmed to 0"" fat, select, cooked, broiled",26.0,7.36,0.0,,,,,Beef Products,T-bone 为常见牛排名称，保留英文方便搜索
sr_legacy_169469,sr_legacy,169469,牛胸肉（brisket）扁平部，仅瘦肉，去除外部脂肪，Select级，熟，炖煮,"Beef, brisket, flat half, separable lean only, trimmed to 0"" fat, select, cooked, braised",33.9,5.92,0,,,,,Beef Products,
sr_legacy_169470,sr_legacy,169470,牛后腿尖圆肉烤块，可分离瘦肉和脂肪，去除外部脂肪，各等级，生,"Beef, round, tip round, roast, separable lean and fat, trimmed to 0"" fat, all grades, raw",20.48,7.01,0.0,,,,,Beef Products,
sr_legacy_169471,sr_legacy,169471,牛后腿上圆肉牛排，无骨，仅可分离瘦肉，去除外部脂肪，Choice级，熟，煎烤,"Beef, round, top round steak, boneless, separable lean only, trimmed to 0"" fat, choice, cooked, grilled",30.24,4.11,0.0,,,,,Beef Products,
sr_legacy_169472,sr_legacy,169472,牛后腿上圆肉牛排，无骨，仅可分离瘦肉，去除外部脂肪，Select级，熟，煎烤,"Beef, round, top round steak, boneless, separable lean only, trimmed to 0"" fat, select, cooked, grilled",29.81,3.37,0.0,,,,,Beef Products,
sr_legacy_169473,sr_legacy,169473,牛绞肉，70%瘦肉/30%脂肪，碎粒，熟，煎炒,"Beef, ground, 70% lean meat / 30% fat, crumbles, cooked, pan-browned",25.56,17.86,0,,,,,Beef Products,
sr_legacy_169474,sr_legacy,169474,牛绞肉，70%瘦肉/30%脂肪，肉糕，熟，烘烤,"Beef, ground, 70% lean meat / 30% fat, loaf, cooked, baked",23.87,15.37,0,,,,,Beef Products,
sr_legacy_169475,sr_legacy,169475,牛肩上板腱牛排，无骨，仅可分离瘦肉，去除外部脂肪，Choice级，熟，煎烤,"Beef, shoulder top blade steak, boneless, separable lean only, trimmed to 0"" fat, choice, cooked, grilled",28.28,9.83,0.0,,,,,Beef Products,
sr_legacy_169476,sr_legacy,169476,牛肩上板腱牛排，无骨，仅可分离瘦肉，去除外部脂肪，Select级，熟，煎烤,"Beef, shoulder top blade steak, boneless, separable lean only, trimmed to 0"" fat, select, cooked, grilled",27.96,8.34,0.0,,,,,Beef Products,
sr_legacy_169477,sr_legacy,169477,牛肩上板腱牛排，无骨，仅可分离瘦肉，去除外部脂肪，各等级，生,"Beef, shoulder top blade steak, boneless, separable lean only, trimmed to 0"" fat, all grades, raw",20.36,6.42,0.0,,,,,Beef Products,
sr_legacy_169478,sr_legacy,169478,牛肩上板腱牛排，无骨，仅可分离瘦肉，去除外部脂肪，Choice级，生,"Beef, shoulder top blade steak, boneless, separable lean only, trimmed to 0"" fat, choice, raw",20.35,6.88,0.0,,,,,Beef Products,
sr_legacy_169479,sr_legacy,169479,牛肩上板腱牛排，无骨，可分离瘦肉和脂肪，去除外部脂肪，各等级，熟，煎烤,"Beef, shoulder top blade steak, boneless, separable lean and fat, trimmed to 0"" fat, all grades, cooked, grilled",27.59,11.07,0.0,,,,,Beef Products,
sr_legacy_169480,sr_legacy,169480,牛肩肉锅烤块或牛排，无骨，仅可分离瘦肉，去除外部脂肪，各等级，生,"Beef, shoulder pot roast or steak, boneless, separable lean only, trimmed to 0"" fat, all grades, raw",21.64,4.09,0.0,,,,,Beef Products,
sr_legacy_169481,sr_legacy,169481,牛肩肉锅烤块或牛排，无骨，仅可分离瘦肉，去除外部脂肪，Choice级，生,"Beef, shoulder pot roast or steak, boneless, separable lean only, trimmed to 0"" fat, choice, raw",21.45,4.35,0.11,,,,,Beef Products,
sr_legacy_169482,sr_legacy,169482,牛肩肉锅烤块或牛排，无骨，仅可分离瘦肉，去除外部脂肪，Select级，生,"Beef, shoulder pot roast or steak, boneless, separable lean only, trimmed to 0"" fat, select, raw",21.93,3.7,0.0,,,,,Beef Products,
sr_legacy_169483,sr_legacy,169483,修整零售牛肉切块综合，可分离瘦肉和脂肪，外部脂肪修至1/8英寸，所有等级，生,"Beef, composite of trimmed retail cuts, separable lean and fat, trimmed to 1/8"" fat, all grades, raw",20.01,14.42,0,,,,,Beef Products,
sr_legacy_169484,sr_legacy,169484,修整零售牛肉切块综合，可分离瘦肉和脂肪，外部脂肪修至1/8英寸，所有等级，熟,"Beef, composite of trimmed retail cuts, separable lean and fat, trimmed to 1/8"" fat, all grades, cooked",26.11,16.59,0,,,,,Beef Products,
sr_legacy_169485,sr_legacy,169485,修整零售牛肉切块综合，可分离瘦肉和脂肪，外部脂肪修至1/8英寸，Choice级，生,"Beef, composite of trimmed retail cuts, separable lean and fat, trimmed to 1/8"" fat, choice, raw",19.79,15.42,0,,,,,Beef Products,
sr_legacy_169486,sr_legacy,169486,修整零售牛肉切块综合，可分离瘦肉和脂肪，外部脂肪修至1/8英寸，Choice级，熟,"Beef, composite of trimmed retail cuts, separable lean and fat, trimmed to 1/8"" fat, choice, cooked",25.85,17.68,0,,,,,Beef Products,
sr_legacy_169487,sr_legacy,169487,修整零售牛肉切块综合，可分离瘦肉和脂肪，外部脂肪修至1/8英寸，Select级，生,"Beef, composite of trimmed retail cuts, separable lean and fat, trimmed to 1/8"" fat, select, raw",19.06,12.4,0,,,,,Beef Products,
sr_legacy_169488,sr_legacy,169488,牛胸肉（brisket）扁平部，可分离瘦肉和脂肪，外部脂肪修至1/8英寸，所有等级，熟，炖煮,"Beef, brisket, flat half, separable lean and fat, trimmed to 1/8"" fat, all grades, cooked, braised",28.82,18.42,0,,,,,Beef Products,
sr_legacy_169489,sr_legacy,169489,牛胸肉（brisket）尖端部，可分离瘦肉和脂肪，外部脂肪修至1/8英寸，所有等级，生,"Beef, brisket, point half, separable lean and fat, trimmed to 1/8"" fat, all grades, raw",17.65,20.98,0.59,,,,,Beef Products,
sr_legacy_169490,sr_legacy,169490,牛胸肉（brisket）尖端部，可分离瘦肉和脂肪，外部脂肪修至1/8英寸，所有等级，熟，炖煮,"Beef, brisket, point half, separable lean and fat, trimmed to 1/8"" fat, all grades, cooked, braised",24.4,27.17,0,,,,,Beef Products,
sr_legacy_169491,sr_legacy,169491,牛肩臂肉锅烤肉，可分离瘦肉和脂肪，外部脂肪修至1/8英寸，所有等级，生,"Beef, chuck, arm pot roast, separable lean and fat, trimmed to 1/8"" fat, all grades, raw",19.23,17.98,0,,,,,Beef Products,
sr_legacy_169492,sr_legacy,169492,牛肩臂肉锅烤肉，可分离瘦肉和脂肪，外部脂肪修至1/8英寸，Select级，熟，炖煮,"Beef, chuck, arm pot roast, separable lean and fat, trimmed to 1/8"" fat, select, cooked, braised",30.05,18.5,0,,,,,Beef Products,
sr_legacy_169493,sr_legacy,169493,牛肩胛板腱烤肉，可分离瘦肉和脂肪，外部脂肪修至1/8英寸，所有等级，生,"Beef, chuck, blade roast, separable lean and fat, trimmed to 1/8"" fat, all grades, raw",17.16,19.41,0,,,,,Beef Products,
sr_legacy_169494,sr_legacy,169494,牛肩胛板腱烤肉，可分离瘦肉和脂肪，外部脂肪修至1/8英寸，所有等级，熟，炖煮,"Beef, chuck, blade roast, separable lean and fat, trimmed to 1/8"" fat, all grades, cooked, braised",26.78,25.12,0,,,,,Beef Products,
sr_legacy_169495,sr_legacy,169495,牛肩胛板腱烤肉，可分离瘦肉和脂肪，外部脂肪修至1/8英寸，Choice级，生,"Beef, chuck, blade roast, separable lean and fat, trimmed to 1/8"" fat, choice, raw",16.98,21.31,0.97,,,,,Beef Products,
sr_legacy_169496,sr_legacy,169496,牛肩眼烤肉（America's Beef Roast），无骨，仅瘦肉，去除外部脂肪，Choice级，熟，烤制,"Beef, chuck eye roast, boneless, America's Beef Roast, separable lean only, trimmed to 0"" fat, choice, cooked, roasted",26.41,9.36,0,,,,,Beef Products,保留 America's Beef Roast 英文切法名，方便搜索和核对
sr_legacy_169497,sr_legacy,169497,牛肩眼烤肉（America's Beef Roast），无骨，仅瘦肉，去除外部脂肪，Select级，熟，烤制,"Beef, chuck eye roast, boneless, America's Beef Roast, separable lean only, trimmed to 0"" fat, select, cooked, roasted",27.02,7.12,0,,,,,Beef Products,保留 America's Beef Roast 英文切法名，方便搜索和核对
sr_legacy_169498,sr_legacy,169498,牛肋整段（第6–12肋），可分离瘦肉和脂肪，外部脂肪修整至1/8英寸，各等级，生,"Beef, rib, whole (ribs 6-12), separable lean and fat, trimmed to 1/8"" fat, all grades, raw",16.53,26.1,0.0,,,,,Beef Products,
sr_legacy_169499,sr_legacy,169499,牛肋整段（第6–12肋），可分离瘦肉和脂肪，外部脂肪修整至1/8英寸，各等级，熟，炙烤,"Beef, rib, whole (ribs 6-12), separable lean and fat, trimmed to 1/8"" fat, all grades, cooked, broiled",22.42,26.75,0.0,,,,,Beef Products,
sr_legacy_169500,sr_legacy,169500,牛肋整段（第6–12肋），可分离瘦肉和脂肪，外部脂肪修整至1/8英寸，各等级，熟，烤制,"Beef, rib, whole (ribs 6-12), separable lean and fat, trimmed to 1/8"" fat, all grades, cooked, roasted",22.77,28.11,0.0,,,,,Beef Products,
sr_legacy_169501,sr_legacy,169501,牛肋整段（第6–12肋），可分离瘦肉和脂肪，外部脂肪修整至1/8英寸，Select 等级，熟，炙烤,"Beef, rib, whole (ribs 6-12), separable lean and fat, trimmed to 1/8"" fat, select, cooked, broiled",22.73,24.2,0.0,,,,,Beef Products,
sr_legacy_169502,sr_legacy,169502,牛肋整段（第6–12肋），可分离瘦肉和脂肪，外部脂肪修整至1/8英寸，Select 等级，熟，烤制,"Beef, rib, whole (ribs 6-12), separable lean and fat, trimmed to 1/8"" fat, select, cooked, roasted",23.1,25.63,0.0,,,,,Beef Products,
sr_legacy_169503,sr_legacy,169503,牛肋整段（第6–12肋），可分离瘦肉和脂肪，外部脂肪修整至1/8英寸，Prime 等级，生,"Beef, rib, whole (ribs 6-12), separable lean and fat, trimmed to 1/8"" fat, prime, raw",16.15,31.66,0.0,,,,,Beef Products,
sr_legacy_169504,sr_legacy,169504,牛肋整段（第6–12肋），可分离瘦肉和脂肪，外部脂肪修整至1/8英寸，Prime 等级，熟，炙烤,"Beef, rib, whole (ribs 6-12), separable lean and fat, trimmed to 1/8"" fat, prime, cooked, broiled",21.95,32.38,0.0,,,,,Beef Products,
sr_legacy_169505,sr_legacy,169505,牛肋大端（第6–9肋），可分离瘦肉和脂肪，外部脂肪修整至1/8英寸，Choice 等级，生,"Beef, rib, large end (ribs 6-9), separable lean and fat, trimmed to 1/8"" fat, choice, raw",16.03,29.34,0.0,,,,,Beef Products,
sr_legacy_169506,sr_legacy,169506,牛肋大端（第6–9肋），可分离瘦肉和脂肪，外部脂肪修整至1/8英寸，Choice 等级，熟，炙烤,"Beef, rib, large end (ribs 6-9), separable lean and fat, trimmed to 1/8"" fat, choice, cooked, broiled",20.86,31.18,0.0,,,,,Beef Products,
sr_legacy_169507,sr_legacy,169507,牛肋大端（第6–9肋），可分离瘦肉和脂肪，外部脂肪修整至1/8英寸，Choice 等级，熟，烤制,"Beef, rib, large end (ribs 6-9), separable lean and fat, trimmed to 1/8"" fat, choice, cooked, roasted",22.5,31.28,0.0,,,,,Beef Products,
sr_legacy_169508,sr_legacy,169508,牛肋大端（第6–9肋），可分离瘦肉和脂肪，外部脂肪修整至1/8英寸，Select 等级，生,"Beef, rib, large end (ribs 6-9), separable lean and fat, trimmed to 1/8"" fat, select, raw",16.52,24.85,0.0,,,,,Beef Products,
sr_legacy_169509,sr_legacy,169509,牛肋小端（第10–12肋），可分离瘦肉和脂肪，外部脂肪修整至1/8英寸，各等级，生,"Beef, rib, small end (ribs 10-12), separable lean and fat, trimmed to 1/8"" fat, all grades, raw",19.33,19.06,0.0,,,,,Beef Products,
sr_legacy_169510,sr_legacy,169510,牛肋小端（第10–12肋），可分离瘦肉和脂肪，外部脂肪修整至1/8英寸，各等级，熟，炙烤,"Beef, rib, small end (ribs 10-12), separable lean and fat, trimmed to 1/8"" fat, all grades, cooked, broiled",25.85,20.04,0.0,,,,,Beef Products,
sr_legacy_169511,sr_legacy,169511,牛肋小端（第10–12肋），可分离瘦肉和脂肪，外部脂肪修整至1/8英寸，各等级，熟，烤制,"Beef, rib, small end (ribs 10-12), separable lean and fat, trimmed to 1/8"" fat, all grades, cooked, roasted",22.54,27.14,0.0,,,,,Beef Products,
sr_legacy_169512,sr_legacy,169512,牛肋小端（第10–12肋），可分离瘦肉和脂肪，外部脂肪修整至1/8英寸，Choice 等级，生,"Beef, rib, small end (ribs 10-12), separable lean and fat, trimmed to 1/8"" fat, choice, raw",19.09,20.13,0.0,,,,,Beef Products,
sr_legacy_169513,sr_legacy,169513,牛肋小端（第10–12肋），可分离瘦肉和脂肪，外部脂肪修整至1/8英寸，Select 等级，熟，烤制,"Beef, rib, small end (ribs 10-12), separable lean and fat, trimmed to 1/8"" fat, select, cooked, roasted",22.76,25.02,0.0,,,,,Beef Products,
sr_legacy_169514,sr_legacy,169514,牛肋小端（第10–12肋），可分离瘦肉和脂肪，外部脂肪修整至1/8英寸，Prime 等级，生,"Beef, rib, small end (ribs 10-12), separable lean and fat, trimmed to 1/8"" fat, prime, raw",16.74,29.18,0.06,,,,,Beef Products,
sr_legacy_169515,sr_legacy,169515,牛肋小端（第10–12肋），可分离瘦肉和脂肪，外部脂肪修整至1/8英寸，Prime 等级，熟，炙烤,"Beef, rib, small end (ribs 10-12), separable lean and fat, trimmed to 1/8"" fat, prime, cooked, broiled",24.13,27.86,0.0,,,,,Beef Products,
sr_legacy_169516,sr_legacy,169516,牛肋小端（第10–12肋），可分离瘦肉和脂肪，外部脂肪修整至1/8英寸，Prime 等级，熟，烤制,"Beef, rib, small end (ribs 10-12), separable lean and fat, trimmed to 1/8"" fat, prime, cooked, roasted",22.15,35.12,0.0,,,,,Beef Products,
sr_legacy_169517,sr_legacy,169517,牛后腿整切肉，可分离瘦肉和脂肪，外部脂肪修整至1/8英寸，Select级，生,"Beef, round, full cut, separable lean and fat, trimmed to 1/8"" fat, select, raw",20.56,10.68,0.0,,,,,Beef Products,
sr_legacy_169518,sr_legacy,169518,牛后腿整切肉，可分离瘦肉和脂肪，外部脂肪修整至1/8英寸，Select级，熟，上火烤制,"Beef, round, full cut, separable lean and fat, trimmed to 1/8"" fat, select, cooked, broiled",27.58,11.08,0.0,,,,,Beef Products,
sr_legacy_169519,sr_legacy,169519,牛后腿下圆肉牛排，可分离瘦肉和脂肪，外部脂肪修整至1/8英寸，各等级，生,"Beef, round, bottom round, steak, separable lean and fat, trimmed to 1/8"" fat, all grades, raw",20.7,11.54,0.0,,,,,Beef Products,
sr_legacy_169520,sr_legacy,169520,牛后腿下圆肉牛排，可分离瘦肉和脂肪，外部脂肪修整至1/8英寸，各等级，熟，炖煮,"Beef, round, bottom round, steak, separable lean and fat, trimmed to 1/8"" fat, all grades, cooked, braised",32.76,11.87,0.0,,,,,Beef Products,
sr_legacy_169521,sr_legacy,169521,牛后腿下圆肉牛排，可分离瘦肉和脂肪，外部脂肪修整至1/8英寸，Select级，熟，炖煮,"Beef, round, bottom round, steak, separable lean and fat, trimmed to 1/8"" fat, select, cooked, braised",32.67,11.19,0.0,,,,,Beef Products,
sr_legacy_169522,sr_legacy,169522,牛后腿下圆肉烤块，可分离瘦肉和脂肪，外部脂肪修整至1/8英寸，Select级，熟，烤制,"Beef, round, bottom round, roast, separable lean and fat, trimmed to 1/8"" fat, select, cooked, roasted",26.77,10.85,0.0,,,,,Beef Products,
sr_legacy_169523,sr_legacy,169523,牛后腿眼肉烤块，可分离瘦肉和脂肪，外部脂肪修整至1/8英寸，各等级，生,"Beef, round, eye of round, roast, separable lean and fat, trimmed to 1/8"" fat, all grades, raw",21.49,8.24,0.0,,,,,Beef Products,
sr_legacy_169524,sr_legacy,169524,牛后腿眼肉烤块，可分离瘦肉和脂肪，外部脂肪修整至1/8英寸，各等级，熟，烤制,"Beef, round, eye of round, roast, separable lean and fat, trimmed to 1/8"" fat, all grades, cooked, roasted",28.31,9.65,0.0,,,,,Beef Products,
sr_legacy_169525,sr_legacy,169525,牛后腿尖圆肉，可分离瘦肉和脂肪，外部脂肪修整至1/8英寸，各等级，生,"Beef, round, tip round, separable lean and fat, trimmed to 1/8"" fat, all grades, raw",19.6,11.67,0.0,,,,,Beef Products,
sr_legacy_169526,sr_legacy,169526,牛后腿尖圆肉烤块，可分离瘦肉和脂肪，外部脂肪修整至1/8英寸，各等级，熟，烤制,"Beef, round, tip round, roast, separable lean and fat, trimmed to 1/8"" fat, all grades, cooked, roasted",27.45,11.34,0.0,,,,,Beef Products,
sr_legacy_169527,sr_legacy,169527,牛后腿尖圆肉，可分离瘦肉和脂肪，外部脂肪修整至1/8英寸，Choice级，生,"Beef, round, tip round, separable lean and fat, trimmed to 1/8"" fat, choice, raw",19.48,12.83,0.0,,,,,Beef Products,
sr_legacy_169528,sr_legacy,169528,牛后腿尖圆肉烤块，可分离瘦肉和脂肪，外部脂肪修整至1/8英寸，Choice级，熟，烤制,"Beef, round, tip round, roast, separable lean and fat, trimmed to 1/8"" fat, choice, cooked, roasted",27.27,12.34,0.0,,,,,Beef Products,
sr_legacy_169529,sr_legacy,169529,牛后腿上圆肉牛排，可分离瘦肉和脂肪，外部脂肪修整至1/8英寸，各等级，生,"Beef, round, top round, steak, separable lean and fat, trimmed to 1/8"" fat, all grades, raw",22.06,7.93,0.0,,,,,Beef Products,
sr_legacy_169530,sr_legacy,169530,牛后腿上圆肉，可分离瘦肉和脂肪，外部脂肪修整至1/8英寸，各等级，熟，炖煮,"Beef, round, top round, separable lean and fat, trimmed to 1/8"" fat, all grades, cooked, braised",34.34,10.13,0.0,,,,,Beef Products,
sr_legacy_169531,sr_legacy,169531,牛后腿上圆肉牛排，可分离瘦肉和脂肪，外部脂肪修整至1/8英寸，各等级，熟，上火烤制,"Beef, round, top round steak, separable lean and fat, trimmed to 1/8"" fat, all grades, cooked, broiled",30.67,9.0,0.0,,,,,Beef Products,
sr_legacy_169532,sr_legacy,169532,牛后腿上圆肉牛排，可分离瘦肉和脂肪，外部脂肪修整至1/8英寸，Choice级，生,"Beef, round, top round, steak, separable lean and fat, trimmed to 1/8"" fat, choice, raw",21.94,8.19,0.0,,,,,Beef Products,
sr_legacy_169533,sr_legacy,169533,牛后腿上圆肉牛排，可分离瘦肉和脂肪，外部脂肪修整至1/8英寸，Select级，熟，上火烤制,"Beef, round, top round, steak, separable lean and fat, trimmed to 1/8"" fat, select, cooked, broiled",30.63,7.73,0.0,,,,,Beef Products,
sr_legacy_169534,sr_legacy,169534,牛后腿上圆肉，可分离瘦肉和脂肪，外部脂肪修整至1/8英寸，Prime级，生,"Beef, round, top round, separable lean and fat, trimmed to 1/8"" fat, prime, raw",22.24,8.67,0.0,,,,,Beef Products,
sr_legacy_169535,sr_legacy,169535,牛后腿上圆肉牛排，可分离瘦肉和脂肪，外部脂肪修整至1/8英寸，Prime级，熟，上火烤制,"Beef, round, top round, steak, separable lean and fat, trimmed to 1/8"" fat, prime, cooked, broiled",31.27,10.1,0.0,,,,,Beef Products,
sr_legacy_169536,sr_legacy,169536,牛肩上板腱牛排，无骨，可分离瘦肉和脂肪，去除外部脂肪，Select级，生,"Beef, shoulder top blade steak, boneless, separable lean and fat, trimmed to 0"" fat, select, raw",20.28,6.21,0.0,,,,,Beef Products,
sr_legacy_169537,sr_legacy,169537,牛短腰脊 T骨牛排，可分离瘦肉和脂肪，外部脂肪修整至1/8英寸，Choice级，熟，煎烤,"Beef, short loin, t-bone steak, separable lean and fat, trimmed to 1/8"" fat, choice, cooked, grilled",24.21,21.13,0.0,,,,,Beef Products,T-bone 为常见牛排名称，保留英文方便搜索
sr_legacy_169538,sr_legacy,169538,牛短腰脊上腰肉（纽约客）牛排，可分离瘦肉和脂肪，外部脂肪修整至1/8英寸，各等级，生,"Beef, short loin, top loin, steak, separable lean and fat, trimmed to 1/8"" fat, all grades, raw",20.61,15.49,0.0,,,,,Beef Products,top loin 近似纽约客/上腰肉，保留中文主名称
sr_legacy_169539,sr_legacy,169539,牛上腰脊（纽约客）肉，可分离瘦肉和脂肪，外部脂肪修整至1/8英寸，各等级，熟，煎烤,"Beef, loin, top loin, separable lean and fat, trimmed to 1/8"" fat, all grades, cooked, grilled",26.44,16.78,0.0,,,,,Beef Products,
sr_legacy_169540,sr_legacy,169540,牛上腰脊（纽约客）肉，可分离瘦肉和脂肪，外部脂肪修整至1/8英寸，Choice 等级，生,"Beef, loin, top loin, separable lean and fat, trimmed to 1/8"" fat, choice, raw",19.32,17.1,0.0,,,,,Beef Products,
sr_legacy_169541,sr_legacy,169541,牛短腰脊上腰肉（纽约客），可分离瘦肉和脂肪，外部脂肪修整至1/8英寸，Prime级，熟，上火烤制,"Beef, short loin, top loin, separable lean and fat, trimmed to 1/8"" fat, prime, cooked, broiled",25.92,22.12,0.0,,,,,Beef Products,top loin 近似纽约客/上腰肉，保留中文主名称
sr_legacy_169542,sr_legacy,169542,牛里脊（菲力）牛排，可分离瘦肉和脂肪，外部脂肪修整至1/8英寸，各等级，生,"Beef, tenderloin, steak, separable lean and fat, trimmed to 1/8"" fat, all grades, raw",19.61,18.16,0.0,,,,,Beef Products,
sr_legacy_169543,sr_legacy,169543,牛里脊（菲力）牛排，可分离瘦肉和脂肪，外部脂肪修整至1/8英寸，各等级，熟，上火烤制,"Beef, tenderloin, steak, separable lean and fat, trimmed to 1/8"" fat, all grades, cooked, broiled",26.46,17.12,0.0,,,,,Beef Products,
sr_legacy_169544,sr_legacy,169544,牛里脊（菲力）烤块，可分离瘦肉和脂肪，外部脂肪修整至1/8英寸，各等级，熟，烤制,"Beef, tenderloin, roast, separable lean and fat, trimmed to 1/8"" fat, all grades, cooked, roasted",23.9,24.6,0.0,,,,,Beef Products,
sr_legacy_169545,sr_legacy,169545,牛里脊（菲力）牛排，可分离瘦肉和脂肪，外部脂肪修整至1/8英寸，Choice级，生,"Beef, tenderloin, steak, separable lean and fat, trimmed to 1/8"" fat, choice, raw",19.82,17.88,0.0,,,,,Beef Products,
sr_legacy_169546,sr_legacy,169546,牛里脊（菲力）烤块，可分离瘦肉和脂肪，外部脂肪修整至1/8英寸，Select级，熟，烤制,"Beef, tenderloin, roast, separable lean and fat, trimmed to 1/8"" fat, select, cooked, roasted",23.9,23.7,0.0,,,,,Beef Products,
sr_legacy_169547,sr_legacy,169547,牛里脊（菲力），可分离瘦肉和脂肪，外部脂肪修整至1/8英寸，Prime级，生,"Beef, tenderloin, separable lean and fat, trimmed to 1/8"" fat, prime, raw",18.15,21.83,0.0,,,,,Beef Products,
sr_legacy_169548,sr_legacy,169548,牛里脊（菲力）牛排，可分离瘦肉和脂肪，外部脂肪修整至1/8英寸，Prime级，熟，上火烤制,"Beef, tenderloin, steak, separable lean and fat, trimmed to 1/8"" fat, prime, cooked, broiled",25.26,22.21,0.0,,,,,Beef Products,
sr_legacy_169549,sr_legacy,169549,牛里脊（菲力）烤块，可分离瘦肉和脂肪，外部脂肪修整至1/8英寸，Prime级，熟，烤制,"Beef, tenderloin, roast, separable lean and fat, trimmed to 1/8"" fat, prime, cooked, roasted",24.04,26.67,0.0,,,,,Beef Products,
sr_legacy_169550,sr_legacy,169550,牛上沙朗牛排，可分离瘦肉和脂肪，外部脂肪修整至1/8英寸，Choice级，熟，平底锅煎制,"Beef, top sirloin, steak, separable lean and fat, trimmed to 1/8"" fat, choice, cooked, pan-fried",28.77,21.06,0.0,,,,,Beef Products,
sr_legacy_169551,sr_legacy,169551,牛上沙朗牛排，可分离瘦肉和脂肪，外部脂肪修整至1/8英寸，Select级，生,"Beef, top sirloin, steak, separable lean and fat, trimmed to 1/8"" fat, select, raw",20.68,11.13,0.0,,,,,Beef Products,
sr_legacy_169552,sr_legacy,169552,牛上沙朗牛排，可分离瘦肉和脂肪，外部脂肪修整至1/8英寸，Select级，熟，上火烤制,"Beef, top sirloin, steak, separable lean and fat, trimmed to 1/8"" fat, select, cooked, broiled",27.12,12.71,0.0,,,,,Beef Products,
sr_legacy_169553,sr_legacy,169553,牛肩胛肉块烤肉，仅瘦肉，去除外部脂肪，Choice级，熟，烤制,"Beef, chuck, clod roast, separable lean only, trimmed to 0"" fat, choice, cooked, roasted",25.95,6.69,0,,,,,Beef Products,
sr_legacy_169554,sr_legacy,169554,牛腹胁牛排，可分离瘦肉和脂肪，去除外部脂肪，Select级，熟，上火烤制,"Beef, flank, steak, separable lean and fat, trimmed to 0"" fat, select, cooked, broiled",27.78,7.15,0,,,,,Beef Products,
sr_legacy_169555,sr_legacy,169555,牛胸肉（brisket）扁平部，可分离瘦肉和脂肪，去除外部脂肪，Select级，熟，炖煮,"Beef, brisket, flat half, separable lean and fat, trimmed to 0"" fat, select, cooked, braised",33.59,6.77,0,,,,,Beef Products,
sr_legacy_169556,sr_legacy,169556,牛肋眼小端（第10–12肋），可分离瘦肉和脂肪，去除外部脂肪，Select 等级，熟，炙烤,"Beef, rib eye, small end (ribs 10-12), separable lean and fat, trimmed to 0"" fat, select, cooked, broiled",27.95,12.71,0.0,,,,,Beef Products,
sr_legacy_169557,sr_legacy,169557,牛肋眼小端（第10–12肋），可分离瘦肉和脂肪，去除外部脂肪，各等级，熟，炙烤,"Beef, rib eye, small end (ribs 10-12), separable lean and fat, trimmed to 0"" fat, all grades, cooked, broiled",27.27,14.74,0.0,,,,,Beef Products,
sr_legacy_169558,sr_legacy,169558,牛下沙朗三角肉（tri-tip）烤肉，可分离瘦肉和脂肪，去除外部脂肪，所有等级，熟，烤制,"Beef, bottom sirloin, tri-tip roast, separable lean and fat, trimmed to 0"" fat, all grades, cooked, roasted",26.05,11.07,0,,,,,Beef Products,
sr_legacy_169559,sr_legacy,169559,牛下沙朗三角肉（tri-tip）烤肉，可分离瘦肉和脂肪，去除外部脂肪，Select级，生,"Beef, bottom sirloin, tri-tip roast, separable lean and fat, trimmed to 0"" fat, select, raw",20.64,7.68,0,,,,,Beef Products,
sr_legacy_169560,sr_legacy,169560,牛后腿上圆肉牛排，无骨，可分离瘦肉和脂肪，去除外部脂肪，各等级，熟，煎烤,"Beef, round, top round steak, boneless, separable lean and fat, trimmed to 0"" fat, all grades, cooked, grilled",29.96,4.28,0.0,,,,,Beef Products,
sr_legacy_169561,sr_legacy,169561,牛肩小嫩肉牛排（mock tender），仅瘦肉，去除外部脂肪，Choice级，熟，上火烤制,"Beef, chuck, mock tender steak, separable lean only, trimmed to 0"" fat, choice, cooked, broiled",25.74,5.69,0,,,,,Beef Products,mock tender 为美国牛肩部切法，中文按“牛肩小嫩肉”处理
sr_legacy_169562,sr_legacy,169562,牛肩小嫩肉牛排（mock tender），仅瘦肉，去除外部脂肪，Select级，熟，上火烤制,"Beef, chuck, mock tender steak, separable lean only, trimmed to 0"" fat, select, cooked, broiled",26.13,5.02,0,,,,,Beef Products,mock tender 为美国牛肩部切法，中文按“牛肩小嫩肉”处理
sr_legacy_169563,sr_legacy,169563,牛腹胁牛排，可分离瘦肉和脂肪，去除外部脂肪，所有等级，生,"Beef, flank, steak, separable lean and fat, trimmed to 0"" fat, all grades, raw",21.22,7.17,0,,,,,Beef Products,
sr_legacy_169564,sr_legacy,169564,牛腹胁牛排，可分离瘦肉和脂肪，去除外部脂肪，Select级，生,"Beef, flank, steak, separable lean and fat, trimmed to 0"" fat, select, raw",21.22,6.06,0,,,,,Beef Products,
sr_legacy_169565,sr_legacy,169565,牛肩眼烤肉（America's Beef Roast），无骨，仅瘦肉，去除外部脂肪，所有等级，生,"Beef, chuck eye roast, boneless, America's Beef Roast, separable lean only, trimmed to 0"" fat, all grades, raw",20.61,6.01,0,,,,,Beef Products,保留 America's Beef Roast 英文切法名，方便搜索和核对
sr_legacy_169566,sr_legacy,169566,牛肩眼烤肉（America's Beef Roast），无骨，仅瘦肉，去除外部脂肪，Choice级，生,"Beef, chuck eye roast, boneless, America's Beef Roast, separable lean only, trimmed to 0"" fat, choice, raw",20.67,6.21,0,,,,,Beef Products,保留 America's Beef Roast 英文切法名，方便搜索和核对
sr_legacy_169567,sr_legacy,169567,牛肩短肋，无骨，仅瘦肉，去除外部脂肪，Choice级，熟，炖煮,"Beef, chuck, short ribs, boneless, separable lean only, trimmed to 0"" fat, choice, cooked, braised",28.84,14.95,0,,,,,Beef Products,
sr_legacy_169568,sr_legacy,169568,牛肩短肋，无骨，仅瘦肉，去除外部脂肪，Select级，熟，炖煮,"Beef, chuck, short ribs, boneless, separable lean only, trimmed to 0"" fat, select, cooked, braised",28.79,12.08,0,,,,,Beef Products,
sr_legacy_169569,sr_legacy,169569,牛肩短肋，无骨，仅瘦肉，去除外部脂肪，所有等级，熟，炖煮,"Beef, chuck, short ribs, boneless, separable lean only, trimmed to 0"" fat, all grades, cooked, braised",28.82,13.8,0,,,,,Beef Products,
sr_legacy_169570,sr_legacy,169570,牛胸肉（brisket）扁平部，无骨，可分离瘦肉和脂肪，去除外部脂肪，Select级，生,"Beef, brisket, flat half, boneless, separable lean and fat, trimmed to 0"" fat, select, raw",20.57,8.45,0,,,,,Beef Products,
sr_legacy_169571,sr_legacy,169571,牛下沙朗三角肉烤块，仅可分离瘦肉，去除外部脂肪，各等级，熟，烤制,"Beef, loin, bottom sirloin butt, tri-tip roast, separable lean only, trimmed to 0"" fat, all grades, cooked, roasted",26.75,8.34,0.0,,,,,Beef Products,
sr_legacy_169694,sr_legacy,169694,白色 Masa 玉米粉，强化,"Corn flour, masa, enriched, white",8.46,3.69,76.59,,,,,Cereal Grains and Pasta,
sr_legacy_169695,sr_legacy,169695,黄色脱胚玉米粉，未强化,"Corn flour, yellow, degermed, unenriched",5.59,1.39,82.75,,,,,Cereal Grains and Pasta,
sr_legacy_169696,sr_legacy,169696,白色 Masa 玉米粉，未强化,"Corn flour, masa, unenriched, white",8.46,3.69,76.59,,,,,Cereal Grains and Pasta,
sr_legacy_169697,sr_legacy,169697,黄色全谷物玉米面,"Cornmeal, whole-grain, yellow",8.12,3.59,76.89,,,,,Cereal Grains and Pasta,
sr_legacy_169698,sr_legacy,169698,玉米淀粉,Cornstarch,0.26,0.05,91.27,,,,,Cereal Grains and Pasta,
sr_legacy_169699,sr_legacy,169699,古斯米，干,"Couscous, dry",12.76,0.64,77.43,,,,,Cereal Grains and Pasta,
sr_legacy_169700,sr_legacy,169700,古斯米，熟,"Couscous, cooked",3.79,0.16,23.22,,,,,Cereal Grains and Pasta,
sr_legacy_169701,sr_legacy,169701,Hominy 碱处理白玉米粒，罐装,"Hominy, canned, white",1.48,0.88,14.26,,,,,Cereal Grains and Pasta,Hominy 为碱处理玉米粒，保留英文便于核对
sr_legacy_169702,sr_legacy,169702,小米，生,"Millet, raw",11.02,4.22,72.85,,,,,Cereal Grains and Pasta,
sr_legacy_169703,sr_legacy,169703,长粒糙米，生,"Rice, brown, long-grain, raw (Includes foods for USDA's Food Distribution Program)",7.54,3.2,76.25,,,,,Cereal Grains and Pasta,
sr_legacy_169704,sr_legacy,169704,长粒糙米饭，熟,"Rice, brown, long-grain, cooked (Includes foods for USDA's Food Distribution Program)",2.74,0.97,25.58,,,,,Cereal Grains and Pasta,
sr_legacy_169705,sr_legacy,169705,燕麦,Oats (Includes foods for USDA's Food Distribution Program),16.89,6.9,66.27,,,,,Cereal Grains and Pasta,
sr_legacy_169706,sr_legacy,169706,中粒糙米，生,"Rice, brown, medium-grain, raw (Includes foods for USDA's Food Distribution Program)",7.5,2.68,76.17,,,,,Cereal Grains and Pasta,
sr_legacy_169707,sr_legacy,169707,长粒半熟化强化白米，干,"Rice, white, long-grain, parboiled, enriched, dry",7.51,1.03,80.89,,,,,Cereal Grains and Pasta,
sr_legacy_169708,sr_legacy,169708,长粒半熟化强化白米饭，熟,"Rice, white, long-grain, parboiled, enriched, cooked",2.91,0.37,26.05,,,,,Cereal Grains and Pasta,
sr_legacy_169709,sr_legacy,169709,长粒速煮或即食强化白米，干,"Rice, white, long-grain, precooked or instant, enriched, dry",7.82,0.94,82.32,,,,,Cereal Grains and Pasta,
sr_legacy_169710,sr_legacy,169710,长粒速煮或即食强化白米，已制作,"Rice, white, long-grain, precooked or instant, enriched, prepared",2.18,0.5,26.76,,,,,Cereal Grains and Pasta,
sr_legacy_169711,sr_legacy,169711,糯白米饭，未强化，熟,"Rice, white, glutinous, unenriched, cooked",2.02,0.19,21.09,,,,,Cereal Grains and Pasta,
sr_legacy_169713,sr_legacy,169713,米糠，粗制,"Rice bran, crude",13.35,20.85,49.69,,,,,Cereal Grains and Pasta,
sr_legacy_169714,sr_legacy,169714,白米粉，未强化,"Rice flour, white, unenriched",5.95,1.42,80.13,,,,,Cereal Grains and Pasta,
sr_legacy_169715,sr_legacy,169715,粗粒小麦粉 Semolina，强化,"Semolina, enriched",12.68,1.05,72.83,,,,,Cereal Grains and Pasta,
sr_legacy_169716,sr_legacy,169716,高粱粒,Sorghum grain,10.62,3.46,72.09,,,,,Cereal Grains and Pasta,
sr_legacy_169717,sr_legacy,169717,珍珠木薯，干,"Tapioca, pearl, dry",0.19,0.02,88.69,,,,,Cereal Grains and Pasta,
sr_legacy_169718,sr_legacy,169718,小黑麦,Triticale,13.05,2.09,72.13,,,,,Cereal Grains and Pasta,
sr_legacy_169719,sr_legacy,169719,硬白小麦,"Wheat, hard white",11.31,1.71,75.9,,,,,Cereal Grains and Pasta,
sr_legacy_169720,sr_legacy,169720,软白小麦,"Wheat, soft white",10.69,1.99,75.36,,,,,Cereal Grains and Pasta,
sr_legacy_169721,sr_legacy,169721,硬粒小麦 Durum,"Wheat, durum",13.68,2.47,71.13,,,,,Cereal Grains and Pasta,
sr_legacy_169722,sr_legacy,169722,小麦麸，粗制,"Wheat bran, crude",15.55,4.25,64.51,,,,,Cereal Grains and Pasta,
sr_legacy_169723,sr_legacy,169723,白色蛋糕小麦粉，强化,"Wheat flour, white, cake, enriched",8.2,0.86,78.03,,,,,Cereal Grains and Pasta,
sr_legacy_169724,sr_legacy,169724,白色 Tortilla 混合小麦粉，强化,"Wheat flour, white, tortilla mix, enriched",9.66,10.63,67.14,,,,,Cereal Grains and Pasta,
sr_legacy_169725,sr_legacy,169725,发芽小麦,"Wheat, sprouted",7.49,1.27,42.53,,,,,Cereal Grains and Pasta,
sr_legacy_169726,sr_legacy,169726,野米，生,"Wild rice, raw",14.73,1.08,74.9,,,,,Cereal Grains and Pasta,
sr_legacy_169727,sr_legacy,169727,新鲜冷藏原味意面，购买状态,"Pasta, fresh-refrigerated, plain, as purchased",11.31,2.3,54.73,,,,,Cereal Grains and Pasta,
sr_legacy_169728,sr_legacy,169728,新鲜冷藏原味意面，熟,"Pasta, fresh-refrigerated, plain, cooked",5.15,1.05,24.93,,,,,Cereal Grains and Pasta,
sr_legacy_169729,sr_legacy,169729,新鲜冷藏菠菜意面，购买状态,"Pasta, fresh-refrigerated, spinach, as purchased",11.26,2.1,55.72,,,,,Cereal Grains and Pasta,
sr_legacy_169730,sr_legacy,169730,新鲜冷藏菠菜意面，熟,"Pasta, fresh-refrigerated, spinach, cooked",5.06,0.94,25.04,,,,,Cereal Grains and Pasta,
sr_legacy_169731,sr_legacy,169731,鸡蛋面，干，强化,"Noodles, egg, dry, enriched",14.16,4.44,71.27,,,,,Cereal Grains and Pasta,
sr_legacy_169732,sr_legacy,169732,鸡蛋面，强化，熟,"Noodles, egg, enriched, cooked",4.54,2.07,25.16,,,,,Cereal Grains and Pasta,
sr_legacy_169733,sr_legacy,169733,菠菜鸡蛋面，强化，干,"Noodles, egg, spinach, enriched, dry",14.61,4.55,70.32,,,,,Cereal Grains and Pasta,
sr_legacy_169734,sr_legacy,169734,菠菜鸡蛋面，强化，熟,"Noodles, egg, spinach, enriched, cooked",5.04,1.57,24.25,,,,,Cereal Grains and Pasta,
sr_legacy_169736,sr_legacy,169736,意面，干，强化,"Pasta, dry, enriched",13.04,1.51,74.67,,,,,Cereal Grains and Pasta,
sr_legacy_169737,sr_legacy,169737,意面，熟，强化，不加盐,"Pasta, cooked, enriched, without added salt",5.8,0.93,30.86,,,,,Cereal Grains and Pasta,
sr_legacy_169738,sr_legacy,169738,全麦意面，干,"Pasta, whole-wheat, dry (Includes foods for USDA's Food Distribution Program)",13.87,2.93,73.37,,,,,Cereal Grains and Pasta,
sr_legacy_169739,sr_legacy,169739,大麦粉或大麦粗粉,Barley flour or meal,10.5,1.6,74.52,,,,,Cereal Grains and Pasta,
sr_legacy_169740,sr_legacy,169740,麦芽大麦粉,Barley malt flour,10.28,1.84,78.3,,,,,Cereal Grains and Pasta,
sr_legacy_169741,sr_legacy,169741,燕麦粉，部分去麸,"Oat flour, partially debranned",14.66,9.12,65.7,,,,,Cereal Grains and Pasta,
sr_legacy_169742,sr_legacy,169742,米粉条，干,"Rice noodles, dry",5.95,0.56,80.18,,,,,Cereal Grains and Pasta,
sr_legacy_169743,sr_legacy,169743,KAMUT 呼罗珊小麦，未煮,"Wheat, KAMUT khorasan, uncooked",14.54,2.13,70.58,,,,,Cereal Grains and Pasta,KAMUT/khorasan 为古代小麦品种
sr_legacy_169744,sr_legacy,169744,KAMUT 呼罗珊小麦，熟,"Wheat, KAMUT khorasan, cooked",5.71,0.83,27.6,,,,,Cereal Grains and Pasta,KAMUT/khorasan 为古代小麦品种
sr_legacy_169745,sr_legacy,169745,斯佩尔特小麦，未煮,"Spelt, uncooked",14.57,2.43,70.19,,,,,Cereal Grains and Pasta,
sr_legacy_169746,sr_legacy,169746,斯佩尔特小麦，熟,"Spelt, cooked",5.5,0.85,26.44,,,,,Cereal Grains and Pasta,
sr_legacy_169747,sr_legacy,169747,苔麸 Teff，未煮,"Teff, uncooked",13.3,2.38,73.13,,,,,Cereal Grains and Pasta,
sr_legacy_169748,sr_legacy,169748,白色全谷物玉米粉,"Corn flour, whole-grain, white",6.93,3.86,76.85,,,,,Cereal Grains and Pasta,
sr_legacy_169749,sr_legacy,169749,黄色 Masa 玉米粉，强化,"Corn flour, yellow, masa, enriched",8.46,3.69,76.59,,,,,Cereal Grains and Pasta,
sr_legacy_169750,sr_legacy,169750,白色全谷物玉米面,"Cornmeal, whole-grain, white",8.12,3.59,76.89,,,,,Cereal Grains and Pasta,
sr_legacy_169751,sr_legacy,169751,意面，熟，强化，加盐,"Pasta, cooked, enriched, with added salt",5.8,0.93,30.59,,,,,Cereal Grains and Pasta,
sr_legacy_169752,sr_legacy,169752,Hominy 碱处理黄玉米粒，罐装,"Hominy, canned, yellow",1.48,0.88,14.26,,,,,Cereal Grains and Pasta,Hominy 为碱处理玉米粒，保留英文便于核对
sr_legacy_169753,sr_legacy,169753,长粒普通强化白米饭，加盐,"Rice, white, long-grain, regular, cooked, enriched, with salt",2.69,0.28,28.17,,,,,Cereal Grains and Pasta,
sr_legacy_169754,sr_legacy,169754,白色通用小麦粉，强化，钙强化,"Wheat flour, white, all-purpose, enriched, calcium-fortified",10.33,0.98,76.31,,,,,Cereal Grains and Pasta,
sr_legacy_169755,sr_legacy,169755,鸡蛋面，干，未强化,"Noodles, egg, dry, unenriched",14.16,4.44,71.27,,,,,Cereal Grains and Pasta,
sr_legacy_169756,sr_legacy,169756,长粒普通未强化白米，生,"Rice, white, long-grain, regular, raw, unenriched",7.13,0.66,79.95,,,,,Cereal Grains and Pasta,
sr_legacy_169757,sr_legacy,169757,长粒普通未强化白米饭，熟，不加盐,"Rice, white, long-grain, regular, unenriched, cooked without salt",2.69,0.28,28.17,,,,,Cereal Grains and Pasta,
sr_legacy_169758,sr_legacy,169758,长粒半熟化未强化白米，干,"Rice, white, long-grain, parboiled, unenriched, dry",7.51,1.03,80.89,,,,,Cereal Grains and Pasta,
sr_legacy_169759,sr_legacy,169759,长粒半熟化未强化白米饭，熟,"Rice, white, long-grain, parboiled, unenriched, cooked",2.91,0.37,26.05,,,,,Cereal Grains and Pasta,
sr_legacy_169760,sr_legacy,169760,中粒未强化白米，生,"Rice, white, medium-grain, raw, unenriched",6.61,0.58,79.34,,,,,Cereal Grains and Pasta,
sr_legacy_169761,sr_legacy,169761,白色通用小麦粉，未强化,"Wheat flour, white, all-purpose, unenriched",10.33,0.98,76.31,,,,,Cereal Grains and Pasta,
sr_legacy_169762,sr_legacy,169762,鸡蛋面，熟，未强化，加盐,"Noodles, egg, cooked, unenriched, with added salt",4.54,2.07,25.16,,,,,Cereal Grains and Pasta,
sr_legacy_169763,sr_legacy,169763,黄肉烤土豆，冷冻，未烹调，加工时加盐,"Potatoes, yellow fleshed, roasted, salt added in processing, frozen, unprepared",1.99,1.85,23.44,,,,,Vegetables and Vegetable Products,
sr_legacy_169764,sr_legacy,169764,黄肉土豆炸薯条，冷冻，未烹调,"Potatoes, yellow fleshed, french fried, frozen, unprepared",2.47,5.84,25.01,,,,,Vegetables and Vegetable Products,
sr_legacy_169765,sr_legacy,169765,腌姜，罐装，含人工甜味剂,"Ginger root, pickled, canned, with artificial sweetener",0.33,0.1,4.83,,,,,Vegetables and Vegetable Products,
sr_legacy_169766,sr_legacy,169766,腌辣椒，罐装,"Peppers, hot pickled, canned",0.8,0.4,4.56,,,,,Vegetables and Vegetable Products,
sr_legacy_169767,sr_legacy,169767,BOLTHOUSE FARMS Daily Greens 蔬菜汁,"Vegetable juice, BOLTHOUSE FARMS, DAILY GREENS",0.49,0.04,8.13,,,,,Vegetables and Vegetable Products,品牌名保留英文便于搜索
sr_legacy_169768,sr_legacy,169768,土豆泥，即食,"Potatoes, mashed, ready-to-eat",1.97,5.01,13.29,,,,,Vegetables and Vegetable Products,
sr_legacy_169867,sr_legacy,169867,玉米油和菜籽油混合油,"Oil, corn and canola",0.0,100.0,0.0,,,,,Fats and Oils,
sr_legacy_169868,sr_legacy,169868,脱脂牛奶，液态，强化钙,"Milk, fluid, nonfat, calcium fortified (fat free or skim)",3.4,0.18,4.85,,,,,Dairy and Egg Products,
sr_legacy_169869,sr_legacy,169869,花生酱，减钠,"Peanut butter, reduced sodium",24,49.9,21.83,,,,,Legumes and Legume Products,
sr_legacy_169884,sr_legacy,169884,大豆粉丝,"Vermicelli, made from soy",0.1,0.1,82.32,,,,,Legumes and Legume Products,Vermicelli made from soy 译为大豆粉丝
sr_legacy_169885,sr_legacy,169885,炖腰豆汤汁,"Beans, liquid from stewed kidney beans",1.8,3.2,2.8,,,,,Legumes and Legume Products,指炖煮腰豆产生的液体
sr_legacy_169886,sr_legacy,169886,植物基鸡肉,"Chicken, meatless",23.64,12.73,3.64,,,,,Legumes and Legume Products,meatless 按植物基/素食肉制品处理
sr_legacy_169887,sr_legacy,169887,植物基热狗肠,"Frankfurter, meatless",19.61,13.73,7.7,,,,,Legumes and Legume Products,Frankfurter 指热狗肠/法兰克福香肠；meatless 按植物基处理
sr_legacy_169888,sr_legacy,169888,植物基肉饼或肉糕,Vegetarian meatloaf or patties,21,9,8,,,,,Legumes and Legume Products,
sr_legacy_169889,sr_legacy,169889,夏威夷风味腌萝卜,"Radishes, hawaiian style, pickled",1.1,0.3,5.2,,,,,Vegetables and Vegetable Products,
sr_legacy_169890,sr_legacy,169890,日式腌白菜，新鲜腌制,"Cabbage, japanese style, fresh, pickled",1.6,0.1,5.67,,,,,Vegetables and Vegetable Products,
sr_legacy_169891,sr_legacy,169891,盐渍芥菜,"Cabbage, mustard, salted",1.1,0.1,5.63,,,,,Vegetables and Vegetable Products,
sr_legacy_169892,sr_legacy,169892,茄子，腌制,"Eggplant, pickled",0.9,0.7,9.77,,,,,Vegetables and Vegetable Products,
sr_legacy_169893,sr_legacy,169893,植物基培根粒,"Bacon bits, meatless",32,25.9,28.6,,,,,Legumes and Legume Products,meatless 按植物基/素食肉制品处理
sr_legacy_169894,sr_legacy,169894,无脂黄油替代粉,"Butter replacement, without fat, powder",2.0,1.0,89.0,,,,,Fats and Oils,
sr_legacy_169898,sr_legacy,169898,水果味酸奶，无脂,"Yogurt, fruit variety, nonfat",4.4,0.2,19.0,,,,,Dairy and Egg Products,
sr_legacy_169899,sr_legacy,169899,代打发奶油，糖尿病适用，粉末调制,"Whipped cream substitute, dietetic, made from powdered mix",0.9,6.0,10.6,,,,,Dairy and Egg Products,
sr_legacy_169901,sr_legacy,169901,仿制美式切达奶酪,"Cheese, american cheddar, imitation",16.7,14.0,11.6,,,,,Dairy and Egg Products,
sr_legacy_169902,sr_legacy,169902,鹌鹑，熟，可食部分总计,"Quail, cooked, total edible",25.1,14.1,0,,,,,Poultry Products,quail 指鹌鹑。
sr_legacy_169903,sr_legacy,169903,雉鸡，熟，可食部分总计,"Pheasant, cooked, total edible",32.4,12.1,0,,,,,Poultry Products,pheasant 指雉鸡/野鸡。
sr_legacy_169904,sr_legacy,169904,炒蛋，冷冻混合物,"Eggs, scrambled, frozen mixture",13.1,5.6,7.5,,,,,Dairy and Egg Products,
sr_legacy_169905,sr_legacy,169905,鸽肉，熟（包括乳鸽）,"Dove, cooked (includes squab)",23.9,13,0,,,,,Poultry Products,squab 指乳鸽。
sr_legacy_169906,sr_legacy,169906,腌制火腿，无骨，低钠，特瘦与普通型混合，烤制,"Pork, cured, ham, boneless, low sodium, extra lean and regular, roasted",22,7.7,0.5,,,,,Pork Products,
sr_legacy_169907,sr_legacy,169907,龙眼干,"Longans, dried",4.9,0.4,74.0,,,,,Fruits and Fruit Juices,
sr_legacy_169908,sr_legacy,169908,枇杷，生,"Loquats, raw",0.43,0.2,12.14,,,,,Fruits and Fruit Juices,
sr_legacy_169909,sr_legacy,169909,马梅果，生,"Mammy-apple, (mamey), raw",0.5,0.5,12.5,,,,,Fruits and Fruit Juices,Mamey/Mammy-apple 为少见热带水果，中文名可能有地区差异。
sr_legacy_169910,sr_legacy,169910,芒果，生,"Mangos, raw",0.82,0.38,14.98,,,,,Fruits and Fruit Juices,
sr_legacy_169911,sr_legacy,169911,蜜瓜，生,"Melons, honeydew, raw",0.54,0.14,9.09,,,,,Fruits and Fruit Juices,
sr_legacy_169912,sr_legacy,169912,瓜球，冷冻,"Melon balls, frozen",0.84,0.25,7.94,,,,,Fruits and Fruit Juices,
sr_legacy_169913,sr_legacy,169913,桑葚，生,"Mulberries, raw",1.44,0.39,9.8,,,,,Fruits and Fruit Juices,
sr_legacy_169914,sr_legacy,169914,油桃，生,"Nectarines, raw",1.06,0.32,10.55,,,,,Fruits and Fruit Juices,
sr_legacy_169915,sr_legacy,169915,奥赫洛莓，生,"Oheloberries, raw",0.38,0.22,6.84,,,,,Fruits and Fruit Juices,Oheloberry 为夏威夷少见莓果，保留音译。
sr_legacy_169916,sr_legacy,169916,瓦伦西亚橙，生，加州品种,"Oranges, raw, California, valencias",1.04,0.3,11.89,,,,,Fruits and Fruit Juices,
sr_legacy_169917,sr_legacy,169917,脐橙，生,"Oranges, raw, navels (Includes foods for USDA's Food Distribution Program)",0.91,0.15,12.54,,,,,Fruits and Fruit Juices,
sr_legacy_169918,sr_legacy,169918,橙子，生，佛罗里达品种,"Oranges, raw, Florida",0.7,0.21,11.54,,,,,Fruits and Fruit Juices,
sr_legacy_169919,sr_legacy,169919,橙子，带皮，生,"Oranges, raw, with peel",1.3,0.3,15.5,,,,,Fruits and Fruit Juices,
sr_legacy_169920,sr_legacy,169920,橙汁，冷藏，含浓缩还原，添加钙,"Orange juice, chilled, includes from concentrate, with added calcium",0.68,0.12,11.27,,,,,Fruits and Fruit Juices,
sr_legacy_169925,sr_legacy,169925,橘子汁，生,"Tangerine juice, raw",0.5,0.2,10.1,,,,,Fruits and Fruit Juices,
sr_legacy_169926,sr_legacy,169926,木瓜，生,"Papayas, raw",0.47,0.26,10.82,,,,,Fruits and Fruit Juices,
sr_legacy_169928,sr_legacy,169928,黄桃，生,"Peaches, yellow, raw",0.91,0.25,9.54,,,,,Fruits and Fruit Juices,
sr_legacy_169929,sr_legacy,169929,桃，罐装，水浸，含固形物和液体,"Peaches, canned, water pack, solids and liquids",0.44,0.06,6.11,,,,,Fruits and Fruit Juices,
sr_legacy_169930,sr_legacy,169930,桃，罐装，果汁浸，含固形物和液体,"Peaches, canned, juice pack, solids and liquids",0.63,0.03,11.57,,,,,Fruits and Fruit Juices,
sr_legacy_169932,sr_legacy,169932,脱水桃干，低水分，硫处理，未烹调,"Peaches, dehydrated (low-moisture), sulfured, uncooked",4.89,1.03,83.18,,,,,Fruits and Fruit Juices,
sr_legacy_169933,sr_legacy,169933,脱水桃干，低水分，硫处理，炖煮,"Peaches, dehydrated (low-moisture), sulfured, stewed",2.01,0.42,34.14,,,,,Fruits and Fruit Juices,
sr_legacy_169934,sr_legacy,169934,桃干，硫处理，未烹调,"Peaches, dried, sulfured, uncooked",3.61,0.76,61.33,,,,,Fruits and Fruit Juices,
sr_legacy_169935,sr_legacy,169935,桃干，硫处理，炖煮，不加糖,"Peaches, dried, sulfured, stewed, without added sugar",1.16,0.25,19.69,,,,,Fruits and Fruit Juices,
sr_legacy_169936,sr_legacy,169936,梨，罐装，果汁浸，含固形物和液体,"Pears, canned, juice pack, solids and liquids",0.34,0.07,12.94,,,,,Fruits and Fruit Juices,
sr_legacy_169940,sr_legacy,169940,梨果露，罐装，不添加维生素C,"Pear nectar, canned, without added ascorbic acid",0.11,0.01,15.76,,,,,Fruits and Fruit Juices,
sr_legacy_169941,sr_legacy,169941,日本柿子，生,"Persimmons, japanese, raw",0.58,0.19,18.59,,,,,Fruits and Fruit Juices,
sr_legacy_169942,sr_legacy,169942,日本柿子，干,"Persimmons, japanese, dried",1.38,0.59,73.43,,,,,Fruits and Fruit Juices,
sr_legacy_169943,sr_legacy,169943,北美柿子，生,"Persimmons, native, raw",0.8,0.4,33.5,,,,,Fruits and Fruit Juices,
sr_legacy_169949,sr_legacy,169949,李子，生,"Plums, raw",0.7,0.28,11.42,,,,,Fruits and Fruit Juices,
sr_legacy_169950,sr_legacy,169950,紫李子，罐装，水浸，含固形物和液体,"Plums, canned, purple, water pack, solids and liquids",0.39,0.01,11.03,,,,,Fruits and Fruit Juices,
sr_legacy_169951,sr_legacy,169951,紫李子，罐装，果汁浸，含固形物和液体,"Plums, canned, purple, juice pack, solids and liquids",0.51,0.02,15.15,,,,,Fruits and Fruit Juices,
sr_legacy_169953,sr_legacy,169953,嫩利马豆，冷冻，未烹调,"Lima beans, immature seeds, frozen, fordhook, unprepared",6.4,0.35,19.83,,,,,Vegetables and Vegetable Products,
sr_legacy_169954,sr_legacy,169954,嫩利马豆，冷冻，熟，水煮，沥干，不加盐,"Lima beans, immature seeds, frozen, fordhook, cooked, boiled, drained, without salt",6.07,0.34,19.32,,,,,Vegetables and Vegetable Products,
sr_legacy_169955,sr_legacy,169955,嫩利马豆，冷冻，未烹调,"Lima beans, immature seeds, frozen, baby, unprepared",7.59,0.44,25.14,,,,,Vegetables and Vegetable Products,
sr_legacy_169956,sr_legacy,169956,嫩利马豆，冷冻，熟，水煮，沥干，不加盐,"Lima beans, immature seeds, frozen, baby, cooked, boiled, drained, without salt",6.65,0.3,19.45,,,,,Vegetables and Vegetable Products,
sr_legacy_169957,sr_legacy,169957,绿豆芽，生,"Mung beans, mature seeds, sprouted, raw",3.04,0.18,5.94,,,,,Vegetables and Vegetable Products,
sr_legacy_169958,sr_legacy,169958,嫩斑豆，冷冻，未烹调,"Beans, pinto, immature seeds, frozen, unprepared",9.8,0.5,32.5,,,,,Vegetables and Vegetable Products,
sr_legacy_169959,sr_legacy,169959,嫩斑豆，冷冻，熟，水煮，沥干，不加盐,"Beans, pinto, immature seeds, frozen, cooked, boiled, drained, without salt",9.31,0.48,30.87,,,,,Vegetables and Vegetable Products,
sr_legacy_169960,sr_legacy,169960,鲜剥壳豆，罐装，含固形物和液体,"Beans, shellie, canned, solids and liquids",1.76,0.19,6.19,,,,,Vegetables and Vegetable Products,
sr_legacy_169961,sr_legacy,169961,青四季豆，生,"Beans, snap, green, raw",1.83,0.22,6.97,,,,,Vegetables and Vegetable Products,
sr_legacy_169962,sr_legacy,169962,青四季豆，冷冻，各种形态，未烹调,"Beans, snap, green, frozen, all styles, unprepared (Includes foods for USDA's Food Distribution Program)",1.79,0.21,7.54,,,,,Vegetables and Vegetable Products,原名包含USDA食品分发项目说明，中文名中已省略
sr_legacy_169963,sr_legacy,169963,青四季豆，冷冻，熟，水煮，沥干，不加盐,"Beans, snap, green, frozen, cooked, boiled, drained without salt",1.49,0.17,6.45,,,,,Vegetables and Vegetable Products,
sr_legacy_169964,sr_legacy,169964,青四季豆，冷冻，微波加热，各种形态,"Beans, snap, green, frozen, all styles, microwaved",1.98,0.41,6.98,,,,,Vegetables and Vegetable Products,
sr_legacy_169965,sr_legacy,169965,青四季豆，微波加热,"Beans, snap, green, microwaved",2.31,0.5,6.41,,,,,Vegetables and Vegetable Products,
sr_legacy_169966,sr_legacy,169966,甜菜根，罐装，沥干固形物,"Beets, canned, drained solids",0.91,0.14,7.21,,,,,Vegetables and Vegetable Products,
sr_legacy_169967,sr_legacy,169967,西兰花，熟，水煮，沥干，不加盐,"Broccoli, cooked, boiled, drained, without salt",2.38,0.41,7.18,,,,,Vegetables and Vegetable Products,
sr_legacy_169968,sr_legacy,169968,西兰花，冷冻，切碎，未烹调,"Broccoli, frozen, chopped, unprepared",2.81,0.29,4.78,,,,,Vegetables and Vegetable Products,
sr_legacy_169969,sr_legacy,169969,西兰花，冷冻，熟，水煮，沥干，不加盐，切碎,"Broccoli, frozen, chopped, cooked, boiled, drained, without salt",3.1,0.12,5.35,,,,,Vegetables and Vegetable Products,
sr_legacy_169970,sr_legacy,169970,西兰花，冷冻，嫩茎，未烹调,"Broccoli, frozen, spears, unprepared (Includes foods for USDA's Food Distribution Program)",3.06,0.34,5.35,,,,,Vegetables and Vegetable Products,原名包含USDA食品分发项目说明，中文名中已省略
sr_legacy_169971,sr_legacy,169971,抱子甘蓝，熟，水煮，沥干，不加盐,"Brussels sprouts, cooked, boiled, drained, without salt",2.55,0.5,7.1,,,,,Vegetables and Vegetable Products,
sr_legacy_169972,sr_legacy,169972,抱子甘蓝，冷冻，未烹调,"Brussels sprouts, frozen, unprepared",3.78,0.41,7.86,,,,,Vegetables and Vegetable Products,
sr_legacy_169973,sr_legacy,169973,抱子甘蓝，冷冻，熟，水煮，沥干，不加盐,"Brussels sprouts, frozen, cooked, boiled, drained, without salt",3.64,0.39,8.32,,,,,Vegetables and Vegetable Products,
sr_legacy_169974,sr_legacy,169974,牛蒡根，生,"Burdock root, raw",1.53,0.15,17.34,,,,,Vegetables and Vegetable Products,少见食材，中文名按常见译名处理，保留英文/别名便于核对
sr_legacy_169975,sr_legacy,169975,卷心菜，生,"Cabbage, raw",1.28,0.1,5.8,,,,,Vegetables and Vegetable Products,
sr_legacy_169976,sr_legacy,169976,卷心菜，熟，水煮，沥干，不加盐,"Cabbage, cooked, boiled, drained, without salt",1.27,0.06,5.51,,,,,Vegetables and Vegetable Products,
sr_legacy_169977,sr_legacy,169977,紫甘蓝，生,"Cabbage, red, raw",1.43,0.16,7.37,,,,,Vegetables and Vegetable Products,
sr_legacy_169978,sr_legacy,169978,紫甘蓝，熟，水煮，沥干，不加盐,"Cabbage, red, cooked, boiled, drained, without salt",1.51,0.09,6.94,,,,,Vegetables and Vegetable Products,
sr_legacy_169979,sr_legacy,169979,大白菜，生,"Cabbage, chinese (pe-tsai), raw",1.2,0.2,3.23,,,,,Vegetables and Vegetable Products,
sr_legacy_169980,sr_legacy,169980,大白菜，熟，水煮，沥干，不加盐,"Cabbage, chinese (pe-tsai), cooked, boiled, drained, without salt",1.5,0.17,2.41,,,,,Vegetables and Vegetable Products,
sr_legacy_169981,sr_legacy,169981,刺菜蓟茎，生,"Cardoon, raw",0.7,0.1,4.07,,,,,Vegetables and Vegetable Products,少见食材，中文名按常见译名处理，保留英文/别名便于核对
sr_legacy_169982,sr_legacy,169982,刺菜蓟茎，熟，水煮，沥干，不加盐,"Cardoon, cooked, boiled, drained, without salt",0.76,0.11,5.33,,,,,Vegetables and Vegetable Products,少见食材，中文名按常见译名处理，保留英文/别名便于核对
sr_legacy_169983,sr_legacy,169983,胡萝卜，冷冻，未烹调,"Carrots, frozen, unprepared (Includes foods for USDA's Food Distribution Program)",0.78,0.46,7.9,,,,,Vegetables and Vegetable Products,原名包含USDA食品分发项目说明，中文名中已省略
sr_legacy_169984,sr_legacy,169984,胡萝卜，冷冻，熟，水煮，沥干，不加盐,"Carrots, frozen, cooked, boiled, drained, without salt",0.58,0.68,7.73,,,,,Vegetables and Vegetable Products,
sr_legacy_169985,sr_legacy,169985,木薯，生,"Cassava, raw",1.36,0.28,38.06,,,,,Vegetables and Vegetable Products,
sr_legacy_169986,sr_legacy,169986,花椰菜，生,"Cauliflower, raw",1.92,0.28,4.97,,,,,Vegetables and Vegetable Products,
sr_legacy_169987,sr_legacy,169987,根芹菜，熟，水煮，沥干，不加盐,"Celeriac, cooked, boiled, drained, without salt",0.96,0.19,5.9,,,,,Vegetables and Vegetable Products,
sr_legacy_169988,sr_legacy,169988,芹菜，生,"Celery, raw",0.69,0.17,2.97,,,,,Vegetables and Vegetable Products,
sr_legacy_169989,sr_legacy,169989,芹菜，熟，水煮，沥干，不加盐,"Celery, cooked, boiled, drained, without salt",0.83,0.16,4.0,,,,,Vegetables and Vegetable Products,
sr_legacy_169990,sr_legacy,169990,莴笋，生,"Celtuce, raw",0.85,0.3,3.65,,,,,Vegetables and Vegetable Products,
sr_legacy_169991,sr_legacy,169991,瑞士甜菜，生,"Chard, swiss, raw",1.8,0.2,3.74,,,,,Vegetables and Vegetable Products,
sr_legacy_169992,sr_legacy,169992,菊苣叶，生,"Chicory greens, raw",1.7,0.3,4.7,,,,,Vegetables and Vegetable Products,
sr_legacy_169993,sr_legacy,169993,菊苣根，生,"Chicory roots, raw",1.4,0.2,17.51,,,,,Vegetables and Vegetable Products,
sr_legacy_169994,sr_legacy,169994,细香葱，生,"Chives, raw",3.27,0.73,4.35,,,,,Vegetables and Vegetable Products,
sr_legacy_169995,sr_legacy,169995,茼蒿，生,"Chrysanthemum, garland, raw",3.36,0.56,3.02,,,,,Vegetables and Vegetable Products,
sr_legacy_169996,sr_legacy,169996,宽叶甘蓝菜，冷冻，熟，水煮，沥干，不加盐，切碎,"Collards, frozen, chopped, cooked, boiled, drained, without salt",2.97,0.41,7.1,,,,,Vegetables and Vegetable Products,
sr_legacy_169997,sr_legacy,169997,香菜叶，生,"Coriander (cilantro) leaves, raw",2.13,0.52,3.67,,,,,Vegetables and Vegetable Products,
sr_legacy_169998,sr_legacy,169998,黄甜玉米，生,"Corn, sweet, yellow, raw",3.27,1.35,18.7,,,,,Vegetables and Vegetable Products,
sr_legacy_169999,sr_legacy,169999,黄甜玉米，熟，水煮，沥干，不加盐,"Corn, sweet, yellow, cooked, boiled, drained, without salt",3.41,1.5,20.98,,,,,Vegetables and Vegetable Products,
sr_legacy_170000,sr_legacy,170000,洋葱，生,"Onions, raw",1.1,0.1,9.34,,,,,Vegetables and Vegetable Products,
sr_legacy_170001,sr_legacy,170001,洋葱，熟，水煮，沥干，不加盐,"Onions, cooked, boiled, drained, without salt",1.36,0.19,10.15,,,,,Vegetables and Vegetable Products,
sr_legacy_170002,sr_legacy,170002,洋葱片，脱水,"Onions, dehydrated flakes",8.95,0.46,83.28,,,,,Vegetables and Vegetable Products,
sr_legacy_170003,sr_legacy,170003,洋葱，罐装，含固形物和液体,"Onions, canned, solids and liquids",0.85,0.09,4.02,,,,,Vegetables and Vegetable Products,
sr_legacy_170004,sr_legacy,170004,黄洋葱，炒制,"Onions, yellow, sauteed",0.95,10.8,7.86,,,,,Vegetables and Vegetable Products,
sr_legacy_170005,sr_legacy,170005,小葱/青葱，含葱叶和葱白，生,"Onions, spring or scallions (includes tops and bulb), raw",1.83,0.19,7.34,,,,,Vegetables and Vegetable Products,
sr_legacy_170006,sr_legacy,170006,青葱，仅葱叶,"Onions, young green, tops only",0.97,0.47,5.74,,,,,Vegetables and Vegetable Products,
sr_legacy_170007,sr_legacy,170007,大葱，生,"Onions, welsh, raw",1.9,0.4,6.5,,,,,Vegetables and Vegetable Products,
sr_legacy_170008,sr_legacy,170008,甜洋葱，生,"Onions, sweet, raw",0.8,0.08,7.55,,,,,Vegetables and Vegetable Products,
sr_legacy_170009,sr_legacy,170009,欧防风，煮熟，沥干，不加盐,"Parsnips, cooked, boiled, drained, without salt",1.32,0.3,17.01,,,,,Vegetables and Vegetable Products,
sr_legacy_170010,sr_legacy,170010,可食荚豌豆（荷兰豆/甜豆荚），生,"Peas, edible-podded, raw",2.8,0.2,7.55,,,,,Vegetables and Vegetable Products,
sr_legacy_170011,sr_legacy,170011,可食荚豌豆（荷兰豆/甜豆荚），煮熟，沥干，不加盐,"Peas, edible-podded, boiled, drained, without salt",3.27,0.23,7.05,,,,,Vegetables and Vegetable Products,
sr_legacy_170012,sr_legacy,170012,可食荚豌豆（荷兰豆/甜豆荚），冷冻，未烹调,"Peas, edible-podded, frozen, unprepared",2.8,0.3,7.2,,,,,Vegetables and Vegetable Products,
sr_legacy_170013,sr_legacy,170013,青豌豆（含嫩豌豆和 Le Sueur 类型），罐装，未烹调，沥干固体,"Peas, green (includes baby and lesuer types), canned, drained solids, unprepared",4.47,0.8,11.36,,,,,Vegetables and Vegetable Products,Le Sueur 为豌豆类型/品牌相关名称，保留英文便于核对
sr_legacy_170014,sr_legacy,170014,青豌豆，罐装，调味，含固体和液体,"Peas, green, canned, seasoned, solids and liquids",3.09,0.27,9.25,,,,,Vegetables and Vegetable Products,
sr_legacy_170015,sr_legacy,170015,青豌豆，罐装，沥干固体，用自来水冲洗,"Peas, green, canned, drained solids, rinsed in tap water",4.33,0.95,11.82,,,,,Vegetables and Vegetable Products,
sr_legacy_170016,sr_legacy,170016,青豌豆，冷冻，未烹调,"Peas, green, frozen, unprepared (Includes foods for USDA's Food Distribution Program)",5.22,0.4,13.62,,,,,Vegetables and Vegetable Products,
sr_legacy_170017,sr_legacy,170017,青豌豆，冷冻，煮熟，沥干，不加盐,"Peas, green, frozen, cooked, boiled, drained, without salt",5.15,0.27,14.26,,,,,Vegetables and Vegetable Products,
sr_legacy_170018,sr_legacy,170018,豌豆胡萝卜，冷冻，煮熟，沥干，不加盐,"Peas and carrots, frozen, cooked, boiled, drained, without salt",3.09,0.42,10.12,,,,,Vegetables and Vegetable Products,
sr_legacy_170019,sr_legacy,170019,豌豆洋葱，罐装，含固体和液体,"Peas and onions, canned, solids and liquids",3.28,0.38,8.57,,,,,Vegetables and Vegetable Products,
sr_legacy_170020,sr_legacy,170020,豌豆洋葱，冷冻，未烹调,"Peas and onions, frozen, unprepared",3.98,0.32,13.51,,,,,Vegetables and Vegetable Products,
sr_legacy_170021,sr_legacy,170021,豌豆洋葱，冷冻，煮熟，沥干，不加盐,"Peas and onions, frozen, cooked, boiled, drained, without salt",2.54,0.2,8.63,,,,,Vegetables and Vegetable Products,
sr_legacy_170022,sr_legacy,170022,青甜椒，切碎，冷冻，未烹调,"Peppers, sweet, green, frozen, chopped, unprepared",1.08,0.21,4.45,,,,,Vegetables and Vegetable Products,
sr_legacy_170023,sr_legacy,170023,青甜椒，切碎，冷冻，煮熟，沥干，不加盐,"Peppers, sweet, green, frozen, chopped, boiled, drained, without salt",0.95,0.18,3.9,,,,,Vegetables and Vegetable Products,
sr_legacy_170024,sr_legacy,170024,青甜椒，炒制,"Peppers, sweet, green, sauteed",0.78,11.85,4.22,,,,,Vegetables and Vegetable Products,
sr_legacy_170025,sr_legacy,170025,木豆，未成熟籽粒，生,"Pigeonpeas, immature seeds, raw",7.2,1.64,23.88,,,,,Vegetables and Vegetable Products,
sr_legacy_170026,sr_legacy,170026,土豆，带皮和肉，生,"Potatoes, flesh and skin, raw",2.05,0.09,17.49,,,,,Vegetables and Vegetable Products,
sr_legacy_170027,sr_legacy,170027,褐皮土豆（Russet），带皮和肉，生,"Potatoes, russet, flesh and skin, raw (Includes foods for USDA's Food Distribution Program)",2.14,0.08,18.07,,,,,Vegetables and Vegetable Products,保留 Russet 便于核对品种
sr_legacy_170028,sr_legacy,170028,白土豆，带皮和肉，生,"Potatoes, white, flesh and skin, raw",1.68,0.1,15.71,,,,,Vegetables and Vegetable Products,
sr_legacy_170029,sr_legacy,170029,红皮土豆，带皮和肉，生,"Potatoes, red, flesh and skin, raw",1.89,0.14,15.9,,,,,Vegetables and Vegetable Products,
sr_legacy_170030,sr_legacy,170030,褐皮土豆（Russet），带皮和肉，烤熟,"Potatoes, Russet, flesh and skin, baked",2.63,0.13,21.44,,,,,Vegetables and Vegetable Products,保留 Russet 便于核对品种
sr_legacy_170031,sr_legacy,170031,烤土豆，冷冻，未烹调，加工时加盐,"Potatoes, roasted, salt added in processing, frozen, unprepared",2.22,1.81,26.15,,,,,Vegetables and Vegetable Products,
sr_legacy_170032,sr_legacy,170032,土豆皮，生,"Potatoes, raw, skin",2.57,0.1,12.44,,,,,Vegetables and Vegetable Products,
sr_legacy_170033,sr_legacy,170033,烤土豆，仅肉，不加盐,"Potatoes, baked, flesh, without salt",1.96,0.1,21.55,,,,,Vegetables and Vegetable Products,
sr_legacy_170034,sr_legacy,170034,烤土豆，仅皮，不加盐,"Potatoes, baked, skin, without salt",4.29,0.1,46.06,,,,,Vegetables and Vegetable Products,
sr_legacy_170035,sr_legacy,170035,微波土豆，仅皮，不加盐,"Potatoes, microwaved, cooked in skin, skin, without salt",4.39,0.1,29.63,,,,,Vegetables and Vegetable Products,
sr_legacy_170036,sr_legacy,170036,薯饼（Hash brown），家庭自制,"Potatoes, hash brown, home-prepared",3.0,12.52,35.11,,,,,Vegetables and Vegetable Products,保留 Hash brown 便于搜索和核对
sr_legacy_170038,sr_legacy,170038,奶油焗土豆，家庭自制，使用黄油,"Potatoes, scalloped, home-prepared with butter",2.87,3.68,10.78,,,,,Vegetables and Vegetable Products,
sr_legacy_170039,sr_legacy,170039,脱水土豆泥颗粒，不含奶，干品,"Potatoes, mashed, dehydrated, granules without milk, dry form",8.22,0.54,85.51,,,,,Vegetables and Vegetable Products,
sr_legacy_170040,sr_legacy,170040,脱水土豆泥颗粒制成，添加全脂牛奶和黄油,"Potatoes, mashed, dehydrated, prepared from granules without milk, whole milk and butter added",2.05,4.96,14.36,,,,,Vegetables and Vegetable Products,
sr_legacy_170041,sr_legacy,170041,脱水土豆泥颗粒，含奶，干品,"Potatoes, mashed, dehydrated, granules with milk, dry form",10.9,1.1,77.7,,,,,Vegetables and Vegetable Products,
sr_legacy_170043,sr_legacy,170043,薯饼（Hash brown），原味，冷冻，未烹调,"Potatoes, hash brown, frozen, plain, unprepared",2.06,0.62,17.72,,,,,Vegetables and Vegetable Products,保留 Hash brown 便于搜索和核对
sr_legacy_170044,sr_legacy,170044,薯饼（Hash brown），原味，冷冻，用菜籽油煎制,"Potatoes, hash brown, frozen, plain, prepared, pan fried in canola oil",2.65,11.59,28.51,,,,,Vegetables and Vegetable Products,保留 Hash brown 便于搜索和核对
sr_legacy_170045,sr_legacy,170045,薯饼（Hash brown），配黄油酱，冷冻，未烹调,"Potatoes, hash brown, frozen, with butter sauce, unprepared",1.87,6.66,18.28,,,,,Vegetables and Vegetable Products,保留 Hash brown 便于搜索和核对
sr_legacy_170046,sr_legacy,170046,薯饼（Hash brown），配黄油酱，冷冻，已制备,"Potatoes, hash brown, frozen, with butter sauce, prepared",2.46,8.79,24.13,,,,,Vegetables and Vegetable Products,保留 Hash brown 便于搜索和核对
sr_legacy_170047,sr_legacy,170047,土豆泡芙/土豆球，冷冻，未烹调,"Potato puffs, frozen, unprepared",1.93,8.71,24.8,,,,,Vegetables and Vegetable Products,
sr_legacy_170048,sr_legacy,170048,土豆泡芙/土豆球，冷冻，烤箱加热,"Potato puffs, frozen, oven-heated",2.13,9.05,27.29,,,,,Vegetables and Vegetable Products,
sr_legacy_170049,sr_legacy,170049,整颗土豆，冷冻，煮熟，沥干，不加盐,"Potatoes, frozen, whole, cooked, boiled, drained, without salt",1.98,0.13,14.52,,,,,Vegetables and Vegetable Products,
sr_legacy_170050,sr_legacy,170050,成熟红番茄，熟,"Tomatoes, red, ripe, cooked",0.95,0.11,4.01,,,,,Vegetables and Vegetable Products,
sr_legacy_170051,sr_legacy,170051,成熟红番茄，罐装，番茄汁浸泡,"Tomatoes, red, ripe, canned, packed in tomato juice",0.79,0.25,3.47,,,,,Vegetables and Vegetable Products,
sr_legacy_170052,sr_legacy,170052,成熟红番茄，罐装，炖制,"Tomatoes, red, ripe, canned, stewed",0.91,0.19,6.19,,,,,Vegetables and Vegetable Products,
sr_legacy_170053,sr_legacy,170053,成熟红番茄，罐装，加青辣椒,"Tomatoes, red, ripe, canned, with green chilies",0.69,0.08,3.62,,,,,Vegetables and Vegetable Products,
sr_legacy_170054,sr_legacy,170054,番茄酱，罐装,"Tomato products, canned, sauce",1.2,0.3,5.31,,,,,Vegetables and Vegetable Products,
sr_legacy_170055,sr_legacy,170055,番茄酱，加蘑菇，罐装,"Tomato products, canned, sauce, with mushrooms",1.45,0.13,8.43,,,,,Vegetables and Vegetable Products,
sr_legacy_170056,sr_legacy,170056,番茄酱，加洋葱，罐装,"Tomato products, canned, sauce, with onions",1.56,0.19,9.94,,,,,Vegetables and Vegetable Products,
sr_legacy_170057,sr_legacy,170057,番茄酱，加香草和奶酪，罐装,"Tomato products, canned, sauce, with herbs and cheese",2.13,1.93,10.24,,,,,Vegetables and Vegetable Products,
sr_legacy_170058,sr_legacy,170058,芜菁，煮熟，沥干，不加盐,"Turnips, cooked, boiled, drained, without salt",0.71,0.08,5.06,,,,,Vegetables and Vegetable Products,
sr_legacy_170059,sr_legacy,170059,芜菁，冷冻，未烹调,"Turnips, frozen, unprepared",1.04,0.16,2.94,,,,,Vegetables and Vegetable Products,
sr_legacy_170060,sr_legacy,170060,芜菁，冷冻，煮熟，沥干，不加盐,"Turnips, frozen, cooked, boiled, drained, without salt",1.53,0.24,4.35,,,,,Vegetables and Vegetable Products,
sr_legacy_170061,sr_legacy,170061,芜菁叶，生,"Turnip greens, raw",1.5,0.3,7.13,,,,,Vegetables and Vegetable Products,
sr_legacy_170062,sr_legacy,170062,芜菁叶和芜菁根，冷冻，煮熟，沥干，不加盐,"Turnip greens and turnips, frozen, cooked, boiled, drained, without salt",2.99,0.38,4.85,,,,,Vegetables and Vegetable Products,
sr_legacy_170063,sr_legacy,170063,混合蔬菜汁，罐装,"Vegetable juice cocktail, canned",0.93,0.31,3.87,,,,,Vegetables and Vegetable Products,
sr_legacy_170064,sr_legacy,170064,混合蔬菜（玉米、利马豆、豌豆、四季豆、胡萝卜），罐装，含固体和液体,"Vegetables, mixed, canned, solids and liquids",1.42,0.25,7.13,,,,,Vegetables and Vegetable Products,
sr_legacy_170065,sr_legacy,170065,混合蔬菜（玉米、利马豆、豌豆、四季豆、胡萝卜），罐装，沥干固体,"Vegetables, mixed, canned, drained solids",2.59,0.25,9.26,,,,,Vegetables and Vegetable Products,
sr_legacy_170066,sr_legacy,170066,荸荠/马蹄，生,"Waterchestnuts, chinese, (matai), raw",1.4,0.1,23.94,,,,,Vegetables and Vegetable Products,
sr_legacy_170067,sr_legacy,170067,荸荠/马蹄，罐装，含固体和液体,"Waterchestnuts, chinese, canned, solids and liquids",0.88,0.06,12.3,,,,,Vegetables and Vegetable Products,
sr_legacy_170068,sr_legacy,170068,西洋菜/豆瓣菜，生,"Watercress, raw",2.3,0.1,1.29,,,,,Vegetables and Vegetable Products,
sr_legacy_170069,sr_legacy,170069,冬瓜，生,"Waxgourd, (chinese preserving melon), raw",0.4,0.2,3.0,,,,,Vegetables and Vegetable Products,
sr_legacy_170070,sr_legacy,170070,四棱豆块根，生,"Winged bean tuber, raw",11.6,0.9,28.1,,,,,Vegetables and Vegetable Products,
sr_legacy_170071,sr_legacy,170071,薯蓣（yam），生,"Yam, raw",1.53,0.17,27.88,,,,,Vegetables and Vegetable Products,yam 与红薯、芋头不同，保留英文便于核对
sr_legacy_170072,sr_legacy,170072,薯蓣（yam），煮熟沥干或烤熟，不加盐,"Yam, cooked, boiled, drained, or baked, without salt",1.49,0.14,27.48,,,,,Vegetables and Vegetable Products,yam 与红薯、芋头不同，保留英文便于核对
sr_legacy_170073,sr_legacy,170073,豆薯/沙葛（jicama），生,"Yambean (jicama), raw",0.72,0.09,8.82,,,,,Vegetables and Vegetable Products,jicama 常译为豆薯或沙葛，保留英文便于核对
sr_legacy_170074,sr_legacy,170074,豆薯/沙葛（jicama），煮熟，沥干，不加盐,"Yambean (jicama), cooked, boiled, drained, without salt",0.72,0.09,8.82,,,,,Vegetables and Vegetable Products,jicama 常译为豆薯或沙葛，保留英文便于核对
sr_legacy_170075,sr_legacy,170075,冻干细香葱,"Chives, freeze-dried",21.2,3.5,64.29,,,,,Vegetables and Vegetable Products,
sr_legacy_170076,sr_legacy,170076,酸模叶，生,"Dock, raw",2.0,0.7,3.2,,,,,Vegetables and Vegetable Products,少见食材，中文名按常见译名处理，保留英文/别名便于核对
sr_legacy_170077,sr_legacy,170077,酸模叶，熟，水煮，沥干，不加盐,"Dock, cooked, boiled, drained, without salt",1.83,0.64,2.93,,,,,Vegetables and Vegetable Products,少见食材，中文名按常见译名处理，保留英文/别名便于核对
sr_legacy_170078,sr_legacy,170078,Eppaw（少见植物），生,"Eppaw, raw",4.6,1.8,31.68,,,,,Vegetables and Vegetable Products,少见食材，中文名按常见译名处理，保留英文/别名便于核对
sr_legacy_170079,sr_legacy,170079,绿豆芽，罐装，沥干固形物,"Beans, mung, mature seeds, sprouted, canned, drained solids",1.4,0.06,2.14,,,,,Vegetables and Vegetable Products,
sr_legacy_170080,sr_legacy,170080,墨西哥辣椒（Jalapeño），罐装，含固体和液体,"Peppers, jalapeno, canned, solids and liquids",0.92,0.94,4.74,,,,,Vegetables and Vegetable Products,保留 Jalapeño 便于核对和搜索
sr_legacy_170081,sr_legacy,170081,白冰柱萝卜，生,"Radishes, white icicle, raw",1.1,0.1,2.63,,,,,Vegetables and Vegetable Products,White icicle 为萝卜品种，保留译名便于核对
sr_legacy_170082,sr_legacy,170082,红葱头/小干葱，冻干,"Shallots, freeze-dried",12.3,0.5,80.7,,,,,Vegetables and Vegetable Products,
sr_legacy_170085,sr_legacy,170085,番茄酱，西班牙风味，罐装,"Tomato products, canned, sauce, spanish style",1.44,0.27,7.24,,,,,Vegetables and Vegetable Products,
sr_legacy_170086,sr_legacy,170086,斑豆芽，生,"Beans, pinto, mature seeds, sprouted, raw",5.25,0.9,11.6,,,,,Vegetables and Vegetable Products,
sr_legacy_170087,sr_legacy,170087,斑豆芽，熟，水煮，沥干，不加盐,"Beans, pinto, mature seeds, sprouted, cooked, boiled, drained, without salt",1.86,0.32,4.1,,,,,Vegetables and Vegetable Products,
sr_legacy_170088,sr_legacy,170088,蜜渍红薯，家庭自制,"Sweet potato, cooked, candied, home-prepared",0.89,3.54,32.12,,,,,Vegetables and Vegetable Products,
sr_legacy_170089,sr_legacy,170089,成熟红番茄，熟，炖制,"Tomatoes, red, ripe, cooked, stewed",1.96,2.68,13.05,,,,,Vegetables and Vegetable Products,
sr_legacy_170090,sr_legacy,170090,琼脂，干,"Seaweed, agar, dried",6.21,0.3,80.88,,,,,Vegetables and Vegetable Products,
sr_legacy_170091,sr_legacy,170091,螺旋藻，生,"Seaweed, spirulina, raw",5.92,0.39,2.42,,,,,Vegetables and Vegetable Products,
sr_legacy_170092,sr_legacy,170092,土豆饼,Potato pancakes,6.08,14.76,27.81,,,,,Vegetables and Vegetable Products,
sr_legacy_170093,sr_legacy,170093,烤土豆，带皮和肉，不加盐,"Potatoes, baked, flesh and skin, without salt",2.5,0.13,21.15,,,,,Vegetables and Vegetable Products,
sr_legacy_170094,sr_legacy,170094,微波土豆，带皮和肉，不加盐,"Potatoes, microwaved, cooked in skin, flesh and skin, without salt",2.44,0.1,24.24,,,,,Vegetables and Vegetable Products,
sr_legacy_170095,sr_legacy,170095,萝卜芽，生,"Radish seeds, sprouted, raw",3.81,2.53,3.6,,,,,Vegetables and Vegetable Products,
sr_legacy_170096,sr_legacy,170096,黄番茄，生,"Tomatoes, yellow, raw",0.98,0.26,2.98,,,,,Vegetables and Vegetable Products,
sr_legacy_170097,sr_legacy,170097,香菇，熟，加盐,"Mushrooms, shiitake, cooked, with salt",1.56,0.22,14.39,,,,,Vegetables and Vegetable Products,
sr_legacy_170098,sr_legacy,170098,秋葵，熟，水煮，沥干，加盐,"Okra, cooked, boiled, drained, with salt",1.87,0.21,4.51,,,,,Vegetables and Vegetable Products,
sr_legacy_170099,sr_legacy,170099,秋葵，冷冻，熟，水煮，沥干，加盐,"Okra, frozen, cooked, boiled, drained, with salt",1.63,0.24,6.41,,,,,Vegetables and Vegetable Products,
sr_legacy_170100,sr_legacy,170100,洋葱，熟，水煮，沥干，加盐,"Onions, cooked, boiled, drained, with salt",1.36,0.19,9.56,,,,,Vegetables and Vegetable Products,
sr_legacy_170101,sr_legacy,170101,洋葱，冷冻，熟，水煮，沥干，加盐，切碎,"Onions, frozen, chopped, cooked, boiled, drained, with salt",0.77,0.1,6.0,,,,,Vegetables and Vegetable Products,
sr_legacy_170102,sr_legacy,170102,青豌豆，煮熟，沥干，加盐,"Peas, green, cooked, boiled, drained, with salt",5.36,0.22,15.63,,,,,Vegetables and Vegetable Products,
sr_legacy_170103,sr_legacy,170103,青豌豆，罐装，含固体和液体，不加盐,"Peas, green, canned, no salt added, solids and liquids",3.19,0.3,9.75,,,,,Vegetables and Vegetable Products,
sr_legacy_170104,sr_legacy,170104,青豌豆，罐装，沥干固体，不加盐,"Peas, green, canned, no salt added, drained solids",4.42,0.35,12.58,,,,,Vegetables and Vegetable Products,
sr_legacy_170105,sr_legacy,170105,青豌豆，冷冻，煮熟，沥干，加盐,"Peas, green, frozen, cooked, boiled, drained, with salt",5.15,0.27,14.26,,,,,Vegetables and Vegetable Products,
sr_legacy_170106,sr_legacy,170106,红辣椒，生,"Peppers, hot chili, red, raw",1.87,0.44,8.81,,,,,Vegetables and Vegetable Products,
sr_legacy_170107,sr_legacy,170107,红辣椒，罐装，含固体和液体，去籽,"Peppers, hot chili, red, canned, excluding seeds, solids and liquids",0.9,0.1,5.1,,,,,Vegetables and Vegetable Products,
sr_legacy_170108,sr_legacy,170108,红甜椒，生,"Peppers, sweet, red, raw",0.99,0.3,6.03,,,,,Vegetables and Vegetable Products,
sr_legacy_170109,sr_legacy,170109,青甜椒，煮熟，沥干，加盐,"Peppers, sweet, green, cooked, boiled, drained, with salt",0.92,0.2,6.11,,,,,Vegetables and Vegetable Products,
sr_legacy_170110,sr_legacy,170110,红甜椒，煮熟，沥干，不加盐,"Peppers, sweet, red, cooked, boiled, drained, without salt",0.92,0.2,6.7,,,,,Vegetables and Vegetable Products,
sr_legacy_170111,sr_legacy,170111,烤土豆，带皮和肉，加盐,"Potatoes, baked, flesh and skin, with salt",2.5,0.13,21.15,,,,,Vegetables and Vegetable Products,
sr_legacy_170112,sr_legacy,170112,烤土豆，仅肉，加盐,"Potatoes, baked, flesh, with salt",1.96,0.1,21.55,,,,,Vegetables and Vegetable Products,
sr_legacy_170113,sr_legacy,170113,烤土豆，仅皮，加盐,"Potatoes, baked, skin only, with salt",4.29,0.1,46.06,,,,,Vegetables and Vegetable Products,
sr_legacy_170114,sr_legacy,170114,煮土豆，带皮煮后取肉，加盐,"Potatoes, boiled, cooked in skin, flesh, with salt",1.87,0.1,20.13,,,,,Vegetables and Vegetable Products,
sr_legacy_170115,sr_legacy,170115,微波土豆，仅皮，加盐,"Potatoes, microwaved, cooked, in skin, skin with salt",4.39,0.1,29.63,,,,,Vegetables and Vegetable Products,
sr_legacy_170116,sr_legacy,170116,整颗土豆，冷冻，煮熟，沥干，加盐,"Potatoes, frozen, whole, cooked, boiled, drained, with salt",1.98,0.13,13.93,,,,,Vegetables and Vegetable Products,
sr_legacy_170117,sr_legacy,170117,厚片炸薯条（cottage-cut），冷冻，烤箱加热，预炸，已制备，加盐,"Potatoes, frozen, french fried, par fried, cottage-cut, prepared, heated in oven, with salt",3.44,8.2,34.03,,,,,Vegetables and Vegetable Products,保留 cottage-cut 便于核对切法
sr_legacy_170118,sr_legacy,170118,炸薯条，加工时未加盐，冷冻，烤箱加热,"Potatoes, french fried, all types, salt not added in processing, frozen, oven-heated",2.66,5.22,28.71,,,,,Vegetables and Vegetable Products,
sr_legacy_170119,sr_legacy,170119,南瓜花，煮熟，沥干，加盐,"Pumpkin, flowers, cooked, boiled, drained, with salt",1.09,0.08,3.18,,,,,Vegetables and Vegetable Products,
sr_legacy_170120,sr_legacy,170120,南瓜叶，煮熟，沥干，加盐,"Pumpkin leaves, cooked, boiled, drained, with salt",2.72,0.22,3.39,,,,,Vegetables and Vegetable Products,
sr_legacy_170121,sr_legacy,170121,马齿苋，煮熟，沥干，加盐,"Purslane, cooked, boiled, drained, with salt",1.49,0.19,3.55,,,,,Vegetables and Vegetable Products,
sr_legacy_170122,sr_legacy,170122,白萝卜/东方萝卜，煮熟，沥干，加盐,"Radishes, oriental, cooked, boiled, drained, with salt",0.67,0.24,3.43,,,,,Vegetables and Vegetable Products,
sr_legacy_170123,sr_legacy,170123,菠菜，罐装，含固体和液体，不加盐,"Spinach, canned, no salt added, solids and liquids",2.11,0.37,2.92,,,,,Vegetables and Vegetable Products,
sr_legacy_170124,sr_legacy,170124,菠菜，切碎或整叶，冷冻，煮熟，沥干，加盐,"Spinach, frozen, chopped or leaf, cooked, boiled, drained, with salt",4.01,0.87,4.8,,,,,Vegetables and Vegetable Products,
sr_legacy_170125,sr_legacy,170125,夏南瓜，所有品种，煮熟，沥干，加盐,"Squash, summer, all varieties, cooked, boiled, drained, with salt",0.91,0.31,4.31,,,,,Vegetables and Vegetable Products,
sr_legacy_170126,sr_legacy,170126,夏南瓜，弯颈和直颈品种，煮熟，沥干，加盐,"Squash, summer, crookneck and straightneck, cooked, boiled, drained, with salt",1.04,0.39,3.79,,,,,Vegetables and Vegetable Products,
sr_legacy_170127,sr_legacy,170127,冬南瓜，所有品种，烤熟，加盐,"Squash, winter, all varieties, cooked, baked, with salt",0.89,0.35,8.85,,,,,Vegetables and Vegetable Products,
sr_legacy_170128,sr_legacy,170128,橡果南瓜，烤熟，加盐,"Squash, winter, acorn, cooked, baked, with salt",1.12,0.14,14.58,,,,,Vegetables and Vegetable Products,
sr_legacy_170129,sr_legacy,170129,橡果南瓜，煮熟，捣泥，加盐,"Squash, winter, acorn, cooked, boiled, mashed, with salt",0.67,0.08,8.79,,,,,Vegetables and Vegetable Products,
sr_legacy_170130,sr_legacy,170130,奶油南瓜，烤熟，加盐,"Squash, winter, butternut, cooked, baked, with salt",0.9,0.09,10.49,,,,,Vegetables and Vegetable Products,
sr_legacy_170131,sr_legacy,170131,玉米利马豆杂烩（succotash），冷冻，煮熟，沥干，加盐,"Succotash, (corn and limas), frozen, cooked, boiled, drained, with salt",4.31,0.89,19.95,,,,,Vegetables and Vegetable Products,Succotash 为玉米和利马豆混合菜，保留英文便于核对
sr_legacy_170132,sr_legacy,170132,空心菜/蕹菜，煮熟，沥干，加盐,"Water convolvulus, cooked, boiled, drained, with salt",2.08,0.24,3.7,,,,,Vegetables and Vegetable Products,
sr_legacy_170133,sr_legacy,170133,红薯叶，蒸熟，加盐,"Sweet potato leaves, cooked, steamed, with salt",2.18,0.34,7.38,,,,,Vegetables and Vegetable Products,
sr_legacy_170134,sr_legacy,170134,红薯，带皮烤熟后取肉，加盐,"Sweet potato, cooked, baked in skin, flesh, with salt",2.01,0.15,20.71,,,,,Vegetables and Vegetable Products,
sr_legacy_170135,sr_legacy,170135,芋苗，熟，加盐,"Taro, shoots, cooked, with salt",0.73,0.08,3.19,,,,,Vegetables and Vegetable Products,
sr_legacy_170136,sr_legacy,170136,大溪地芋，熟，加盐,"Taro, tahitian, cooked, with salt",4.16,0.68,6.85,,,,,Vegetables and Vegetable Products,Tahitian taro 为芋类品种，保留译名便于核对
sr_legacy_170137,sr_legacy,170137,成熟红番茄，熟，加盐,"Tomatoes, red, ripe, cooked, with salt",0.95,0.11,4.01,,,,,Vegetables and Vegetable Products,
sr_legacy_170138,sr_legacy,170138,成熟红番茄，罐装，番茄汁浸泡，不加盐,"Tomatoes, red, ripe, canned, packed in tomato juice, no salt added",0.79,0.25,3.47,,,,,Vegetables and Vegetable Products,
sr_legacy_170139,sr_legacy,170139,芜菁叶，煮熟，沥干，加盐,"Turnip greens, cooked, boiled, drained, with salt",1.14,0.23,4.36,,,,,Vegetables and Vegetable Products,
sr_legacy_170140,sr_legacy,170140,芜菁叶，冷冻，煮熟，沥干，加盐,"Turnip greens, frozen, cooked, boiled, drained, with salt",3.35,0.42,4.98,,,,,Vegetables and Vegetable Products,
sr_legacy_170141,sr_legacy,170141,芜菁叶和芜菁根，冷冻，煮熟，沥干，加盐,"Turnip greens and turnips, frozen, cooked, boiled, drained, with salt",2.99,0.38,4.74,,,,,Vegetables and Vegetable Products,
sr_legacy_170142,sr_legacy,170142,混合蔬菜（玉米、利马豆、豌豆、四季豆、胡萝卜），冷冻，煮熟，沥干，加盐,"Vegetables, mixed, frozen, cooked, boiled, drained, with salt",2.86,0.15,13.09,,,,,Vegetables and Vegetable Products,
sr_legacy_170143,sr_legacy,170143,波特贝勒蘑菇，生，经紫外线照射,"Mushrooms, portabella, exposed to ultraviolet light, raw",2.11,0.35,3.87,,,,,Vegetables and Vegetable Products,保留紫外线照射信息，通常与维生素D含量相关
sr_legacy_170144,sr_legacy,170144,面包果籽，生,"Seeds, breadfruit seeds, raw",7.4,5.59,29.24,,,,,Nut and Seed Products,少见食材
sr_legacy_170145,sr_legacy,170145,面包果籽，水煮,"Seeds, breadfruit seeds, boiled",5.3,2.3,32.0,,,,,Nut and Seed Products,少见食材
sr_legacy_170146,sr_legacy,170146,棉籽粉，低脂（无腺体）,"Seeds, cottonseed flour, low fat (glandless)",49.83,1.41,36.1,,,,,Nut and Seed Products,棉籽类食材较少见
sr_legacy_170147,sr_legacy,170147,棉籽粕，部分脱脂（无腺体）,"Seeds, cottonseed meal, partially defatted (glandless)",49.1,4.77,38.43,,,,,Nut and Seed Products,棉籽类食材较少见
sr_legacy_170148,sr_legacy,170148,去壳火麻仁（hemp seed）,"Seeds, hemp seed, hulled",31.56,48.75,8.67,,,,,Nut and Seed Products,保留英文便于核对
sr_legacy_170149,sr_legacy,170149,莲子，干,"Seeds, lotus seeds, dried",15.41,1.97,64.47,,,,,Nut and Seed Products,
sr_legacy_170150,sr_legacy,170150,整粒芝麻，干,"Seeds, sesame seeds, whole, dried",17.73,49.67,23.45,,,,,Nut and Seed Products,
sr_legacy_170151,sr_legacy,170151,整粒芝麻，烤制,"Seeds, sesame seeds, whole, roasted and toasted",16.96,48.0,25.74,,,,,Nut and Seed Products,
sr_legacy_170152,sr_legacy,170152,芝麻仁，烤制，无盐，去皮,"Seeds, sesame seed kernels, toasted, without salt added (decorticated)",16.96,48.0,26.04,,,,,Nut and Seed Products,
sr_legacy_170153,sr_legacy,170153,芝麻粉，部分脱脂,"Seeds, sesame flour, partially defatted",40.32,11.89,35.14,,,,,Nut and Seed Products,
sr_legacy_170154,sr_legacy,170154,葵花籽仁，烤制，无盐,"Seeds, sunflower seed kernels, toasted, without salt",17.21,56.8,20.59,,,,,Nut and Seed Products,
sr_legacy_170155,sr_legacy,170155,葵花籽酱，无盐,"Seeds, sunflower seed butter, without salt",17.28,55.2,23.32,,,,,Nut and Seed Products,
sr_legacy_170156,sr_legacy,170156,葵花籽粉，部分脱脂,"Seeds, sunflower seed flour, partially defatted",48.06,1.61,35.83,,,,,Nut and Seed Products,
sr_legacy_170157,sr_legacy,170157,橡子，生,"Nuts, acorns, raw",6.15,23.86,40.75,,,,,Nut and Seed Products,较少见食材
sr_legacy_170158,sr_legacy,170158,杏仁，干烤，无盐,"Nuts, almonds, dry roasted, without salt added",20.96,52.54,21.01,,,,,Nut and Seed Products,
sr_legacy_170159,sr_legacy,170159,杏仁，油烤，无盐,"Nuts, almonds, oil roasted, without salt added",21.23,55.17,17.68,,,,,Nut and Seed Products,
sr_legacy_170160,sr_legacy,170160,杏仁膏,"Nuts, almond paste",9.0,27.74,47.81,,,,,Nut and Seed Products,
sr_legacy_170161,sr_legacy,170161,山毛榉果，干,"Nuts, beechnuts, dried",6.2,50.0,33.5,,,,,Nut and Seed Products,少见坚果
sr_legacy_170162,sr_legacy,170162,腰果，生,"Nuts, cashew nuts, raw",18.22,43.85,30.19,,,,,Nut and Seed Products,
sr_legacy_170163,sr_legacy,170163,腰果酱，原味，无盐,"Nuts, cashew butter, plain, without salt added",17.56,49.41,27.57,,,,,Nut and Seed Products,
sr_legacy_170164,sr_legacy,170164,中国栗，生,"Nuts, chestnuts, chinese, raw",4.2,1.11,49.07,,,,,Nut and Seed Products,
sr_legacy_170165,sr_legacy,170165,中国栗，干,"Nuts, chestnuts, chinese, dried",6.82,1.81,79.76,,,,,Nut and Seed Products,
sr_legacy_170166,sr_legacy,170166,中国栗，水煮/蒸熟,"Nuts, chestnuts, chinese, boiled and steamed",2.88,0.76,33.64,,,,,Nut and Seed Products,
sr_legacy_170167,sr_legacy,170167,欧洲栗，干，去皮,"Nuts, chestnuts, european, dried, peeled",5.01,3.91,78.43,,,,,Nut and Seed Products,
sr_legacy_170168,sr_legacy,170168,欧洲栗，水煮/蒸熟,"Nuts, chestnuts, european, boiled and steamed",2.0,1.38,27.76,,,,,Nut and Seed Products,
sr_legacy_170169,sr_legacy,170169,椰肉，生,"Nuts, coconut meat, raw",3.33,33.49,15.23,,,,,Nut and Seed Products,
sr_legacy_170172,sr_legacy,170172,椰奶，生（由椰肉和水挤出的液体）,"Nuts, coconut milk, raw (liquid expressed from grated meat and water)",2.29,23.84,5.54,,,,,Nut and Seed Products,
sr_legacy_170173,sr_legacy,170173,椰奶，罐装（由椰肉和水挤出的液体）,"Nuts, coconut milk, canned (liquid expressed from grated meat and water)",2.02,21.33,2.81,,,,,Nut and Seed Products,
sr_legacy_170174,sr_legacy,170174,椰子水,"Nuts, coconut water (liquid from coconuts)",0.72,0.2,3.71,,,,,Nut and Seed Products,
sr_legacy_170175,sr_legacy,170175,白果（银杏果），干,"Nuts, ginkgo nuts, dried",10.35,2.0,72.45,,,,,Nut and Seed Products,
sr_legacy_170176,sr_legacy,170176,白果（银杏果），罐装,"Nuts, ginkgo nuts, canned",2.29,1.62,22.1,,,,,Nut and Seed Products,
sr_legacy_170177,sr_legacy,170177,山胡桃果，干,"Nuts, hickorynuts, dried",12.72,64.37,18.25,,,,,Nut and Seed Products,Hickorynut 较少见，可与山核桃区分
sr_legacy_170178,sr_legacy,170178,澳洲坚果，生,"Nuts, macadamia nuts, raw",7.91,75.77,13.82,,,,,Nut and Seed Products,
sr_legacy_170179,sr_legacy,170179,澳洲坚果，干烤，无盐,"Nuts, macadamia nuts, dry roasted, without salt added",7.79,76.08,13.38,,,,,Nut and Seed Products,
sr_legacy_170180,sr_legacy,170180,小麦基配方坚果，原味，加盐,"Nuts, formulated, wheat-based, unflavored, with salt added",13.82,57.7,23.68,,,,,Nut and Seed Products,疑似模拟/配方坚果，保留说明
sr_legacy_170181,sr_legacy,170181,CHOSEN ROASTER 混合坚果，干烤，含花生，加盐,"Nuts, mixed nuts, dry roasted, with peanuts, salt added, CHOSEN ROASTER",18.0,53.2,24.62,,,,,Nut and Seed Products,品牌名保留英文
sr_legacy_170182,sr_legacy,170182,碧根果,"Nuts, pecans",9.17,71.97,13.86,,,,,Nut and Seed Products,
sr_legacy_170183,sr_legacy,170183,碧根果，干烤，无盐,"Nuts, pecans, dry roasted, without salt added",9.5,74.27,13.55,,,,,Nut and Seed Products,
sr_legacy_170184,sr_legacy,170184,开心果，生,"Nuts, pistachio nuts, raw",20.16,45.32,27.17,,,,,Nut and Seed Products,
sr_legacy_170185,sr_legacy,170185,开心果，干烤，无盐,"Nuts, pistachio nuts, dry roasted, without salt added",21.05,45.82,28.28,,,,,Nut and Seed Products,
sr_legacy_170186,sr_legacy,170186,黑核桃，干,"Nuts, walnuts, black, dried",24.06,59.33,9.58,,,,,Nut and Seed Products,
sr_legacy_170187,sr_legacy,170187,核桃（英国核桃）,"Nuts, walnuts, english",15.23,65.21,13.71,,,,,Nut and Seed Products,
sr_legacy_170188,sr_legacy,170188,南瓜/西葫芦整粒籽，烤制，无盐,"Seeds, pumpkin and squash seeds, whole, roasted, without salt",18.55,19.4,53.75,,,,,Nut and Seed Products,
sr_legacy_170189,sr_legacy,170189,Tahini 芝麻酱，烘烤芝麻仁制（常见型）,"Seeds, sesame butter, tahini, from roasted and toasted kernels (most common type)",17.0,53.76,21.19,,,,,Nut and Seed Products,Tahini 保留英文便于搜索
sr_legacy_170190,sr_legacy,170190,欧洲栗，烤制,"Nuts, chestnuts, european, roasted",3.17,2.2,52.96,,,,,Nut and Seed Products,
sr_legacy_170191,sr_legacy,170191,芝麻酱,"Seeds, sesame butter, paste",18.08,50.87,24.05,,,,,Nut and Seed Products,
sr_legacy_170192,sr_legacy,170192,芝麻粉，高脂,"Seeds, sesame flour, high-fat",30.78,37.1,26.62,,,,,Nut and Seed Products,
sr_legacy_170193,sr_legacy,170193,牛板油，生,"Beef, variety meats and by-products, suet, raw",1.5,94.0,0.0,,,,,Beef Products,suet 指牛板油/硬脂肪
sr_legacy_170194,sr_legacy,170194,牛胸腺，生,"Beef, variety meats and by-products, thymus, raw",12.18,20.35,0.0,,,,,Beef Products,thymus 指胸腺，英文也常称 sweetbread
sr_legacy_170195,sr_legacy,170195,牛胸腺，熟，炖煮,"Beef, variety meats and by-products, thymus, cooked, braised",21.85,24.98,0.0,,,,,Beef Products,thymus 指胸腺，英文也常称 sweetbread
sr_legacy_170196,sr_legacy,170196,牛舌，生,"Beef, variety meats and by-products, tongue, raw",14.9,16.09,3.68,,,,,Beef Products,
sr_legacy_170197,sr_legacy,170197,腌制早餐牛肉条，生或未加热,"Beef, cured, breakfast strips, raw or unheated",12.5,38.8,0.7,,,,,Beef Products,
sr_legacy_170198,sr_legacy,170198,腌制早餐牛肉条，熟,"Beef, cured, breakfast strips, cooked",31.3,34.4,1.4,,,,,Beef Products,
sr_legacy_170199,sr_legacy,170199,腌制咸牛胸肉（corned beef），生,"Beef, cured, corned beef, brisket, raw",14.68,14.9,0.14,,,,,Beef Products,corned beef 通常指腌制咸牛肉
sr_legacy_170200,sr_legacy,170200,腌制咸牛胸肉（corned beef），熟,"Beef, cured, corned beef, brisket, cooked",18.17,18.98,0.47,,,,,Beef Products,corned beef 通常指腌制咸牛肉
sr_legacy_170201,sr_legacy,170201,牛肩下板腱中心牛排（Denver Cut），无骨，仅瘦肉，去除外部脂肪，Choice级，熟，烤架烤制,"Beef, chuck, under blade center steak, boneless, Denver Cut, separable lean only, trimmed to 0"" fat, choice, cooked, grilled",26.49,13.42,0.28,,,,,Beef Products,保留 Denver Cut 英文切法名，方便搜索和核对
sr_legacy_170203,sr_legacy,170203,牛肩下板腱中心牛排（Denver Cut），无骨，仅瘦肉，去除外部脂肪，Select级，熟，烤架烤制,"Beef, chuck, under blade center steak, boneless, Denver Cut, separable lean only, trimmed to 0"" fat, select, cooked, grilled",26.53,11.46,0,,,,,Beef Products,保留 Denver Cut 英文切法名，方便搜索和核对
sr_legacy_170205,sr_legacy,170205,牛肩下板腱中心牛排（Denver Cut），无骨，仅瘦肉，去除外部脂肪，所有等级，生,"Beef, chuck, under blade center steak, boneless, Denver Cut, separable lean only, trimmed to 0"" fat, all grades, raw",19.42,9.99,0.49,,,,,Beef Products,保留 Denver Cut 英文切法名，方便搜索和核对
sr_legacy_170206,sr_legacy,170206,修整零售牛肉切块综合，可分离瘦肉和脂肪，去除外部脂肪，Choice级，熟,"Beef, composite of trimmed retail cuts, separable lean and fat, trimmed to 0"" fat, choice, cooked",28.17,12.53,0,,,,,Beef Products,
sr_legacy_170207,sr_legacy,170207,修整零售牛肉切块综合，可分离瘦肉和脂肪，去除外部脂肪，Select级，熟,"Beef, composite of trimmed retail cuts, separable lean and fat, trimmed to 0"" fat, select, cooked",28.61,9.18,0,,,,,Beef Products,
sr_legacy_170208,sr_legacy,170208,修整零售牛肉切块综合，仅瘦肉，去除外部脂肪，所有等级，熟,"Beef, composite of trimmed retail cuts, separable lean only, trimmed to 0"" fat, all grades, cooked",29.9,8.37,0,,,,,Beef Products,
sr_legacy_170209,sr_legacy,170209,修整零售牛肉切块综合，仅瘦肉，去除外部脂肪，Choice级，熟,"Beef, composite of trimmed retail cuts, separable lean only, trimmed to 0"" fat, choice, cooked",29.51,8.87,0,,,,,Beef Products,
sr_legacy_170210,sr_legacy,170210,牛胸肉（brisket）扁平部，仅瘦肉，去除外部脂肪，所有等级，熟，炖煮,"Beef, brisket, flat half, separable lean only, trimmed to 0"" fat, all grades, cooked, braised",33.26,6.99,0,,,,,Beef Products,
sr_legacy_170211,sr_legacy,170211,牛胸肉（brisket）尖端部，可分离瘦肉和脂肪，去除外部脂肪，所有等级，熟，炖煮,"Beef, brisket, point half, separable lean and fat, trimmed to 0"" fat, all grades, cooked, braised",23.53,28.5,0,,,,,Beef Products,
sr_legacy_170212,sr_legacy,170212,牛胸肉（brisket）尖端部，仅瘦肉，去除外部脂肪，所有等级，熟，炖煮,"Beef, brisket, point half, separable lean only, trimmed to 0"" fat, all grades, cooked, braised",28.05,13.8,0,,,,,Beef Products,
sr_legacy_170213,sr_legacy,170213,牛肩臂肉锅烤肉，可分离瘦肉和脂肪，去除外部脂肪，所有等级，熟，炖煮,"Beef, chuck, arm pot roast, separable lean and fat, trimmed to 0"" fat, all grades, cooked, braised",28.94,19.17,0,,,,,Beef Products,
sr_legacy_170214,sr_legacy,170214,牛肩下板腱锅烤肉，无骨，可分离瘦肉和脂肪，去除外部脂肪，Select级，熟，炖煮,"Beef, chuck, under blade pot roast, boneless, separable lean and fat, trimmed to 0"" fat, select, cooked, braised",27.17,19.02,0,,,,,Beef Products,
sr_legacy_170215,sr_legacy,170215,牛肩胛板腱烤肉，仅瘦肉，去除外部脂肪，所有等级，熟，炖煮,"Beef, chuck, blade roast, separable lean only, trimmed to 0"" fat, all grades, cooked, braised",31.06,13.3,0,,,,,Beef Products,
sr_legacy_170216,sr_legacy,170216,牛肩下板腱锅烤肉，无骨，仅瘦肉，去除外部脂肪，Choice级，熟，炖煮,"Beef, chuck, under blade pot roast, boneless, separable lean only, trimmed to 0"" fat, choice, cooked, braised",30.45,11.14,0,,,,,Beef Products,
sr_legacy_170217,sr_legacy,170217,牛肩下板腱锅烤肉，无骨，仅瘦肉，去除外部脂肪，Select级，熟，炖煮,"Beef, chuck, under blade pot roast, boneless, separable lean only, trimmed to 0"" fat, select, cooked, braised",30.68,9.44,0,,,,,Beef Products,
sr_legacy_170218,sr_legacy,170218,牛肋大端（第6–9肋），仅可分离瘦肉，去除外部脂肪，Select 等级，熟，烤制,"Beef, rib, large end (ribs 6-9), separable lean only, trimmed to 0"" fat, select, cooked, roasted",27.53,11.4,0.0,,,,,Beef Products,
sr_legacy_170219,sr_legacy,170219,牛肋小端（第10–12肋），可分离瘦肉和脂肪，去除外部脂肪，各等级，熟，炙烤,"Beef, rib, small end (ribs 10-12), separable lean and fat, trimmed to 0"" fat, all grades, cooked, broiled",27.27,14.74,0.0,,,,,Beef Products,
sr_legacy_170220,sr_legacy,170220,牛肋小端（第10–12肋），可分离瘦肉和脂肪，去除外部脂肪，Choice 等级，熟，炙烤,"Beef, rib, small end (ribs 10-12), separable lean and fat, trimmed to 0"" fat, choice, cooked, broiled",24.73,22.84,0.0,,,,,Beef Products,
sr_legacy_170221,sr_legacy,170221,牛肋小端（第10–12肋），可分离瘦肉和脂肪，去除外部脂肪，Select 等级，熟，炙烤,"Beef, rib, small end (ribs 10-12), separable lean and fat, trimmed to 0"" fat, select, cooked, broiled",24.91,19.79,0.0,,,,,Beef Products,
sr_legacy_170222,sr_legacy,170222,牛后腿下圆肉烤块，可分离瘦肉和脂肪，去除外部脂肪，各等级，熟，烤制,"Beef, round, bottom round, roast, separable lean and fat, trimmed to 0"" fat, all grades, cooked, roasted",27.42,7.72,0.0,,,,,Beef Products,
sr_legacy_170223,sr_legacy,170223,牛后腿下圆肉牛排，可分离瘦肉和脂肪，去除外部脂肪，Choice级，熟，炖煮,"Beef, round, bottom round, steak, separable lean and fat, trimmed to 0"" fat, choice, cooked, braised",32.73,10.0,0.0,,,,,Beef Products,
sr_legacy_170224,sr_legacy,170224,牛后腿下圆肉烤块，可分离瘦肉和脂肪，去除外部脂肪，Choice级，熟，烤制,"Beef, round, bottom round, roast, separable lean and fat, trimmed to 0"" fat, choice, cooked, roasted",26.76,9.37,0.0,,,,,Beef Products,
sr_legacy_170225,sr_legacy,170225,牛后腿下圆肉牛排，可分离瘦肉和脂肪，去除外部脂肪，Select级，熟，炖煮,"Beef, round, bottom round, steak, separable lean and fat, trimmed to 0"" fat, select, cooked, braised",34.39,7.72,0.0,,,,,Beef Products,
sr_legacy_170226,sr_legacy,170226,牛后腿下圆肉牛排，仅可分离瘦肉，去除外部脂肪，Select级，熟，炖煮,"Beef, round, bottom round, steak, separable lean only, trimmed to 0"" fat, select, cooked, braised",34.93,6.3,0.0,,,,,Beef Products,
sr_legacy_170227,sr_legacy,170227,牛后腿下圆肉烤块，仅可分离瘦肉，去除外部脂肪，Select级，熟，烤制,"Beef, round, bottom round roast, separable lean only, trimmed to 0"" fat, select, cooked, roasted",28.29,5.33,0.0,,,,,Beef Products,
sr_legacy_170228,sr_legacy,170228,牛后腿眼肉烤块，无骨，可分离瘦肉和脂肪，去除外部脂肪，各等级，熟，烤制,"Beef, round, eye of round roast, boneless, separable lean and fat, trimmed to 0"" fat, all grades, cooked, roasted",29.66,4.46,0.0,,,,,Beef Products,
sr_legacy_170229,sr_legacy,170229,牛后腿眼肉烤块，无骨，可分离瘦肉和脂肪，去除外部脂肪，Choice级，熟，烤制,"Beef, round, eye of round roast, boneless, separable lean and fat, trimmed to 0"" fat, choice, cooked, roasted",29.79,4.83,0.0,,,,,Beef Products,
sr_legacy_170230,sr_legacy,170230,牛后腿尖圆肉烤块，可分离瘦肉和脂肪，去除外部脂肪，各等级，熟，烤制,"Beef, round, tip round, roast, separable lean and fat, trimmed to 0"" fat, all grades, cooked, roasted",26.79,8.21,0.0,,,,,Beef Products,
sr_legacy_170231,sr_legacy,170231,牛后腿尖圆肉烤块，可分离瘦肉和脂肪，去除外部脂肪，Choice级，熟，烤制,"Beef, round, tip round, roast, separable lean and fat, trimmed to 0"" fat, choice, cooked, roasted",27.01,8.9,0.0,,,,,Beef Products,
sr_legacy_170232,sr_legacy,170232,牛后腿尖圆肉烤块，可分离瘦肉和脂肪，去除外部脂肪，Select级，熟，烤制,"Beef, round, tip round, roast, separable lean and fat, trimmed to 0"" fat, select, cooked, roasted",26.57,7.53,0.0,,,,,Beef Products,
sr_legacy_170233,sr_legacy,170233,牛后腿尖圆肉烤块，仅可分离瘦肉，去除外部脂肪，各等级，熟，烤制,"Beef, round, tip round, roast, separable lean only, trimmed to 0"" fat, all grades, cooked, roasted",27.53,6.2,0.0,,,,,Beef Products,
sr_legacy_170234,sr_legacy,170234,牛后腿上圆肉，可分离瘦肉和脂肪，去除外部脂肪，Select级，熟，炖煮,"Beef, round, top round, separable lean and fat, trimmed to 0"" fat, select, cooked, braised",35.62,5.33,0.0,,,,,Beef Products,
sr_legacy_170235,sr_legacy,170235,牛后腿上圆肉，仅可分离瘦肉，去除外部脂肪，Choice级，熟，炖煮,"Beef, round, top round, separable lean only, trimmed to 0"" fat, choice, cooked, braised",36.12,5.8,0.0,,,,,Beef Products,
sr_legacy_170236,sr_legacy,170236,牛后腿上圆肉，仅可分离瘦肉，去除外部脂肪，Select级，熟，炖煮,"Beef, round, top round, separable lean only, trimmed to 0"" fat, select, cooked, braised",36.12,4.0,0.0,,,,,Beef Products,
sr_legacy_170237,sr_legacy,170237,牛里脊（菲力）牛排，去骨，可分离瘦肉和脂肪，去除外部脂肪，各等级，熟，煎烤,"Beef, loin, tenderloin steak, boneless, separable lean and fat, trimmed to 0"" fat, all grades, cooked, grilled",30.5,8.91,0.0,,,,,Beef Products,
sr_legacy_170238,sr_legacy,170238,牛里脊（菲力）牛排，去骨，可分离瘦肉和脂肪，去除外部脂肪，Choice 等级，熟，煎烤,"Beef, loin, tenderloin steak, boneless, separable lean and fat, trimmed to 0"" fat, choice, cooked, grilled",30.21,9.71,0.0,,,,,Beef Products,
sr_legacy_170239,sr_legacy,170239,牛上腰脊（纽约客）牛排，去骨，去边肉，可分离瘦肉和脂肪，去除外部脂肪，各等级，熟，煎烤,"Beef, loin, top loin steak, boneless, lip off, separable lean and fat, trimmed to 0"" fat, all grades, cooked, grilled",28.57,11.15,0.0,,,,,Beef Products,lip-on/lip off 按带边肉/去边肉处理
sr_legacy_170240,sr_legacy,170240,牛上腰脊（纽约客）牛排，去骨，去边肉，可分离瘦肉和脂肪，去除外部脂肪，Choice 等级，熟，煎烤,"Beef, loin, top loin steak, boneless, lip off, separable lean and fat, trimmed to 0"" fat, choice, cooked, grilled",28.19,12.51,0.0,,,,,Beef Products,lip-on/lip off 按带边肉/去边肉处理
sr_legacy_170283,sr_legacy,170283,去壳大麦,"Barley, hulled",12.48,2.3,73.48,,,,,Cereal Grains and Pasta,
sr_legacy_170284,sr_legacy,170284,珍珠大麦，生,"Barley, pearled, raw",9.91,1.16,77.72,,,,,Cereal Grains and Pasta,
sr_legacy_170285,sr_legacy,170285,珍珠大麦，熟,"Barley, pearled, cooked",2.26,0.44,28.22,,,,,Cereal Grains and Pasta,
sr_legacy_170286,sr_legacy,170286,荞麦,Buckwheat,13.25,3.4,71.5,,,,,Cereal Grains and Pasta,
sr_legacy_170287,sr_legacy,170287,碎小麦，熟,"Bulgur, cooked",3.08,0.24,18.58,,,,,Cereal Grains and Pasta,
sr_legacy_170288,sr_legacy,170288,黄玉米粒,"Corn grain, yellow",9.42,4.74,74.26,,,,,Cereal Grains and Pasta,
sr_legacy_170289,sr_legacy,170289,玉米麸，粗制,"Corn bran, crude",8.36,0.92,85.64,,,,,Cereal Grains and Pasta,
sr_legacy_170290,sr_legacy,170290,黄色全谷物玉米粉,"Corn flour, whole-grain, yellow",6.93,3.86,76.85,,,,,Cereal Grains and Pasta,
sr_legacy_170375,sr_legacy,170375,甜菜叶，生,"Beet greens, raw",2.2,0.13,4.33,,,,,Vegetables and Vegetable Products,
sr_legacy_170376,sr_legacy,170376,甜菜叶，熟，水煮，沥干，不加盐,"Beet greens, cooked, boiled, drained, without salt",2.57,0.2,5.46,,,,,Vegetables and Vegetable Products,
sr_legacy_170377,sr_legacy,170377,嫩蚕豆，生,"Broadbeans, immature seeds, raw",5.6,0.6,11.7,,,,,Vegetables and Vegetable Products,
sr_legacy_170378,sr_legacy,170378,嫩蚕豆，熟，水煮，沥干，不加盐,"Broadbeans, immature seeds, cooked, boiled, drained, without salt",4.8,0.5,10.1,,,,,Vegetables and Vegetable Products,
sr_legacy_170379,sr_legacy,170379,西兰花，生,"Broccoli, raw",2.82,0.37,6.64,,,,,Vegetables and Vegetable Products,
sr_legacy_170380,sr_legacy,170380,西兰花，冷冻，熟，水煮，沥干，不加盐，嫩茎,"Broccoli, frozen, spears, cooked, boiled, drained, without salt",3.1,0.11,5.36,,,,,Vegetables and Vegetable Products,
sr_legacy_170381,sr_legacy,170381,西兰花苔（broccoli rabe），生,"Broccoli raab, raw",3.17,0.49,2.85,,,,,Vegetables and Vegetable Products,
sr_legacy_170382,sr_legacy,170382,西兰花苔（broccoli rabe），熟,"Broccoli raab, cooked",3.83,0.52,3.12,,,,,Vegetables and Vegetable Products,
sr_legacy_170383,sr_legacy,170383,抱子甘蓝，生,"Brussels sprouts, raw",3.38,0.3,8.95,,,,,Vegetables and Vegetable Products,
sr_legacy_170384,sr_legacy,170384,牛蒡根，熟，水煮，沥干，不加盐,"Burdock root, cooked, boiled, drained, without salt",2.09,0.14,21.15,,,,,Vegetables and Vegetable Products,少见食材，中文名按常见译名处理，保留英文/别名便于核对
sr_legacy_170385,sr_legacy,170385,蜂斗菜（fuki），生,"Butterbur, (fuki), raw",0.39,0.04,3.61,,,,,Vegetables and Vegetable Products,少见食材，中文名按常见译名处理，保留英文/别名便于核对
sr_legacy_170386,sr_legacy,170386,蜂斗菜（fuki），熟，水煮，沥干，不加盐,"Butterbur, cooked, boiled, drained, without salt",0.23,0.02,2.16,,,,,Vegetables and Vegetable Products,少见食材，中文名按常见译名处理，保留英文/别名便于核对
sr_legacy_170387,sr_legacy,170387,蜂斗菜（fuki），罐装,"Butterbur, canned",0.11,0.13,0.38,,,,,Vegetables and Vegetable Products,少见食材，中文名按常见译名处理，保留英文/别名便于核对
sr_legacy_170388,sr_legacy,170388,皱叶甘蓝，生,"Cabbage, savoy, raw",2.0,0.1,6.1,,,,,Vegetables and Vegetable Products,
sr_legacy_170389,sr_legacy,170389,皱叶甘蓝，熟，水煮，沥干，不加盐,"Cabbage, savoy, cooked, boiled, drained, without salt",1.8,0.09,5.41,,,,,Vegetables and Vegetable Products,
sr_legacy_170390,sr_legacy,170390,小白菜（pak choi），生,"Cabbage, chinese (pak-choi), raw",1.5,0.2,2.18,,,,,Vegetables and Vegetable Products,
sr_legacy_170391,sr_legacy,170391,小白菜（pak choi），熟，水煮，沥干，不加盐,"Cabbage, chinese (pak-choi), cooked, boiled, drained, without salt",1.56,0.16,1.78,,,,,Vegetables and Vegetable Products,
sr_legacy_170392,sr_legacy,170392,泡菜,"Cabbage, kimchi",1.1,0.5,2.4,,,,,Vegetables and Vegetable Products,
sr_legacy_170393,sr_legacy,170393,胡萝卜，生,"Carrots, raw",0.93,0.24,9.58,,,,,Vegetables and Vegetable Products,
sr_legacy_170394,sr_legacy,170394,胡萝卜，熟，水煮，沥干，不加盐,"Carrots, cooked, boiled, drained, without salt",0.76,0.18,8.22,,,,,Vegetables and Vegetable Products,
sr_legacy_170395,sr_legacy,170395,胡萝卜，罐装，含固形物和液体，普通包装,"Carrots, canned, regular pack, solids and liquids",0.58,0.14,5.37,,,,,Vegetables and Vegetable Products,
sr_legacy_170396,sr_legacy,170396,胡萝卜，罐装，沥干固形物，普通包装,"Carrots, canned, regular pack, drained solids",0.64,0.19,5.54,,,,,Vegetables and Vegetable Products,
sr_legacy_170397,sr_legacy,170397,花椰菜，熟，水煮，沥干，不加盐,"Cauliflower, cooked, boiled, drained, without salt",1.84,0.45,4.11,,,,,Vegetables and Vegetable Products,
sr_legacy_170398,sr_legacy,170398,花椰菜，冷冻，未烹调,"Cauliflower, frozen, unprepared",2.01,0.27,4.68,,,,,Vegetables and Vegetable Products,
sr_legacy_170399,sr_legacy,170399,花椰菜，冷冻，熟，水煮，沥干，不加盐,"Cauliflower, frozen, cooked, boiled, drained, without salt",1.61,0.22,3.75,,,,,Vegetables and Vegetable Products,
sr_legacy_170400,sr_legacy,170400,根芹菜，生,"Celeriac, raw",1.5,0.3,9.2,,,,,Vegetables and Vegetable Products,
sr_legacy_170401,sr_legacy,170401,瑞士甜菜，熟，水煮，沥干，不加盐,"Chard, swiss, cooked, boiled, drained, without salt",1.88,0.08,4.13,,,,,Vegetables and Vegetable Products,
sr_legacy_170402,sr_legacy,170402,佛手瓜，生,"Chayote, fruit, raw",0.82,0.13,4.51,,,,,Vegetables and Vegetable Products,
sr_legacy_170403,sr_legacy,170403,佛手瓜，熟，水煮，沥干，不加盐,"Chayote, fruit, cooked, boiled, drained, without salt",0.62,0.48,5.09,,,,,Vegetables and Vegetable Products,
sr_legacy_170404,sr_legacy,170404,比利时菊苣，生,"Chicory, witloof, raw",0.9,0.1,4.0,,,,,Vegetables and Vegetable Products,
sr_legacy_170405,sr_legacy,170405,茼蒿，熟，水煮，沥干，不加盐,"Chrysanthemum, garland, cooked, boiled, drained, without salt",1.64,0.09,4.31,,,,,Vegetables and Vegetable Products,
sr_legacy_170406,sr_legacy,170406,宽叶甘蓝菜，生,"Collards, raw",3.02,0.61,5.42,,,,,Vegetables and Vegetable Products,
sr_legacy_170407,sr_legacy,170407,宽叶甘蓝菜，熟，水煮，沥干，不加盐,"Collards, cooked, boiled, drained, without salt",2.71,0.72,5.65,,,,,Vegetables and Vegetable Products,
sr_legacy_170408,sr_legacy,170408,宽叶甘蓝菜，冷冻，切碎，未烹调,"Collards, frozen, chopped, unprepared",2.69,0.37,6.46,,,,,Vegetables and Vegetable Products,
sr_legacy_170409,sr_legacy,170409,黄甜玉米，罐装，含固形物和液体，普通包装，盐水包装,"Corn, sweet, yellow, canned, brine pack, regular pack, solids and liquids",1.95,0.77,13.86,,,,,Vegetables and Vegetable Products,
sr_legacy_170410,sr_legacy,170410,洋葱，冷冻，切碎，未烹调,"Onions, frozen, chopped, unprepared",0.79,0.1,6.82,,,,,Vegetables and Vegetable Products,
sr_legacy_170411,sr_legacy,170411,洋葱，冷冻，熟，水煮，沥干，不加盐，切碎,"Onions, frozen, chopped, cooked, boiled, drained, without salt",0.77,0.1,6.59,,,,,Vegetables and Vegetable Products,
sr_legacy_170412,sr_legacy,170412,洋葱，冷冻，整颗，未烹调,"Onions, frozen, whole, unprepared",0.89,0.06,8.45,,,,,Vegetables and Vegetable Products,
sr_legacy_170413,sr_legacy,170413,洋葱，冷冻，熟，水煮，沥干，不加盐，整颗,"Onions, frozen, whole, cooked, boiled, drained, without salt",0.71,0.05,6.7,,,,,Vegetables and Vegetable Products,
sr_legacy_170414,sr_legacy,170414,洋葱圈，裹粉，预炸，冷冻，未烹调,"Onion rings, breaded, par fried, frozen, unprepared",3.15,14.1,30.53,,,,,Vegetables and Vegetable Products,
sr_legacy_170415,sr_legacy,170415,洋葱圈，裹粉，预炸，冷冻，已制备，烤箱加热,"Onion rings, breaded, par fried, frozen, prepared, heated in oven",4.14,14.3,33.79,,,,,Vegetables and Vegetable Products,
sr_legacy_170416,sr_legacy,170416,欧芹，新鲜,"Parsley, fresh",2.97,0.79,6.33,,,,,Vegetables and Vegetable Products,
sr_legacy_170417,sr_legacy,170417,欧防风，生,"Parsnips, raw",1.2,0.3,17.99,,,,,Vegetables and Vegetable Products,
sr_legacy_170418,sr_legacy,170418,可食荚豌豆（荷兰豆/甜豆荚），冷冻，煮熟，沥干，不加盐,"Peas, edible-podded, frozen, cooked, boiled, drained, without salt",3.5,0.38,9.02,,,,,Vegetables and Vegetable Products,
sr_legacy_170419,sr_legacy,170419,青豌豆，生,"Peas, green, raw",5.42,0.4,14.45,,,,,Vegetables and Vegetable Products,
sr_legacy_170420,sr_legacy,170420,青豌豆，煮熟，沥干，不加盐,"Peas, green, cooked, boiled, drained, without salt",5.36,0.22,15.63,,,,,Vegetables and Vegetable Products,
sr_legacy_170421,sr_legacy,170421,青豌豆，罐装，常规罐装，含固体和液体,"Peas, green, canned, regular pack, solids and liquids",3.01,0.48,10.6,,,,,Vegetables and Vegetable Products,
sr_legacy_170422,sr_legacy,170422,豌豆芽，生,"Peas, mature seeds, sprouted, raw",8.8,0.68,27.11,,,,,Vegetables and Vegetable Products,
sr_legacy_170423,sr_legacy,170423,豌豆芽，煮熟，沥干，不加盐,"Peas, mature seeds, sprouted, cooked, boiled, drained, without salt",7.05,0.51,17.08,,,,,Vegetables and Vegetable Products,
sr_legacy_170424,sr_legacy,170424,豌豆胡萝卜，罐装，常规罐装，含固体和液体,"Peas and carrots, canned, regular pack, solids and liquids",2.17,0.27,8.48,,,,,Vegetables and Vegetable Products,
sr_legacy_170425,sr_legacy,170425,豌豆胡萝卜，冷冻，未烹调,"Peas and carrots, frozen, unprepared",3.4,0.47,11.15,,,,,Vegetables and Vegetable Products,
sr_legacy_170426,sr_legacy,170426,青辣椒，整荚，罐装，含固体和液体，去籽,"Peppers, hot chili, green, canned, pods, excluding seeds, solids and liquids",0.9,0.1,5.1,,,,,Vegetables and Vegetable Products,
sr_legacy_170427,sr_legacy,170427,青甜椒，生,"Peppers, sweet, green, raw",0.86,0.17,4.64,,,,,Vegetables and Vegetable Products,
sr_legacy_170428,sr_legacy,170428,青甜椒，煮熟，沥干，不加盐,"Peppers, sweet, green, cooked, boiled, drained, without salt",0.92,0.2,6.7,,,,,Vegetables and Vegetable Products,
sr_legacy_170429,sr_legacy,170429,青甜椒，罐装，含固体和液体,"Peppers, sweet, green, canned, solids and liquids",0.8,0.3,3.9,,,,,Vegetables and Vegetable Products,
sr_legacy_170430,sr_legacy,170430,木豆，未成熟籽粒，煮熟，沥干，不加盐,"Pigeonpeas, immature seeds, cooked, boiled, drained, without salt",5.96,1.36,19.49,,,,,Vegetables and Vegetable Products,
sr_legacy_170431,sr_legacy,170431,Poi（夏威夷芋泥）,Poi,0.38,0.14,27.23,,,,,Vegetables and Vegetable Products,夏威夷传统芋头制品，保留英文便于核对
sr_legacy_170432,sr_legacy,170432,商陆嫩芽（poke），生,"Pokeberry shoots, (poke), raw",2.6,0.4,3.7,,,,,Vegetables and Vegetable Products,poke 为美国南部常见野菜名称，保留英文便于核对
sr_legacy_170433,sr_legacy,170433,商陆嫩芽（poke），煮熟，沥干，不加盐,"Pokeberry shoots, (poke), cooked, boiled, drained, without salt",2.3,0.4,3.1,,,,,Vegetables and Vegetable Products,poke 为美国南部常见野菜名称，保留英文便于核对
sr_legacy_170434,sr_legacy,170434,白土豆，带皮和肉，烤熟,"Potatoes, white, flesh and skin, baked",2.1,0.15,21.08,,,,,Vegetables and Vegetable Products,
sr_legacy_170435,sr_legacy,170435,红皮土豆，带皮和肉，烤熟,"Potatoes, red, flesh and skin, baked",2.3,0.15,19.59,,,,,Vegetables and Vegetable Products,
sr_legacy_170436,sr_legacy,170436,波浪切或普通切炸薯条，加工时加盐，冷冻，购买状态,"Potatoes, french fried, crinkle or regular cut, salt added in processing, frozen, as purchased",2.34,4.99,23.96,,,,,Vegetables and Vegetable Products,
sr_legacy_170437,sr_legacy,170437,波浪切或普通切炸薯条，加工时加盐，冷冻，烤箱加热,"Potatoes, french fried, crinkle or regular cut, salt added in processing, frozen, oven-heated",2.51,5.13,27.5,,,,,Vegetables and Vegetable Products,
sr_legacy_170438,sr_legacy,170438,煮土豆，带皮煮后取肉，不加盐,"Potatoes, boiled, cooked in skin, flesh, without salt",1.87,0.1,20.13,,,,,Vegetables and Vegetable Products,
sr_legacy_170439,sr_legacy,170439,煮土豆，带皮煮后仅皮，不加盐,"Potatoes, boiled, cooked in skin, skin, without salt",2.86,0.1,17.21,,,,,Vegetables and Vegetable Products,
sr_legacy_170440,sr_legacy,170440,煮土豆，去皮煮，取肉，不加盐,"Potatoes, boiled, cooked without skin, flesh, without salt",1.71,0.1,20.01,,,,,Vegetables and Vegetable Products,
sr_legacy_170441,sr_legacy,170441,微波土豆，仅皮，不加盐,"Potatoes, microwaved, cooked in skin, flesh, without salt",2.1,0.1,23.28,,,,,Vegetables and Vegetable Products,
sr_legacy_170442,sr_legacy,170442,奶焗土豆，家庭自制，使用黄油,"Potatoes, au gratin, home-prepared from recipe using butter",5.06,7.59,11.26,,,,,Vegetables and Vegetable Products,
sr_legacy_170443,sr_legacy,170443,土豆，罐装，含固体和液体,"Potatoes, canned, solids and liquids",1.2,0.11,9.89,,,,,Vegetables and Vegetable Products,
sr_legacy_170444,sr_legacy,170444,土豆，罐装，沥干固体,"Potatoes, canned, drained solids",1.41,0.21,13.61,,,,,Vegetables and Vegetable Products,
sr_legacy_170445,sr_legacy,170445,脱水土豆泥片，不含奶，干品,"Potatoes, mashed, dehydrated, flakes without milk, dry form",8.34,0.41,81.17,,,,,Vegetables and Vegetable Products,
sr_legacy_170446,sr_legacy,170446,脱水土豆泥片制成，添加全脂牛奶和黄油,"Potatoes, mashed, dehydrated, prepared from flakes without milk, whole milk and butter added",1.77,5.13,10.87,,,,,Vegetables and Vegetable Products,
sr_legacy_170447,sr_legacy,170447,奶焗土豆，干混合料，未制备,"Potatoes, au gratin, dry mix, unprepared",8.9,3.7,74.31,,,,,Vegetables and Vegetable Products,
sr_legacy_170448,sr_legacy,170448,奶焗土豆，干混合料，加水、全脂牛奶和黄油制备,"Potatoes, au gratin, dry mix, prepared with water, whole milk and butter",2.3,4.12,12.84,,,,,Vegetables and Vegetable Products,
sr_legacy_170449,sr_legacy,170449,奶油焗土豆，干混合料，未制备,"Potatoes, scalloped, dry mix, unprepared",7.77,4.59,73.93,,,,,Vegetables and Vegetable Products,
sr_legacy_170450,sr_legacy,170450,奶油焗土豆，干混合料，加水、全脂牛奶和黄油制备,"Potatoes, scalloped, dry mix, prepared with water, whole milk and butter",2.12,4.3,12.77,,,,,Vegetables and Vegetable Products,
sr_legacy_170451,sr_legacy,170451,细切炸薯条（shoestring），加工时加盐，冷冻，购买状态,"Potatoes, french fried, shoestring, salt added in processing, frozen, as purchased",2.16,6.24,25.59,,,,,Vegetables and Vegetable Products,保留 shoestring 便于核对切法
sr_legacy_170452,sr_legacy,170452,细切炸薯条（shoestring），加工时加盐，冷冻，烤箱加热,"Potatoes, french fried, shoestring, salt added in processing, frozen, oven-heated",2.9,6.76,31.66,,,,,Vegetables and Vegetable Products,保留 shoestring 便于核对切法
sr_legacy_170453,sr_legacy,170453,O'Brien 土豆丁，冷冻，未烹调,"Potatoes, o'brien, frozen, unprepared",1.83,0.14,17.47,,,,,Vegetables and Vegetable Products,O'Brien 为含洋葱/甜椒的土豆做法，保留英文便于核对
sr_legacy_170454,sr_legacy,170454,O'Brien 土豆丁，冷冻,"Potatoes, o'brien, frozen, prepared",2.22,13.21,21.86,,,,,Vegetables and Vegetable Products,O'Brien 为含洋葱/甜椒的土豆做法，保留英文便于核对
sr_legacy_170455,sr_legacy,170455,大溪地芋，熟，不加盐,"Taro, tahitian, cooked, without salt",4.16,0.68,6.85,,,,,Vegetables and Vegetable Products,Tahitian taro 为芋类品种，保留译名便于核对
sr_legacy_170456,sr_legacy,170456,青番茄，生,"Tomatoes, green, raw",1.2,0.2,5.1,,,,,Vegetables and Vegetable Products,
sr_legacy_170457,sr_legacy,170457,成熟红番茄，生，全年平均,"Tomatoes, red, ripe, raw, year round average",0.88,0.2,3.89,,,,,Vegetables and Vegetable Products,
sr_legacy_170458,sr_legacy,170458,番茄汁，罐装，加盐,"Tomato juice, canned, with salt added",0.85,0.29,3.53,,,,,Vegetables and Vegetable Products,
sr_legacy_170459,sr_legacy,170459,番茄膏，罐装，不加盐,"Tomato products, canned, paste, without salt added (Includes foods for USDA's Food Distribution Program)",4.32,0.47,18.91,,,,,Vegetables and Vegetable Products,
sr_legacy_170460,sr_legacy,170460,番茄泥，罐装，不加盐,"Tomato products, canned, puree, without salt added",1.65,0.21,8.98,,,,,Vegetables and Vegetable Products,
sr_legacy_170461,sr_legacy,170461,番茄粉,Tomato powder,12.91,0.44,74.68,,,,,Vegetables and Vegetable Products,
sr_legacy_170462,sr_legacy,170462,番茄酱，加洋葱、青椒和芹菜，罐装,"Tomato products, canned, sauce, with onions, green peppers, and celery",0.94,0.74,8.77,,,,,Vegetables and Vegetable Products,
sr_legacy_170463,sr_legacy,170463,番茄酱，加番茄碎，罐装,"Tomato products, canned, sauce, with tomato tidbits",1.32,0.39,7.09,,,,,Vegetables and Vegetable Products,
sr_legacy_170464,sr_legacy,170464,树蕨菜，不加盐,"Tree fern, cooked, without salt",0.29,0.07,10.98,,,,,Vegetables and Vegetable Products,Tree fern 为蕨类蔬菜，中文名称可能因地区不同而异
sr_legacy_170465,sr_legacy,170465,芜菁，生,"Turnips, raw",0.9,0.1,6.43,,,,,Vegetables and Vegetable Products,
sr_legacy_170466,sr_legacy,170466,芜菁叶，煮熟，沥干，不加盐,"Turnip greens, cooked, boiled, drained, without salt",1.14,0.23,4.36,,,,,Vegetables and Vegetable Products,
sr_legacy_170467,sr_legacy,170467,芜菁叶，罐装，含固体和液体,"Turnip greens, canned, solids and liquids",1.36,0.3,2.42,,,,,Vegetables and Vegetable Products,
sr_legacy_170468,sr_legacy,170468,芜菁叶，冷冻，未烹调,"Turnip greens, frozen, unprepared",2.47,0.31,3.67,,,,,Vegetables and Vegetable Products,
sr_legacy_170469,sr_legacy,170469,芜菁叶，冷冻，煮熟，沥干，不加盐,"Turnip greens, frozen, cooked, boiled, drained, without salt",3.35,0.42,4.98,,,,,Vegetables and Vegetable Products,
sr_legacy_170470,sr_legacy,170470,芜菁叶和芜菁根，冷冻，未烹调,"Turnip greens and turnips, frozen, unprepared",2.46,0.19,3.39,,,,,Vegetables and Vegetable Products,
sr_legacy_170471,sr_legacy,170471,混合蔬菜（玉米、利马豆、豌豆、四季豆、胡萝卜），冷冻，未烹调,"Vegetables, mixed, frozen, unprepared",3.33,0.52,13.47,,,,,Vegetables and Vegetable Products,
sr_legacy_170472,sr_legacy,170472,混合蔬菜（玉米、利马豆、豌豆、四季豆、胡萝卜），冷冻，煮熟，沥干，不加盐,"Vegetables, mixed, frozen, cooked, boiled, drained, without salt",2.86,0.15,13.09,,,,,Vegetables and Vegetable Products,
sr_legacy_170473,sr_legacy,170473,混合蔬菜汁，低钠，罐装,"Vegetable juice cocktail, low sodium, canned",0.91,0.32,3.83,,,,,Vegetables and Vegetable Products,
sr_legacy_170474,sr_legacy,170474,木耳菜（Basella），生,"Vinespinach, (basella), raw",1.8,0.3,3.4,,,,,Vegetables and Vegetable Products,Basella 为木耳菜属名，保留英文便于核对
sr_legacy_170475,sr_legacy,170475,冬瓜，煮熟，沥干，不加盐,"Waxgourd, (chinese preserving melon), cooked, boiled, drained, without salt",0.4,0.2,3.04,,,,,Vegetables and Vegetable Products,
sr_legacy_170476,sr_legacy,170476,四棱豆，未成熟籽粒，生,"Winged beans, immature seeds, raw",6.95,0.87,4.31,,,,,Vegetables and Vegetable Products,
sr_legacy_170477,sr_legacy,170477,四棱豆，未成熟籽粒，煮熟，沥干，不加盐,"Winged beans, immature seeds, cooked, boiled, drained, without salt",5.31,0.66,3.21,,,,,Vegetables and Vegetable Products,
sr_legacy_170478,sr_legacy,170478,四棱豆叶，生,"Winged bean leaves, raw",5.85,1.1,14.1,,,,,Vegetables and Vegetable Products,
sr_legacy_170479,sr_legacy,170479,哈佛甜菜（酸甜甜菜），罐装，含固形物和液体,"Beets, harvard, canned, solids and liquids",0.84,0.06,18.18,,,,,Vegetables and Vegetable Products,
sr_legacy_170480,sr_legacy,170480,腌甜菜根，罐装，含固形物和液体,"Beets, pickled, canned, solids and liquids",0.8,0.08,16.28,,,,,Vegetables and Vegetable Products,
sr_legacy_170481,sr_legacy,170481,琉璃苣，生,"Borage, raw",1.8,0.7,3.06,,,,,Vegetables and Vegetable Products,少见食材，中文名按常见译名处理，保留英文/别名便于核对
sr_legacy_170482,sr_legacy,170482,琉璃苣，熟，水煮，沥干，不加盐,"Borage, cooked, boiled, drained, without salt",2.09,0.81,3.55,,,,,Vegetables and Vegetable Products,少见食材，中文名按常见译名处理，保留英文/别名便于核对
sr_legacy_170483,sr_legacy,170483,辣木荚，生,"Drumstick pods, raw",2.1,0.2,8.53,,,,,Vegetables and Vegetable Products,
sr_legacy_170484,sr_legacy,170484,辣木荚，熟，水煮，沥干，不加盐,"Drumstick pods, cooked, boiled, drained, without salt",2.09,0.19,8.18,,,,,Vegetables and Vegetable Products,
sr_legacy_170485,sr_legacy,170485,韭葱，冻干,"Leeks, (bulb and lower-leaf portion), freeze-dried",15.2,2.1,74.65,,,,,Vegetables and Vegetable Products,
sr_legacy_170486,sr_legacy,170486,欧芹，冻干,"Parsley, freeze-dried",31.3,5.2,42.38,,,,,Vegetables and Vegetable Products,
sr_legacy_170487,sr_legacy,170487,夏南瓜，所有品种，生,"Squash, summer, all varieties, raw",1.21,0.18,3.35,,,,,Vegetables and Vegetable Products,
sr_legacy_170488,sr_legacy,170488,夏南瓜，所有品种，煮熟，沥干，不加盐,"Squash, summer, all varieties, cooked, boiled, drained, without salt",0.91,0.31,4.31,,,,,Vegetables and Vegetable Products,
sr_legacy_170489,sr_legacy,170489,冬南瓜，所有品种，生,"Squash, winter, all varieties, raw",0.95,0.13,8.59,,,,,Vegetables and Vegetable Products,
sr_legacy_170490,sr_legacy,170490,冬南瓜，所有品种，烤熟，不加盐,"Squash, winter, all varieties, cooked, baked, without salt",0.89,0.35,8.85,,,,,Vegetables and Vegetable Products,
sr_legacy_170491,sr_legacy,170491,胡萝卜汁，罐装,"Carrot juice, canned",0.95,0.15,9.28,,,,,Vegetables and Vegetable Products,
sr_legacy_170493,sr_legacy,170493,土豆泥，家庭自制，添加全脂牛奶,"Potatoes, mashed, home-prepared, whole milk added",1.91,0.57,17.57,,,,,Vegetables and Vegetable Products,
sr_legacy_170494,sr_legacy,170494,菠菜舒芙蕾,Spinach souffle,7.89,12.95,5.9,,,,,Vegetables and Vegetable Products,
sr_legacy_170495,sr_legacy,170495,螺旋藻，干,"Seaweed, spirulina, dried",57.47,7.72,23.9,,,,,Vegetables and Vegetable Products,
sr_legacy_170496,sr_legacy,170496,裙带菜，生,"Seaweed, wakame, raw",3.03,0.64,9.14,,,,,Vegetables and Vegetable Products,
sr_legacy_170497,sr_legacy,170497,青辣椒，生,"Peppers, hot chili, green, raw",2.0,0.2,9.46,,,,,Vegetables and Vegetable Products,
sr_legacy_170498,sr_legacy,170498,O'Brien 土豆丁，家庭自制,"Potatoes, o'brien, home-prepared",2.35,1.28,15.47,,,,,Vegetables and Vegetable Products,O'Brien 为含洋葱/甜椒的土豆做法，保留英文便于核对
sr_legacy_170499,sr_legacy,170499,红葱头/小干葱，生,"Shallots, raw",2.5,0.1,16.8,,,,,Vegetables and Vegetable Products,
sr_legacy_170500,sr_legacy,170500,脱水胡萝卜,"Carrot, dehydrated",8.1,1.49,79.57,,,,,Vegetables and Vegetable Products,
sr_legacy_170501,sr_legacy,170501,碎番茄，罐装,"Tomatoes, crushed, canned",1.64,0.28,7.29,,,,,Vegetables and Vegetable Products,
sr_legacy_170502,sr_legacy,170502,橙色番茄，生,"Tomatoes, orange, raw",1.16,0.19,3.18,,,,,Vegetables and Vegetable Products,
sr_legacy_170503,sr_legacy,170503,芥菜，熟，水煮，沥干，加盐,"Mustard greens, cooked, boiled, drained, with salt",2.56,0.47,4.51,,,,,Vegetables and Vegetable Products,
sr_legacy_170504,sr_legacy,170504,芥菜，冷冻，熟，水煮，沥干，加盐,"Mustard greens, frozen, cooked, boiled, drained, with salt",2.27,0.25,3.11,,,,,Vegetables and Vegetable Products,
sr_legacy_170505,sr_legacy,170505,芥菜菠菜（tendergreen），熟，水煮，沥干，加盐,"Mustard spinach, (tendergreen), cooked, boiled, drained, with salt",1.7,0.2,2.8,,,,,Vegetables and Vegetable Products,
sr_legacy_170506,sr_legacy,170506,新西兰菠菜，熟，水煮，沥干，加盐,"New zealand spinach, cooked, boiled, drained, with salt",1.3,0.17,2.13,,,,,Vegetables and Vegetable Products,
sr_legacy_170507,sr_legacy,170507,洋葱，冷冻，熟，水煮，沥干，加盐，整颗,"Onions, frozen, whole, cooked, boiled, drained, with salt",0.71,0.05,6.11,,,,,Vegetables and Vegetable Products,
sr_legacy_170508,sr_legacy,170508,欧防风，煮熟，沥干，加盐,"Parsnips, cooked, boiled, drained, with salt",1.32,0.3,17.01,,,,,Vegetables and Vegetable Products,
sr_legacy_170509,sr_legacy,170509,可食荚豌豆（荷兰豆/甜豆荚），煮熟，沥干，加盐,"Peas, edible-podded, cooked, boiled, drained, with salt",3.27,0.23,6.46,,,,,Vegetables and Vegetable Products,
sr_legacy_170510,sr_legacy,170510,可食荚豌豆（荷兰豆/甜豆荚），冷冻，煮熟，沥干，加盐,"Peas, edible-podded, frozen, cooked, boiled, drained, with salt",3.5,0.38,8.43,,,,,Vegetables and Vegetable Products,
sr_legacy_170511,sr_legacy,170511,豌豆芽，煮熟，沥干，加盐,"Peas, mature seeds, sprouted, cooked, boiled, drained, with salt",7.05,0.51,17.08,,,,,Vegetables and Vegetable Products,
sr_legacy_170512,sr_legacy,170512,豌豆胡萝卜，罐装，含固体和液体，不加盐,"Peas and carrots, canned, no salt added, solids and liquids",2.17,0.27,8.48,,,,,Vegetables and Vegetable Products,
sr_legacy_170513,sr_legacy,170513,豌豆胡萝卜，冷冻，煮熟，沥干，加盐,"Peas and carrots, frozen, cooked, boiled, drained, with salt",3.09,0.42,10.12,,,,,Vegetables and Vegetable Products,
sr_legacy_170514,sr_legacy,170514,豌豆洋葱，冷冻，煮熟，沥干，加盐,"Peas and onions, frozen, cooked, boiled, drained, with salt",2.54,0.2,8.63,,,,,Vegetables and Vegetable Products,
sr_legacy_170515,sr_legacy,170515,红甜椒，煮熟，沥干，加盐,"Peppers, sweet, red, cooked, boiled, drained, with salt",0.92,0.2,6.11,,,,,Vegetables and Vegetable Products,
sr_legacy_170516,sr_legacy,170516,青甜椒，切碎，冷冻，煮熟，沥干，加盐,"Peppers, sweet, green, frozen, chopped, cooked, boiled, drained, with salt",0.95,0.18,3.31,,,,,Vegetables and Vegetable Products,
sr_legacy_170517,sr_legacy,170517,木豆，未成熟籽粒，煮熟，沥干，加盐,"Pigeonpeas, immature seeds, cooked, boiled, drained, with salt",5.96,1.36,19.49,,,,,Vegetables and Vegetable Products,
sr_legacy_170518,sr_legacy,170518,商陆嫩芽（poke），煮熟，沥干，加盐,"Pokeberry shoots, (poke), cooked, boiled, drained, with salt",2.3,0.4,3.1,,,,,Vegetables and Vegetable Products,poke 为美国南部常见野菜名称，保留英文便于核对
sr_legacy_170519,sr_legacy,170519,煮土豆，带皮煮后仅皮，加盐,"Potatoes, boiled, cooked in skin, skin, with salt",2.86,0.1,17.2,,,,,Vegetables and Vegetable Products,
sr_legacy_170520,sr_legacy,170520,煮土豆，去皮煮，取肉，加盐,"Potatoes, boiled, cooked without skin, flesh, with salt",1.71,0.1,20.01,,,,,Vegetables and Vegetable Products,
sr_legacy_170521,sr_legacy,170521,微波土豆，带皮和肉，加盐,"Potatoes, microwaved, cooked, in skin, flesh and skin, with salt",2.44,0.1,24.24,,,,,Vegetables and Vegetable Products,
sr_legacy_170522,sr_legacy,170522,微波土豆，仅皮，加盐,"Potatoes, microwaved, cooked in skin, flesh, with salt",2.1,0.1,23.28,,,,,Vegetables and Vegetable Products,
sr_legacy_170523,sr_legacy,170523,炸薯条，加工时未加盐，冷冻，购买状态,"Potatoes, french fried, all types, salt not added in processing, frozen, as purchased",2.24,4.66,24.81,,,,,Vegetables and Vegetable Products,
sr_legacy_170526,sr_legacy,170526,南瓜，煮熟，沥干，加盐,"Pumpkin, cooked, boiled, drained, with salt",0.72,0.07,4.31,,,,,Vegetables and Vegetable Products,
sr_legacy_170527,sr_legacy,170527,南瓜，罐装，加盐,"Pumpkin, canned, with salt",1.1,0.28,8.09,,,,,Vegetables and Vegetable Products,
sr_legacy_170528,sr_legacy,170528,芜菁甘蓝，煮熟，沥干，加盐,"Rutabagas, cooked, boiled, drained, with salt",0.93,0.18,6.84,,,,,Vegetables and Vegetable Products,
sr_legacy_170529,sr_legacy,170529,婆罗门参（西洋牛蒡），煮熟，沥干，加盐,"Salsify, cooked, boiled, drained, with salt",2.73,0.17,15.36,,,,,Vegetables and Vegetable Products,Salsify 又称 vegetable oyster，中文名称可能因地区不同而异
sr_legacy_170530,sr_legacy,170530,毛豆，煮熟，沥干，加盐,"Soybeans, green, cooked, boiled, drained, with salt",12.35,6.4,11.05,,,,,Vegetables and Vegetable Products,
sr_legacy_170531,sr_legacy,170531,菠菜，煮熟，沥干，加盐,"Spinach, cooked, boiled, drained, with salt",2.97,0.26,3.75,,,,,Vegetables and Vegetable Products,
sr_legacy_170532,sr_legacy,170532,夏南瓜，弯颈和直颈品种，冷冻，煮熟，沥干，加盐,"Squash, summer, crookneck and straightneck, frozen, cooked, boiled, drained, with salt",1.28,0.2,5.54,,,,,Vegetables and Vegetable Products,
sr_legacy_170533,sr_legacy,170533,飞碟南瓜，煮熟，沥干，加盐,"Squash, summer, scallop, cooked, boiled, drained, with salt",1.03,0.17,3.3,,,,,Vegetables and Vegetable Products,
sr_legacy_170534,sr_legacy,170534,西葫芦，带皮，煮熟，沥干，加盐,"Squash, summer, zucchini, includes skin, cooked, boiled, drained, with salt",1.14,0.36,2.69,,,,,Vegetables and Vegetable Products,
sr_legacy_170535,sr_legacy,170535,西葫芦，带皮，冷冻，煮熟，沥干，加盐,"Squash, summer, zucchini, includes skin, frozen, cooked, boiled, drained, with salt",1.15,0.13,2.97,,,,,Vegetables and Vegetable Products,
sr_legacy_170536,sr_legacy,170536,奶油南瓜，冷冻，煮熟，加盐,"Squash, winter, butternut, frozen, cooked, boiled, with salt",1.23,0.07,10.04,,,,,Vegetables and Vegetable Products,
sr_legacy_170537,sr_legacy,170537,哈伯德南瓜，烤熟，加盐,"Squash, winter, hubbard, baked, with salt",2.48,0.62,10.81,,,,,Vegetables and Vegetable Products,Hubbard 为冬南瓜品种，保留译名便于核对
sr_legacy_170538,sr_legacy,170538,哈伯德南瓜，煮熟，捣泥，加盐,"Squash, winter, hubbard, cooked, boiled, mashed, with salt",1.48,0.37,6.46,,,,,Vegetables and Vegetable Products,Hubbard 为冬南瓜品种，保留译名便于核对
sr_legacy_170539,sr_legacy,170539,金丝瓜/意面南瓜，煮熟沥干或烤熟，加盐,"Squash, winter, spaghetti, cooked, boiled, drained, or baked, with salt",0.66,0.26,6.46,,,,,Vegetables and Vegetable Products,Spaghetti squash 常译为金丝瓜或意面南瓜
sr_legacy_170540,sr_legacy,170540,玉米利马豆杂烩（succotash），煮熟，沥干，加盐,"Succotash, (corn and limas), cooked, boiled, drained, with salt",5.07,0.8,24.37,,,,,Vegetables and Vegetable Products,Succotash 为玉米和利马豆混合菜，保留英文便于核对
sr_legacy_170541,sr_legacy,170541,红薯，去皮煮熟，加盐,"Sweet potato, cooked, boiled, without skin, with salt",1.37,0.14,17.72,,,,,Vegetables and Vegetable Products,
sr_legacy_170542,sr_legacy,170542,红薯，冷冻，烤熟，加盐,"Sweet potato, frozen, cooked, baked, with salt",1.71,0.12,23.4,,,,,Vegetables and Vegetable Products,
sr_legacy_170543,sr_legacy,170543,芋头，熟，加盐,"Taro, cooked, with salt",0.52,0.11,34.6,,,,,Vegetables and Vegetable Products,
sr_legacy_170544,sr_legacy,170544,芋叶，蒸熟，加盐,"Taro, leaves, cooked, steamed, with salt",2.72,0.41,3.89,,,,,Vegetables and Vegetable Products,
sr_legacy_170545,sr_legacy,170545,番茄汁，罐装，不加盐,"Tomato juice, canned, without salt added",0.85,0.29,3.53,,,,,Vegetables and Vegetable Products,
sr_legacy_170546,sr_legacy,170546,番茄泥，罐装，加盐,"Tomato products, canned, puree, with salt added",1.65,0.21,8.98,,,,,Vegetables and Vegetable Products,
sr_legacy_170547,sr_legacy,170547,芜菁，煮熟，沥干，加盐,"Turnips, cooked, boiled, drained, with salt",0.71,0.08,5.06,,,,,Vegetables and Vegetable Products,
sr_legacy_170548,sr_legacy,170548,芜菁，冷冻，煮熟，沥干，加盐,"Turnips, frozen, cooked, boiled, drained, with salt",1.53,0.24,3.73,,,,,Vegetables and Vegetable Products,
sr_legacy_170549,sr_legacy,170549,冬瓜，煮熟，沥干，加盐,"Waxgourd, (chinese preserving melon), cooked, boiled, drained, with salt",0.4,0.2,2.45,,,,,Vegetables and Vegetable Products,
sr_legacy_170550,sr_legacy,170550,四棱豆，未成熟籽粒，煮熟，沥干，加盐,"Winged bean, immature seeds, cooked, boiled, drained, with salt",5.31,0.66,3.21,,,,,Vegetables and Vegetable Products,
sr_legacy_170551,sr_legacy,170551,薯蓣（yam），煮熟沥干或烤熟，加盐,"Yam, cooked, boiled, drained, or baked, with salt",1.49,0.14,26.99,,,,,Vegetables and Vegetable Products,yam 与红薯、芋头不同，保留英文便于核对
sr_legacy_170552,sr_legacy,170552,面包坚果树籽，生,"Seeds, breadnut tree seeds, raw",5.97,0.99,46.28,,,,,Nut and Seed Products,少见食材
sr_legacy_170553,sr_legacy,170553,面包坚果树籽，干,"Seeds, breadnut tree seeds, dried",8.62,1.68,79.39,,,,,Nut and Seed Products,少见食材
sr_legacy_170554,sr_legacy,170554,奇亚籽，干,"Seeds, chia seeds, dried",16.54,30.74,42.12,,,,,Nut and Seed Products,
sr_legacy_170555,sr_legacy,170555,棉籽粉，部分脱脂（无腺体）,"Seeds, cottonseed flour, partially defatted (glandless)",40.96,6.2,40.54,,,,,Nut and Seed Products,棉籽类食材较少见
sr_legacy_170556,sr_legacy,170556,南瓜/西葫芦籽仁，干,"Seeds, pumpkin and squash seed kernels, dried",30.23,49.05,10.71,,,,,Nut and Seed Products,
sr_legacy_170557,sr_legacy,170557,南瓜/西葫芦籽仁，烤制，无盐,"Seeds, pumpkin and squash seed kernels, roasted, without salt",29.84,49.05,14.71,,,,,Nut and Seed Products,
sr_legacy_170558,sr_legacy,170558,红花籽仁，干,"Seeds, safflower seed kernels, dried",16.18,38.45,34.29,,,,,Nut and Seed Products,
sr_legacy_170559,sr_legacy,170559,红花籽粕，部分脱脂,"Seeds, safflower seed meal, partially defatted",35.62,2.39,48.73,,,,,Nut and Seed Products,
sr_legacy_170560,sr_legacy,170560,芝麻粉，低脂,"Seeds, sesame flour, low-fat",50.14,1.75,35.51,,,,,Nut and Seed Products,
sr_legacy_170561,sr_legacy,170561,芝麻粕，部分脱脂,"Seeds, sesame meal, partially defatted",16.96,48.0,26.04,,,,,Nut and Seed Products,
sr_legacy_170562,sr_legacy,170562,葵花籽仁，干,"Seeds, sunflower seed kernels, dried",20.78,51.46,20.0,,,,,Nut and Seed Products,
sr_legacy_170563,sr_legacy,170563,葵花籽仁，干烤，无盐,"Seeds, sunflower seed kernels, dry roasted, without salt",19.33,49.8,24.07,,,,,Nut and Seed Products,
sr_legacy_170564,sr_legacy,170564,葵花籽仁，油烤，无盐,"Seeds, sunflower seed kernels, oil roasted, without salt",20.06,51.3,22.89,,,,,Nut and Seed Products,
sr_legacy_170565,sr_legacy,170565,橡子，干,"Nuts, acorns, dried",8.1,31.41,53.66,,,,,Nut and Seed Products,较少见食材
sr_legacy_170566,sr_legacy,170566,橡子粉，全脂,"Nuts, acorn flour, full fat",7.49,30.17,54.65,,,,,Nut and Seed Products,较少见食材
sr_legacy_170567,sr_legacy,170567,杏仁,"Nuts, almonds",21.15,49.93,21.55,,,,,Nut and Seed Products,
sr_legacy_170568,sr_legacy,170568,杏仁，去皮,"Nuts, almonds, blanched",21.4,52.52,18.67,,,,,Nut and Seed Products,
sr_legacy_170569,sr_legacy,170569,巴西坚果，干，未去皮,"Nuts, brazilnuts, dried, unblanched",14.32,67.1,11.74,,,,,Nut and Seed Products,
sr_legacy_170570,sr_legacy,170570,白胡桃，干,"Nuts, butternuts, dried",24.9,56.98,12.05,,,,,Nut and Seed Products,Butternut 为坚果名，非南瓜
sr_legacy_170571,sr_legacy,170571,腰果，干烤，无盐,"Nuts, cashew nuts, dry roasted, without salt added",15.31,46.35,32.69,,,,,Nut and Seed Products,
sr_legacy_170572,sr_legacy,170572,腰果，油烤，无盐,"Nuts, cashew nuts, oil roasted, without salt added",16.84,47.77,29.87,,,,,Nut and Seed Products,
sr_legacy_170573,sr_legacy,170573,中国栗，烤制,"Nuts, chestnuts, chinese, roasted",4.48,1.19,52.36,,,,,Nut and Seed Products,
sr_legacy_170574,sr_legacy,170574,欧洲栗，生，未去皮,"Nuts, chestnuts, european, raw, unpeeled",2.42,2.26,45.54,,,,,Nut and Seed Products,
sr_legacy_170575,sr_legacy,170575,欧洲栗，生，去皮,"Nuts, chestnuts, european, raw, peeled",1.63,1.25,44.17,,,,,Nut and Seed Products,
sr_legacy_170576,sr_legacy,170576,欧洲栗，干，未去皮,"Nuts, chestnuts, european, dried, unpeeled",6.39,4.45,77.31,,,,,Nut and Seed Products,
sr_legacy_170579,sr_legacy,170579,干椰肉（椰蓉），烤制,"Nuts, coconut meat, dried (desiccated), toasted",5.3,47.0,44.4,,,,,Nut and Seed Products,
sr_legacy_170580,sr_legacy,170580,椰子奶油，生（由椰肉挤出的液体）,"Nuts, coconut cream, raw (liquid expressed from grated meat)",3.63,34.68,6.65,,,,,Nut and Seed Products,
sr_legacy_170581,sr_legacy,170581,榛子,"Nuts, hazelnuts or filberts",14.95,60.75,16.7,,,,,Nut and Seed Products,
sr_legacy_170582,sr_legacy,170582,榛子，去皮,"Nuts, hazelnuts or filberts, blanched",13.7,61.15,17.0,,,,,Nut and Seed Products,
sr_legacy_170583,sr_legacy,170583,榛子，干烤，无盐,"Nuts, hazelnuts or filberts, dry roasted, without salt added",15.03,62.4,17.6,,,,,Nut and Seed Products,
sr_legacy_170584,sr_legacy,170584,白果（银杏果），生,"Nuts, ginkgo nuts, raw",4.32,1.68,37.6,,,,,Nut and Seed Products,
sr_legacy_170585,sr_legacy,170585,混合坚果，干烤，含花生，无盐,"Nuts, mixed nuts, dry roasted, with peanuts, without salt added",19.5,53.5,22.42,,,,,Nut and Seed Products,
sr_legacy_170586,sr_legacy,170586,PLANTERS 开心果混合款混合坚果，干烤，含花生，加盐,"Nuts, mixed nuts, dry roasted, with peanuts, salt added, PLANTERS pistachio blend",23.28,47.52,23.07,,,,,Nut and Seed Products,品牌名保留英文
sr_legacy_170587,sr_legacy,170587,混合坚果，油烤，含花生，无盐,"Nuts, mixed nuts, oil roasted, with peanuts, without salt added",20.04,53.95,21.05,,,,,Nut and Seed Products,
sr_legacy_170588,sr_legacy,170588,混合坚果，油烤，不含花生，无盐,"Nuts, mixed nuts, oil roasted, without peanuts, without salt added",15.52,56.17,22.27,,,,,Nut and Seed Products,
sr_legacy_170589,sr_legacy,170589,碧根果，油烤，无盐,"Nuts, pecans, oil roasted, without salt added",9.2,75.23,13.01,,,,,Nut and Seed Products,
sr_legacy_170590,sr_legacy,170590,Pili 坚果，干,"Nuts, pilinuts, dried",10.8,79.55,3.98,,,,,Nut and Seed Products,少见坚果，保留英文便于核对
sr_legacy_170591,sr_legacy,170591,松子，干,"Nuts, pine nuts, dried",13.69,68.37,13.08,,,,,Nut and Seed Products,
sr_legacy_170592,sr_legacy,170592,北美松子（Pinyon），干,"Nuts, pine nuts, pinyon, dried",11.57,60.98,19.3,,,,,Nut and Seed Products,保留 Pinyon 便于核对
sr_legacy_170593,sr_legacy,170593,糖衣核桃,"Nuts, walnuts, glazed",8.28,35.71,47.59,,,,,Nut and Seed Products,
sr_legacy_170594,sr_legacy,170594,核桃，干烤，加盐,"Nuts, walnuts, dry roasted, with salt added",14.29,60.71,17.86,,,,,Nut and Seed Products,
sr_legacy_170595,sr_legacy,170595,面包果籽，烤制,"Seeds, breadfruit seeds, roasted",6.2,2.7,40.1,,,,,Nut and Seed Products,少见食材
sr_legacy_170596,sr_legacy,170596,棉籽仁，烤制（无腺体）,"Seeds, cottonseed kernels, roasted (glandless)",32.59,36.29,21.9,,,,,Nut and Seed Products,棉籽类食材较少见
sr_legacy_170597,sr_legacy,170597,牛脾，熟，炖煮,"Beef, variety meats and by-products, spleen, cooked, braised",25.1,4.2,0.0,,,,,Beef Products,
sr_legacy_170598,sr_legacy,170598,牛舌，熟，小火炖煮,"Beef, variety meats and by-products, tongue, cooked, simmered",19.29,22.3,0.0,,,,,Beef Products,
sr_legacy_170599,sr_legacy,170599,牛肚，生,"Beef, variety meats and by-products, tripe, raw",12.07,3.69,0.0,,,,,Beef Products,
sr_legacy_170600,sr_legacy,170600,三明治牛排，片状、切碎、成型、薄切，生,"Beef, sandwich steaks, flaked, chopped, formed and thinly sliced, raw",16.5,27.0,0.0,,,,,Beef Products,
sr_legacy_170601,sr_legacy,170601,牛胸肉（brisket）扁平部，仅瘦肉，去除外部脂肪，Choice级，熟，炖煮,"Beef, brisket, flat half, separable lean only, trimmed to 0"" fat, choice, cooked, braised",32.62,8.07,0,,,,,Beef Products,
sr_legacy_170603,sr_legacy,170603,牛肩下板腱锅烤肉或牛排，无骨，仅瘦肉，去除外部脂肪，Select级，生,"Beef, chuck, under blade pot roast or steak, boneless, separable lean only, trimmed to 0"" fat, select, raw",21.03,5.41,0.19,,,,,Beef Products,
sr_legacy_170605,sr_legacy,170605,牛肩下板腱中心牛排（Denver Cut），无骨，仅瘦肉，去除外部脂肪，所有等级，熟，烤架烤制,"Beef, chuck, under blade center steak, boneless, Denver Cut, separable lean only, trimmed to 0"" fat, all grades, cooked, grilled",26.5,12.64,0.14,,,,,Beef Products,保留 Denver Cut 英文切法名，方便搜索和核对
sr_legacy_170608,sr_legacy,170608,牛肩下板腱中心牛排（Denver Cut），无骨，仅瘦肉，去除外部脂肪，Choice级，生,"Beef, chuck, under blade center steak, boneless, Denver Cut, separable lean only, trimmed to 0"" fat, choice, raw",19.23,10.96,0.67,,,,,Beef Products,保留 Denver Cut 英文切法名，方便搜索和核对
sr_legacy_170609,sr_legacy,170609,修整零售牛肉切块综合，可分离瘦肉和脂肪，去除外部脂肪，所有等级，熟,"Beef, composite of trimmed retail cuts, separable lean and fat, trimmed to 0"" fat, all grades, cooked",28.4,12.42,0,,,,,Beef Products,
sr_legacy_170610,sr_legacy,170610,修整零售牛肉切块综合，仅瘦肉，去除外部脂肪，Select级，熟,"Beef, composite of trimmed retail cuts, separable lean only, trimmed to 0"" fat, select, cooked",29.88,7.12,0,,,,,Beef Products,
sr_legacy_170611,sr_legacy,170611,整块牛胸肉（brisket），可分离瘦肉和脂肪，去除外部脂肪，所有等级，熟，炖煮,"Beef, brisket, whole, separable lean and fat, trimmed to 0"" fat, all grades, cooked, braised",26.79,19.52,0,,,,,Beef Products,
sr_legacy_170612,sr_legacy,170612,整块牛胸肉（brisket），仅瘦肉，去除外部脂肪，所有等级，熟，炖煮,"Beef, brisket, whole, separable lean only, trimmed to 0"" fat, all grades, cooked, braised",29.75,10.08,0,,,,,Beef Products,
sr_legacy_170613,sr_legacy,170613,牛胸肉（brisket）扁平部，可分离瘦肉和脂肪，去除外部脂肪，所有等级，熟，炖煮,"Beef, brisket, flat half, separable lean and fat, trimmed to 0"" fat, all grades, cooked, braised",32.9,8.01,0,,,,,Beef Products,
sr_legacy_170614,sr_legacy,170614,牛肩臂肉锅烤肉，可分离瘦肉和脂肪，去除外部脂肪，Select级，熟，炖煮,"Beef, chuck, arm pot roast, separable lean and fat, trimmed to 0"" fat, select, cooked, braised",29.23,17.56,0,,,,,Beef Products,
sr_legacy_170615,sr_legacy,170615,牛肩臂肉锅烤肉，仅瘦肉，去除外部脂肪，Choice级，熟，炖煮,"Beef, chuck, arm pot roast, separable lean only, trimmed to 0"" fat, choice, cooked, braised",33.36,7.67,0,,,,,Beef Products,
sr_legacy_170616,sr_legacy,170616,牛肩臂肉锅烤肉，仅瘦肉，去除外部脂肪，Select级，熟，炖煮,"Beef, chuck, arm pot roast, separable lean only, trimmed to 0"" fat, select, cooked, braised",33.37,5.8,0,,,,,Beef Products,
sr_legacy_170617,sr_legacy,170617,牛肩胛板腱烤肉，可分离瘦肉和脂肪，去除外部脂肪，所有等级，熟，炖煮,"Beef, chuck, blade roast, separable lean and fat, trimmed to 0"" fat, all grades, cooked, braised",27.18,24.14,0,,,,,Beef Products,
sr_legacy_170618,sr_legacy,170618,牛肩下板腱锅烤肉，无骨，可分离瘦肉和脂肪，去除外部脂肪，Choice级，熟，炖煮,"Beef, chuck, under blade pot roast, boneless, separable lean and fat, trimmed to 0"" fat, choice, cooked, braised",26.39,21.48,0,,,,,Beef Products,
sr_legacy_170619,sr_legacy,170619,牛肋大端（第6–9肋），可分离瘦肉和脂肪，去除外部脂肪，Choice 等级，熟，烤制,"Beef, rib, large end (ribs 6-9), separable lean and fat, trimmed to 0"" fat, choice, cooked, roasted",22.8,30.49,0.0,,,,,Beef Products,
sr_legacy_170620,sr_legacy,170620,牛肋大端（第6–9肋），可分离瘦肉和脂肪，去除外部脂肪，Select 等级，熟，烤制,"Beef, rib, large end (ribs 6-9), separable lean and fat, trimmed to 0"" fat, select, cooked, roasted",23.48,25.54,0.0,,,,,Beef Products,
sr_legacy_170621,sr_legacy,170621,牛肋大端（第6–9肋），仅可分离瘦肉，去除外部脂肪，各等级，熟，烤制,"Beef, rib, large end (ribs 6-9), separable lean only, trimmed to 0"" fat, all grades, cooked, roasted",27.53,13.4,0.0,,,,,Beef Products,
sr_legacy_170622,sr_legacy,170622,牛肋大端（第6–9肋），仅可分离瘦肉，去除外部脂肪，Choice 等级，熟，烤制,"Beef, rib, large end (ribs 6-9), separable lean only, trimmed to 0"" fat, choice, cooked, roasted",27.53,15.0,0.0,,,,,Beef Products,
sr_legacy_170623,sr_legacy,170623,牛肋小端（第10–12肋），仅可分离瘦肉，去除外部脂肪，各等级，熟，炙烤,"Beef, rib, small end (ribs 10-12), separable lean only, trimmed to 0"" fat, all grades, cooked, broiled",29.41,7.53,0.0,,,,,Beef Products,
sr_legacy_170624,sr_legacy,170624,牛肋小端（第10–12肋），仅可分离瘦肉，去除外部脂肪，Choice 等级，熟，炙烤,"Beef, rib, small end (ribs 10-12), separable lean only, trimmed to 0"" fat, choice, cooked, broiled",28.04,11.7,0.0,,,,,Beef Products,
sr_legacy_170625,sr_legacy,170625,牛肋小端（第10–12肋），仅可分离瘦肉，去除外部脂肪，Select 等级，熟，炙烤,"Beef, rib, small end (ribs 10-12), separable lean only, trimmed to 0"" fat, select, cooked, broiled",28.04,8.7,0.0,,,,,Beef Products,
sr_legacy_170626,sr_legacy,170626,牛后腿下圆肉牛排，可分离瘦肉和脂肪，去除外部脂肪，各等级，熟，炖煮,"Beef, round, bottom round, steak, separable lean and fat, trimmed to 0"" fat, all grades, cooked, braised",33.56,8.86,0.0,,,,,Beef Products,
sr_legacy_170627,sr_legacy,170627,牛后腿下圆肉烤块，可分离瘦肉和脂肪，去除外部脂肪，Select级，熟，烤制,"Beef, round, bottom round, roast, separable lean and fat, trimmed to 0"" fat, select, cooked, roasted",28.08,6.06,0.0,,,,,Beef Products,
sr_legacy_170628,sr_legacy,170628,牛后腿下圆肉牛排，仅可分离瘦肉，去除外部脂肪，各等级，熟，炖煮,"Beef, round, bottom round, steak, separable lean only, trimmed to 0"" fat, all grades, cooked, braised",34.0,7.67,0.0,,,,,Beef Products,
sr_legacy_170629,sr_legacy,170629,牛后腿下圆肉烤块，仅可分离瘦肉，去除外部脂肪，各等级，熟，烤制,"Beef, round, bottom round, roast, separable lean only, trimmed to 0"" fat, all grades, cooked, roasted",27.76,6.48,0.0,,,,,Beef Products,
sr_legacy_170630,sr_legacy,170630,牛后腿下圆肉牛排，仅可分离瘦肉，去除外部脂肪，Choice级，熟，炖煮,"Beef, round, bottom round, steak, separable lean only, trimmed to 0"" fat, choice, cooked, braised",33.08,9.03,0.0,,,,,Beef Products,
sr_legacy_170631,sr_legacy,170631,牛后腿下圆肉烤块，仅可分离瘦肉，去除外部脂肪，Choice级，熟，烤制,"Beef, round, bottom round, roast, separable lean only, trimmed to 0"" fat, choice, cooked, roasted",27.23,7.63,0.0,,,,,Beef Products,
sr_legacy_170632,sr_legacy,170632,牛后腿眼肉烤块，无骨，可分离瘦肉和脂肪，去除外部脂肪，Select级，熟，烤制,"Beef, round, eye of round roast, boneless, separable lean and fat, trimmed to 0"" fat, select, cooked, roasted",29.45,3.97,0.0,,,,,Beef Products,
sr_legacy_170633,sr_legacy,170633,牛后腿眼肉烤块，无骨，仅可分离瘦肉，去除外部脂肪，各等级，熟，烤制,"Beef, round, eye of round roast, boneless, separable lean only, trimmed to 0"" fat, all grades, cooked, roasted",29.85,3.9,0.0,,,,,Beef Products,
sr_legacy_170634,sr_legacy,170634,牛后腿眼肉烤块，无骨，仅可分离瘦肉，去除外部脂肪，Choice级，熟，烤制,"Beef, round, eye of round roast, boneless, separable lean only, trimmed to 0"" fat, choice, cooked, roasted",29.94,4.26,0.0,,,,,Beef Products,
sr_legacy_170635,sr_legacy,170635,牛后腿眼肉烤块，无骨，仅可分离瘦肉，去除外部脂肪，Select级，熟，烤制,"Beef, round, eye of round roast, boneless, separable lean only, trimmed to 0"" fat, select, cooked, roasted",29.52,3.43,0.0,,,,,Beef Products,
sr_legacy_170636,sr_legacy,170636,牛后腿尖圆肉烤块，仅可分离瘦肉，去除外部脂肪，Choice级，熟，烤制,"Beef, round, tip round, roast, separable lean only, trimmed to 0"" fat, choice, cooked, roasted",27.68,6.42,0.0,,,,,Beef Products,
sr_legacy_170637,sr_legacy,170637,牛后腿尖圆肉烤块，仅可分离瘦肉，去除外部脂肪，Select级，熟，烤制,"Beef, round, tip round, roast, separable lean only, trimmed to 0"" fat, select, cooked, roasted",27.37,4.38,0.0,,,,,Beef Products,
sr_legacy_170638,sr_legacy,170638,牛后腿上圆肉，可分离瘦肉和脂肪，去除外部脂肪，各等级，熟，炖煮,"Beef, round, top round, separable lean and fat, trimmed to 0"" fat, all grades, cooked, braised",35.62,6.31,0.0,,,,,Beef Products,
sr_legacy_170639,sr_legacy,170639,牛后腿上圆肉，可分离瘦肉和脂肪，去除外部脂肪，Choice级，熟，炖煮,"Beef, round, top round, separable lean and fat, trimmed to 0"" fat, choice, cooked, braised",35.62,7.09,0.0,,,,,Beef Products,
sr_legacy_170640,sr_legacy,170640,牛里脊（菲力）牛排，去骨，可分离瘦肉和脂肪，去除外部脂肪，Select 等级，熟，煎烤,"Beef, loin, tenderloin steak, boneless, separable lean and fat, trimmed to 0"" fat, select, cooked, grilled",30.93,7.7,0.0,,,,,Beef Products,
sr_legacy_170641,sr_legacy,170641,牛里脊（菲力）牛排，去骨，仅可分离瘦肉，去除外部脂肪，各等级，熟，煎烤,"Beef, loin, tenderloin steak, boneless, separable lean only, trimmed to 0"" fat, all grades, cooked, grilled",30.7,8.32,0.0,,,,,Beef Products,
sr_legacy_170642,sr_legacy,170642,牛里脊（菲力）牛排，去骨，仅可分离瘦肉，去除外部脂肪，Choice 等级，熟，煎烤,"Beef, loin, tenderloin steak, boneless, separable lean only, trimmed to 0"" fat, choice, cooked, grilled",30.45,9.03,0.0,,,,,Beef Products,
sr_legacy_170643,sr_legacy,170643,牛里脊（菲力）牛排，去骨，仅可分离瘦肉，去除外部脂肪，Select 等级，熟，煎烤,"Beef, loin, tenderloin steak, boneless, separable lean only, trimmed to 0"" fat, select, cooked, grilled",31.09,7.25,0.0,,,,,Beef Products,
sr_legacy_170682,sr_legacy,170682,苋籽，未煮,"Amaranth grain, uncooked",13.56,7.02,65.25,,,,,Cereal Grains and Pasta,Amaranth grain 可译为苋籽/苋米
sr_legacy_170683,sr_legacy,170683,苋籽，熟,"Amaranth grain, cooked",3.8,1.58,18.69,,,,,Cereal Grains and Pasta,Amaranth grain 可译为苋籽/苋米
sr_legacy_170684,sr_legacy,170684,竹芋粉,Arrowroot flour,0.3,0.1,88.15,,,,,Cereal Grains and Pasta,
sr_legacy_170685,sr_legacy,170685,烤荞麦粒，干,"Buckwheat groats, roasted, dry",11.73,2.71,74.95,,,,,Cereal Grains and Pasta,
sr_legacy_170686,sr_legacy,170686,烤荞麦粒，熟,"Buckwheat groats, roasted, cooked",3.38,0.62,19.94,,,,,Cereal Grains and Pasta,
sr_legacy_170687,sr_legacy,170687,全粒荞麦粉,"Buckwheat flour, whole-groat",12.62,3.1,70.59,,,,,Cereal Grains and Pasta,
sr_legacy_170688,sr_legacy,170688,碎小麦，干,"Bulgur, dry",12.29,1.33,75.87,,,,,Cereal Grains and Pasta,
sr_legacy_170783,sr_legacy,170783,牛肩短肋，无骨，仅瘦肉，去除外部脂肪，Choice级，生,"Beef, chuck, short ribs, boneless, separable lean only, trimmed to 0"" fat, choice, raw",19.38,10.7,0.29,,,,,Beef Products,
sr_legacy_170796,sr_legacy,170796,牛肩短肋，无骨，仅瘦肉，去除外部脂肪，所有等级，生,"Beef, chuck, short ribs, boneless, separable lean only, trimmed to 0"" fat, all grades, raw",19.68,10.02,0.05,,,,,Beef Products,
sr_legacy_170797,sr_legacy,170797,牛肩眼乡村式肋条，无骨，仅瘦肉，去除外部脂肪，Choice级，熟，炖煮,"Beef, chuck eye Country-Style ribs, boneless, separable lean only, trimmed to 0"" fat, choice, cooked, braised",30.95,12.22,0,,,,,Beef Products,
sr_legacy_170798,sr_legacy,170798,牛肩眼乡村式肋条，无骨，仅瘦肉，去除外部脂肪，Select级，熟，炖煮,"Beef, chuck eye Country-Style ribs, boneless, separable lean only, trimmed to 0"" fat, select, cooked, braised",32.1,10.24,0,,,,,Beef Products,
sr_legacy_170799,sr_legacy,170799,牛肩眼乡村式肋条，无骨，仅瘦肉，去除外部脂肪，所有等级，熟，炖煮,"Beef, chuck eye Country-Style ribs, boneless, separable lean only, trimmed to 0"" fat, all grades, cooked, braised",31.41,11.43,0,,,,,Beef Products,
sr_legacy_170800,sr_legacy,170800,牛肩眼乡村式肋条，无骨，仅瘦肉，去除外部脂肪，Choice级，生,"Beef, chuck eye Country-Style ribs, boneless, separable lean only, trimmed to 0"" fat, choice, raw",20.87,7.67,0,,,,,Beef Products,
sr_legacy_170801,sr_legacy,170801,牛肩眼牛排，无骨，仅瘦肉，去除外部脂肪，所有等级，熟，烤架烤制,"Beef, chuck eye steak, boneless, separable lean only, trimmed to 0"" fat, all grades, cooked, grilled",27.94,10.79,0,,,,,Beef Products,
sr_legacy_170802,sr_legacy,170802,牛肩眼牛排，无骨，仅瘦肉，去除外部脂肪，Choice级，生,"Beef, chuck eye steak, boneless, separable lean only, trimmed to 0"" fat, choice, raw",21.31,8.29,0,,,,,Beef Products,
sr_legacy_170803,sr_legacy,170803,牛肩眼牛排，无骨，仅瘦肉，去除外部脂肪，Select级，生,"Beef, chuck eye steak, boneless, separable lean only, trimmed to 0"" fat, select, raw",21.28,6.47,0,,,,,Beef Products,
sr_legacy_170804,sr_legacy,170804,牛肩眼牛排，无骨，仅瘦肉，去除外部脂肪，所有等级，生,"Beef, chuck eye steak, boneless, separable lean only, trimmed to 0"" fat, all grades, raw",21.29,7.56,0,,,,,Beef Products,
sr_legacy_170805,sr_legacy,170805,牛肩小嫩肉牛排（mock tender），无骨，仅瘦肉，去除外部脂肪，Select级，熟，炖煮,"Beef, chuck, mock tender steak, boneless, separable lean only, trimmed to 0"" fat, select, cooked, braised",32.96,5.44,0,,,,,Beef Products,mock tender 为美国牛肩部切法，中文按“牛肩小嫩肉”处理
sr_legacy_170806,sr_legacy,170806,牛肩小嫩肉牛排（mock tender），无骨，仅瘦肉，去除外部脂肪，所有等级，熟，炖煮,"Beef, chuck, mock tender steak, boneless, separable lean only, trimmed to 0"" fat, all grades, cooked, braised",33.31,6.34,0,,,,,Beef Products,mock tender 为美国牛肩部切法，中文按“牛肩小嫩肉”处理
sr_legacy_170807,sr_legacy,170807,牛肩小嫩肉牛排（mock tender），无骨，仅瘦肉，去除外部脂肪，Choice级，生,"Beef, chuck, mock tender steak, boneless, separable lean only, trimmed to 0"" fat, choice, raw",21.36,4.6,0,,,,,Beef Products,mock tender 为美国牛肩部切法，中文按“牛肩小嫩肉”处理
sr_legacy_170808,sr_legacy,170808,牛肩小嫩肉牛排（mock tender），无骨，仅瘦肉，去除外部脂肪，Select级，生,"Beef, chuck, mock tender steak, boneless, separable lean only, trimmed to 0"" fat, select, raw",21.22,3.53,0,,,,,Beef Products,mock tender 为美国牛肩部切法，中文按“牛肩小嫩肉”处理
sr_legacy_170809,sr_legacy,170809,炖牛肩肉，可分离瘦肉和脂肪，Select级，生,"Beef, chuck for stew, separable lean and fat, select, raw",21.9,3.99,0.21,,,,,Beef Products,
sr_legacy_170810,sr_legacy,170810,炖牛肩肉，可分离瘦肉和脂肪，Choice级，生,"Beef, chuck for stew, separable lean and fat, choice, raw",21.64,4.81,0.12,,,,,Beef Products,
sr_legacy_170811,sr_legacy,170811,牛肩下板腱牛排，无骨，仅瘦肉，去除外部脂肪，Choice级，熟，炖煮,"Beef, chuck, under blade steak, boneless, separable lean only, trimmed to 0"" fat, choice, cooked, braised",30.91,10.91,0,,,,,Beef Products,
sr_legacy_170812,sr_legacy,170812,牛肩下板腱牛排，无骨，仅瘦肉，去除外部脂肪，Select级，熟，炖煮,"Beef, chuck, under blade steak, boneless, separable lean only, trimmed to 0"" fat, select, cooked, braised",32.01,9.66,0,,,,,Beef Products,
sr_legacy_170813,sr_legacy,170813,牛肩下板腱锅烤肉或牛排，无骨，可分离瘦肉和脂肪，去除外部脂肪，所有等级，生,"Beef, chuck, under blade pot roast or steak, boneless, separable lean and fat, trimmed to 0"" fat, all grades, raw",19.17,13.26,0,,,,,Beef Products,
sr_legacy_170814,sr_legacy,170814,牛肩下板腱锅烤肉或牛排，无骨，可分离瘦肉和脂肪，去除外部脂肪，Choice级，生,"Beef, chuck, under blade pot roast or steak, boneless, separable lean and fat, trimmed to 0"" fat, choice, raw",19.15,13.93,0,,,,,Beef Products,
sr_legacy_170815,sr_legacy,170815,牛肩下板腱锅烤肉或牛排，无骨，可分离瘦肉和脂肪，去除外部脂肪，Select级，生,"Beef, chuck, under blade pot roast or steak, boneless, separable lean and fat, trimmed to 0"" fat, select, raw",19.2,12.27,0,,,,,Beef Products,
sr_legacy_170816,sr_legacy,170816,牛肩下板腱中心牛排（Denver Cut），无骨，可分离瘦肉和脂肪，去除外部脂肪，所有等级，熟，烤架烤制,"Beef, chuck, under blade center steak, boneless, Denver Cut, separable lean and fat, trimmed to 0"" fat, all grades, cooked, grilled",26.18,13.54,0.21,,,,,Beef Products,保留 Denver Cut 英文切法名，方便搜索和核对
sr_legacy_170817,sr_legacy,170817,牛肩下板腱中心牛排（Denver Cut），无骨，可分离瘦肉和脂肪，去除外部脂肪，Select级，生,"Beef, chuck, under blade center steak, boneless, Denver Cut, separable lean and fat, trimmed to 0"" fat, select, raw",19.2,10.5,0.09,,,,,Beef Products,保留 Denver Cut 英文切法名，方便搜索和核对
sr_legacy_170818,sr_legacy,170818,牛肩肉锅烤块或牛排，无骨，可分离瘦肉和脂肪，去除外部脂肪，Choice级，生,"Beef, shoulder pot roast or steak, boneless, separable lean and fat, trimmed to 0"" fat, choice, raw",21.17,5.33,0.07,,,,,Beef Products,
sr_legacy_170819,sr_legacy,170819,牛肩肉锅烤块或牛排，无骨，可分离瘦肉和脂肪，去除外部脂肪，Select级，生,"Beef, shoulder pot roast or steak, boneless, separable lean and fat, trimmed to 0"" fat, select, raw",21.72,4.44,0.0,,,,,Beef Products,
sr_legacy_170820,sr_legacy,170820,牛肩眼烤肉（America's Beef Roast），无骨，可分离瘦肉和脂肪，去除外部脂肪，所有等级，熟，烤制,"Beef, chuck eye roast, boneless, America's Beef Roast, separable lean and fat, trimmed to 0"" fat, all grades, cooked, roasted",24.63,15.29,0,,,,,Beef Products,保留 America's Beef Roast 英文切法名，方便搜索和核对
sr_legacy_170821,sr_legacy,170821,牛肩小嫩肉牛排（mock tender），无骨，可分离瘦肉和脂肪，去除外部脂肪，所有等级，熟，炖煮,"Beef, chuck, mock tender steak, boneless, separable lean and fat, trimmed to 0"" fat, all grades, cooked, braised",32.07,10.18,0,,,,,Beef Products,mock tender 为美国牛肩部切法，中文按“牛肩小嫩肉”处理
sr_legacy_170822,sr_legacy,170822,牛肩小嫩肉牛排（mock tender），无骨，可分离瘦肉和脂肪，去除外部脂肪，Choice级，熟，炖煮,"Beef, chuck, mock tender steak, boneless, separable lean and fat, trimmed to 0"" fat, choice, cooked, braised",32.21,10.74,0,,,,,Beef Products,mock tender 为美国牛肩部切法，中文按“牛肩小嫩肉”处理
sr_legacy_170823,sr_legacy,170823,牛肩小嫩肉牛排（mock tender），无骨，可分离瘦肉和脂肪，去除外部脂肪，Select级，熟，炖煮,"Beef, chuck, mock tender steak, boneless, separable lean and fat, trimmed to 0"" fat, select, cooked, braised",31.86,9.34,0,,,,,Beef Products,mock tender 为美国牛肩部切法，中文按“牛肩小嫩肉”处理
sr_legacy_170824,sr_legacy,170824,牛肩小嫩肉牛排（mock tender），无骨，可分离瘦肉和脂肪，去除外部脂肪，所有等级，生,"Beef, chuck, mock tender steak, boneless, separable lean and fat, trimmed to 0"" fat, all grades, raw",21.13,4.79,0,,,,,Beef Products,mock tender 为美国牛肩部切法，中文按“牛肩小嫩肉”处理
sr_legacy_170825,sr_legacy,170825,牛肩短肋，无骨，可分离瘦肉和脂肪，去除外部脂肪，Select级，熟，炖煮,"Beef, chuck, short ribs, boneless, separable lean and fat, trimmed to 0"" fat, select, cooked, braised",25.81,20.38,0,,,,,Beef Products,
sr_legacy_170826,sr_legacy,170826,牛肩短肋，无骨，可分离瘦肉和脂肪，去除外部脂肪，所有等级，生,"Beef, chuck, short ribs, boneless, separable lean and fat, trimmed to 0"" fat, all grades, raw",17.48,18.33,0,,,,,Beef Products,
sr_legacy_170827,sr_legacy,170827,牛肩短肋，无骨，可分离瘦肉和脂肪，去除外部脂肪，Choice级，生,"Beef, chuck, short ribs, boneless, separable lean and fat, trimmed to 0"" fat, choice, raw",17.22,19.03,0,,,,,Beef Products,
sr_legacy_170828,sr_legacy,170828,牛肩短肋，无骨，可分离瘦肉和脂肪，去除外部脂肪，Select级，生,"Beef, chuck, short ribs, boneless, separable lean and fat, trimmed to 0"" fat, select, raw",17.87,17.28,0,,,,,Beef Products,
sr_legacy_170829,sr_legacy,170829,牛肩眼乡村式肋条，无骨，可分离瘦肉和脂肪，去除外部脂肪，Choice级，熟，炖煮,"Beef, chuck eye Country-Style ribs, boneless, separable lean and fat, trimmed to 0"" fat, choice, cooked, braised",27.16,21.56,0,,,,,Beef Products,
sr_legacy_170830,sr_legacy,170830,牛肩眼乡村式肋条，无骨，可分离瘦肉和脂肪，去除外部脂肪，Select级，熟，炖煮,"Beef, chuck eye Country-Style ribs, boneless, separable lean and fat, trimmed to 0"" fat, select, cooked, braised",28.47,19.03,0,,,,,Beef Products,
sr_legacy_170831,sr_legacy,170831,牛肩眼乡村式肋条，无骨，可分离瘦肉和脂肪，去除外部脂肪，所有等级，生,"Beef, chuck eye Country-Style ribs, boneless, separable lean and fat, trimmed to 0"" fat, all grades, raw",18.97,14.32,0,,,,,Beef Products,
sr_legacy_170832,sr_legacy,170832,牛肩眼乡村式肋条，无骨，可分离瘦肉和脂肪，去除外部脂肪，Choice级，生,"Beef, chuck eye Country-Style ribs, boneless, separable lean and fat, trimmed to 0"" fat, choice, raw",18.87,14.99,0,,,,,Beef Products,
sr_legacy_170833,sr_legacy,170833,牛肩眼乡村式肋条，无骨，可分离瘦肉和脂肪，去除外部脂肪，Select级，生,"Beef, chuck eye Country-Style ribs, boneless, separable lean and fat, trimmed to 0"" fat, select, raw",19.1,13.33,0,,,,,Beef Products,
sr_legacy_170834,sr_legacy,170834,牛肩眼牛排，无骨，可分离瘦肉和脂肪，去除外部脂肪，Choice级，生,"Beef, chuck eye steak, boneless, separable lean and fat, trimmed to 0"" fat, choice, raw",18.86,16.85,0,,,,,Beef Products,
sr_legacy_170835,sr_legacy,170835,牛肩眼牛排，无骨，可分离瘦肉和脂肪，去除外部脂肪，Select级，生,"Beef, chuck eye steak, boneless, separable lean and fat, trimmed to 0"" fat, select, raw",18.86,15.6,0,,,,,Beef Products,
sr_legacy_170836,sr_legacy,170836,牛肋眼烤块，带骨，带边肉，仅可分离瘦肉，外部脂肪修整至1/8英寸，各等级，熟，烤制,"Beef, rib eye roast, bone-in, lip-on, separable lean only, trimmed to 1/8"" fat, all grades, cooked, roasted",27.12,13.64,0.0,,,,,Beef Products,lip-on/lip off 按带边肉/去边肉处理
sr_legacy_170837,sr_legacy,170837,牛肋眼烤块，带骨，带边肉，仅可分离瘦肉，外部脂肪修整至1/8英寸，Select 等级，熟，烤制,"Beef, rib eye roast, bone-in, lip-on, separable lean only, trimmed to 1/8"" fat, select, cooked, roasted",27.03,12.29,0.0,,,,,Beef Products,lip-on/lip off 按带边肉/去边肉处理
sr_legacy_170838,sr_legacy,170838,牛肋眼牛排/烤块，带骨，带边肉，仅可分离瘦肉，外部脂肪修整至1/8英寸，Select 等级，生,"Beef, rib eye steak/roast, bone-in, lip-on, separable lean only, trimmed to 1/8"" fat, select, raw",21.65,7.64,0.0,,,,,Beef Products,lip-on/lip off 按带边肉/去边肉处理
sr_legacy_170839,sr_legacy,170839,牛肋眼牛排/烤块，去骨，带边肉，仅可分离瘦肉，外部脂肪修整至1/8英寸，各等级，生,"Beef, rib eye steak/roast, boneless, lip-on, separable lean only, trimmed to 1/8"" fat, all grades, raw",21.99,7.54,0.0,,,,,Beef Products,lip-on/lip off 按带边肉/去边肉处理
sr_legacy_170840,sr_legacy,170840,牛肋眼牛排/烤块，去骨，带边肉，仅可分离瘦肉，外部脂肪修整至1/8英寸，Choice 等级，生,"Beef, rib eye steak/roast, boneless, lip-on, separable lean only, trimmed to 1/8"" fat, choice, raw",21.62,8.29,0.0,,,,,Beef Products,lip-on/lip off 按带边肉/去边肉处理
sr_legacy_170841,sr_legacy,170841,牛肋眼牛排/烤块，去骨，带边肉，仅可分离瘦肉，外部脂肪修整至1/8英寸，Select 等级，生,"Beef, rib eye steak/roast, boneless, lip-on, separable lean only, trimmed to 1/8"" fat, select, raw",22.55,6.41,0.0,,,,,Beef Products,lip-on/lip off 按带边肉/去边肉处理
sr_legacy_170842,sr_legacy,170842,牛肋眼烤块，去骨，带边肉，仅可分离瘦肉，外部脂肪修整至1/8英寸，Choice 等级，熟，烤制,"Beef, rib eye roast, boneless, lip-on, separable lean only, trimmed to 1/8"" fat, choice, cooked, roasted",27.87,13.01,0.0,,,,,Beef Products,lip-on/lip off 按带边肉/去边肉处理
sr_legacy_170843,sr_legacy,170843,Fontina 奶酪,"Cheese, fontina",25.6,31.14,1.55,,,,,Dairy and Egg Products,Fontina 常译丰蒂娜奶酪
sr_legacy_170844,sr_legacy,170844,Monterey 奶酪,"Cheese, monterey",24.48,30.28,0.68,,,,,Dairy and Egg Products,Monterey/Monterey Jack 类奶酪
sr_legacy_170845,sr_legacy,170845,莫扎雷拉奶酪，全脂奶制,"Cheese, mozzarella, whole milk",22.17,22.14,2.4,,,,,Dairy and Egg Products,
sr_legacy_170846,sr_legacy,170846,莫扎雷拉奶酪，全脂奶制，低水分,"Cheese, mozzarella, whole milk, low moisture",21.6,24.64,2.47,,,,,Dairy and Egg Products,
sr_legacy_170847,sr_legacy,170847,莫扎雷拉奶酪，部分脱脂奶制,"Cheese, mozzarella, part skim milk",24.26,15.92,2.77,,,,,Dairy and Egg Products,
sr_legacy_170848,sr_legacy,170848,帕玛森奶酪，硬质,"Cheese, parmesan, hard",35.75,25.0,3.22,,,,,Dairy and Egg Products,
sr_legacy_170849,sr_legacy,170849,Port Salut 奶酪,"Cheese, port de salut",23.78,28.2,0.57,,,,,Dairy and Egg Products,Port de Salut/Port Salut 奶酪，保留英文便于核对
sr_legacy_170850,sr_legacy,170850,普罗沃洛奶酪,"Cheese, provolone",25.58,26.62,2.14,,,,,Dairy and Egg Products,
sr_legacy_170851,sr_legacy,170851,瑞可塔奶酪，全脂奶制,"Cheese, ricotta, whole milk",7.54,10.18,7.27,,,,,Dairy and Egg Products,
sr_legacy_170852,sr_legacy,170852,Tilsit 奶酪,"Cheese, tilsit",24.41,25.98,1.88,,,,,Dairy and Egg Products,Tilsit 奶酪，保留英文便于核对
sr_legacy_170853,sr_legacy,170853,美式再制奶酪，强化维生素D,"Cheese, pasteurized process, American, fortified with vitamin D",18.13,30.71,4.78,,,,,Dairy and Egg Products,
sr_legacy_170854,sr_legacy,170854,Pimento 再制奶酪,"Cheese, pasteurized process, pimento",22.13,31.2,1.73,,,,,Dairy and Egg Products,Pimento 为甜椒风味奶酪
sr_legacy_170855,sr_legacy,170855,瑞士风味再制奶酪,"Cheese, pasteurized process, swiss",24.73,25.01,2.1,,,,,Dairy and Egg Products,
sr_legacy_170856,sr_legacy,170856,冷藏包装美式奶酪食品,"Cheese food, cold pack, American",19.66,24.46,8.32,,,,,Dairy and Egg Products,Cheese food 为再制奶酪类食品
sr_legacy_170857,sr_legacy,170857,轻质奶油，液态（咖啡奶油/餐用奶油）,"Cream, fluid, light (coffee cream or table cream)",2.96,19.1,3.66,,,,,Dairy and Egg Products,
sr_legacy_170858,sr_legacy,170858,轻质淡奶油，液态，可打发,"Cream, fluid, light whipping",2.17,30.91,2.96,,,,,Dairy and Egg Products,
sr_legacy_170859,sr_legacy,170859,重质淡奶油，液态，可打发,"Cream, fluid, heavy whipping",2.84,36.08,2.84,,,,,Dairy and Egg Products,
sr_legacy_170860,sr_legacy,170860,喷压式打发奶油,"Cream, whipped, cream topping, pressurized",3.2,22.22,12.49,,,,,Dairy and Egg Products,
sr_legacy_170861,sr_legacy,170861,填充奶，液态，含氢化植物油混合物,"Milk, filled, fluid, with blend of hydrogenated vegetable oils",3.33,3.46,4.74,,,,,Dairy and Egg Products,Filled milk 为以植物油替代部分乳脂的乳制品
sr_legacy_170862,sr_legacy,170862,填充奶，液态，含月桂酸油,"Milk, filled, fluid, with lauric acid oil",3.33,3.4,4.74,,,,,Dairy and Egg Products,Filled milk 为以植物油替代部分乳脂的乳制品
sr_legacy_170863,sr_legacy,170863,美式奶酪，无脂,"Cheese, American, nonfat or fat free",21.05,0.0,10.53,,,,,Dairy and Egg Products,
sr_legacy_170864,sr_legacy,170864,CHOBANI 希腊酸奶，2%脂肪，杏子味,"Yogurt, Greek, 2% fat, apricot, CHOBANI",7.22,1.71,12.15,,,,,Dairy and Egg Products,保留品牌 CHOBANI
sr_legacy_170865,sr_legacy,170865,甜点浇头，粉末,"Dessert topping, powdered",4.9,39.92,52.54,,,,,Dairy and Egg Products,
sr_legacy_170866,sr_legacy,170866,甜点浇头，粉末，1.5盎司粉用1/2杯牛奶调制,"Dessert topping, powdered, 1.5 ounce prepared with 1/2 cup milk",3.61,12.72,17.13,,,,,Dairy and Egg Products,
sr_legacy_170867,sr_legacy,170867,甜点浇头，喷压式,"Dessert topping, pressurized",0.98,22.3,16.07,,,,,Dairy and Egg Products,
sr_legacy_170868,sr_legacy,170868,甜点浇头，半固体，冷冻,"Dessert topping, semi solid, frozen",1.25,25.31,23.05,,,,,Dairy and Egg Products,
sr_legacy_170869,sr_legacy,170869,仿制酸奶油，发酵,"Sour cream, imitation, cultured",2.4,19.52,6.63,,,,,Dairy and Egg Products,
sr_legacy_170870,sr_legacy,170870,减脂牛奶，液态，2%乳脂，添加脱脂乳固体、维生素A和D,"Milk, reduced fat, fluid, 2% milkfat, with added nonfat milk solids and vitamin A and vitamin D",3.48,1.92,4.97,,,,,Dairy and Egg Products,
sr_legacy_170871,sr_legacy,170871,减脂牛奶，液态，2%乳脂，强化蛋白，添加维生素A和D,"Milk, reduced fat, fluid, 2% milkfat, protein fortified, with added vitamin A and vitamin D",3.95,1.98,5.49,,,,,Dairy and Egg Products,
sr_legacy_170872,sr_legacy,170872,低脂牛奶，液态，1%乳脂，添加维生素A和D,"Milk, lowfat, fluid, 1% milkfat, with added vitamin A and vitamin D",3.37,0.97,4.99,,,,,Dairy and Egg Products,
sr_legacy_170873,sr_legacy,170873,低脂牛奶，液态，1%乳脂，添加脱脂乳固体、维生素A和D,"Milk, lowfat, fluid, 1% milkfat, with added nonfat milk solids, vitamin A and vitamin D",3.48,0.97,4.97,,,,,Dairy and Egg Products,
sr_legacy_170874,sr_legacy,170874,酪乳，液态，发酵，低脂,"Milk, buttermilk, fluid, cultured, lowfat",3.31,1.07,4.79,,,,,Dairy and Egg Products,
sr_legacy_170875,sr_legacy,170875,低钠牛奶，液态,"Milk, low sodium, fluid",3.1,3.46,4.46,,,,,Dairy and Egg Products,
sr_legacy_170876,sr_legacy,170876,全脂奶粉，添加维生素D,"Milk, dry, whole, with added vitamin D",26.32,26.71,38.42,,,,,Dairy and Egg Products,
sr_legacy_170877,sr_legacy,170877,普通脱脂奶粉，未添加维生素A和D,"Milk, dry, nonfat, regular, without added vitamin A and vitamin D",36.16,0.77,51.98,,,,,Dairy and Egg Products,
sr_legacy_170878,sr_legacy,170878,脱脂淡炼乳罐头，添加维生素A和D,"Milk, canned, evaporated, nonfat, with added vitamin A and vitamin D",7.55,0.2,11.35,,,,,Dairy and Egg Products,
sr_legacy_170882,sr_legacy,170882,绵羊奶，液态,"Milk, sheep, fluid",5.98,7.0,5.36,,,,,Dairy and Egg Products,
sr_legacy_170884,sr_legacy,170884,香草厚奶昔,"Milk shakes, thick vanilla",3.86,3.03,17.75,,,,,Dairy and Egg Products,
sr_legacy_170885,sr_legacy,170885,酸乳清，液态,"Whey, acid, fluid",0.76,0.09,5.12,,,,,Dairy and Egg Products,
sr_legacy_170886,sr_legacy,170886,原味酸奶，低脂,"Yogurt, plain, low fat",5.25,1.55,7.04,,,,,Dairy and Egg Products,
sr_legacy_170887,sr_legacy,170887,原味酸奶，脱脂奶制,"Yogurt, plain, skim milk",5.73,0.18,7.68,,,,,Dairy and Egg Products,
sr_legacy_170888,sr_legacy,170888,香草味酸奶，低脂,"Yogurt, vanilla, low fat.",4.93,1.25,13.8,,,,,Dairy and Egg Products,
sr_legacy_170889,sr_legacy,170889,水果味酸奶，低脂，每8盎司含9克蛋白质,"Yogurt, fruit, low fat,9 g protein/8 oz",3.98,1.15,18.64,,,,,Dairy and Egg Products,
sr_legacy_170890,sr_legacy,170890,低脂牛奶制冷冻奶棒,"Milk dessert bar, frozen, made from lowfat milk",4.41,1.47,32.0,,,,,Dairy and Egg Products,
sr_legacy_170891,sr_legacy,170891,CHOBANI 希腊酸奶，2%脂肪，混合莓果味,"Yogurt, Greek, 2% fat,mixed berry blend, CHOBANI",8.26,1.83,10.94,,,,,Dairy and Egg Products,保留品牌 CHOBANI
sr_legacy_170892,sr_legacy,170892,糖尿病人用液体营养补充品,"Nutritional supplement for people with diabetes, liquid",4.4,3.08,11.88,,,,,Dairy and Egg Products,
sr_legacy_170893,sr_legacy,170893,全蛋，生，冷冻，加盐，巴氏杀菌,"Egg, whole, raw, frozen, salted, pasteurized",10.97,10.07,0.83,,,,,Dairy and Egg Products,
sr_legacy_170894,sr_legacy,170894,希腊酸奶，原味，无脂,"Yogurt, Greek, plain, nonfat (Includes foods for USDA's Food Distribution Program)",10.19,0.39,3.6,,,,,Dairy and Egg Products,
sr_legacy_170895,sr_legacy,170895,蛋白，干制，稳定化，低葡萄糖,"Egg, white, dried, stabilized, glucose reduced",84.08,0.32,4.51,,,,,Dairy and Egg Products,
sr_legacy_170896,sr_legacy,170896,美式或切达奶酪抹酱，低脂,"Cheese spread, American or Cheddar cheese base, reduced fat",13.41,8.88,10.71,,,,,Dairy and Egg Products,
sr_legacy_170897,sr_legacy,170897,瑞士奶酪，无脂,"Cheese, Swiss, nonfat or fat free",28.4,0.0,3.4,,,,,Dairy and Egg Products,
sr_legacy_170898,sr_legacy,170898,墨西哥 Cotija 奶酪,"Cheese, mexican, queso cotija",20.0,30.0,3.97,,,,,Dairy and Egg Products,Cotija 常用于墨西哥菜
sr_legacy_170899,sr_legacy,170899,切达奶酪，浓味，切片,"Cheese, cheddar, sharp, sliced",24.25,33.82,2.13,,,,,Dairy and Egg Products,
sr_legacy_170900,sr_legacy,170900,莫扎雷拉奶酪，低水分，部分脱脂，刨丝,"Cheese, mozzarella, low moisture, part-skim, shredded",23.63,19.72,8.06,,,,,Dairy and Egg Products,
sr_legacy_170901,sr_legacy,170901,希腊酸奶，草莓味，无脂,"Yogurt, Greek, strawberry, nonfat",8.05,0.15,12.07,,,,,Dairy and Egg Products,
sr_legacy_170902,sr_legacy,170902,希腊酸奶，香草味，无脂,"Yogurt, Greek, vanilla, nonfat",8.64,0.18,10.37,,,,,Dairy and Egg Products,
sr_legacy_170903,sr_legacy,170903,希腊酸奶，原味，低脂,"Yogurt, Greek, plain, lowfat",9.95,1.92,3.94,,,,,Dairy and Egg Products,
sr_legacy_170904,sr_legacy,170904,LIFEWAY 低脂原味开菲尔,"Kefir, lowfat, plain, LIFEWAY",3.79,1.02,4.77,,,,,Dairy and Egg Products,保留品牌 LIFEWAY；Kefir 为开菲尔发酵乳
sr_legacy_170905,sr_legacy,170905,希腊酸奶，水果味，全脂奶制,"Yogurt, Greek, fruit, whole milk",7.33,3.0,12.29,,,,,Dairy and Egg Products,
sr_legacy_170906,sr_legacy,170906,香草味酸奶，无脂,"Yogurt, vanilla, non-fat",2.94,0.0,17.04,,,,,Dairy and Egg Products,
sr_legacy_170907,sr_legacy,170907,希腊酸奶，香草味，低脂,"Yogurt, Greek, vanilla, lowfat",8.64,2.5,9.54,,,,,Dairy and Egg Products,
sr_legacy_170909,sr_legacy,170909,CHOBANI 希腊酸奶，2%脂肪，菠萝味,"Yogurt, Greek, 2% fat, pineapple, CHOBANI",7.05,1.82,12.27,,,,,Dairy and Egg Products,保留品牌 CHOBANI
sr_legacy_170912,sr_legacy,170912,CHOBANI 希腊酸奶，2%脂肪，草莓香蕉味,"Yogurt, Greek, 2% fat, strawberry banana, CHOBANI",8.0,1.71,10.24,,,,,Dairy and Egg Products,保留品牌 CHOBANI
sr_legacy_170913,sr_legacy,170913,CHOBANI 希腊酸奶，无脂，底层石榴果酱,"Yogurt, Greek, nonfat, Fruit on Bottom, Pomegranate, CHOBANI",7.45,0.18,12.13,,,,,Dairy and Egg Products,Fruit on Bottom 指底层水果/果酱
sr_legacy_170914,sr_legacy,170914,CHOBANI 希腊酸奶，蓝莓味,"Yogurt, Greek, Blueberry, CHOBANI",7.23,0.24,12.78,,,,,Dairy and Egg Products,保留品牌 CHOBANI
sr_legacy_170915,sr_legacy,170915,CHOBANI 希腊酸奶，无脂，底层草莓果酱,"Yogurt, Greek, nonfat, Fruit on Bottom, Strawberry, CHOBANI",7.28,0.23,11.86,,,,,Dairy and Egg Products,Fruit on Bottom 指底层水果/果酱
sr_legacy_170916,sr_legacy,170916,CHOBANI 希腊酸奶，无脂，底层黑莓果酱,"Yogurt, Greek, nonfat, Fruit on Bottom, Blackberry, CHOBANI",7.54,0.37,15.43,,,,,Dairy and Egg Products,Fruit on Bottom 指底层水果/果酱
sr_legacy_171012,sr_legacy,171012,大豆油，沙拉或烹调用，部分氢化,"Oil, soybean, salad or cooking, (partially hydrogenated)",0.0,100.0,0.0,,,,,Fats and Oils,
sr_legacy_171013,sr_legacy,171013,米糠油,"Oil, rice bran",0.0,100.0,0.0,,,,,Fats and Oils,
sr_legacy_171014,sr_legacy,171014,小麦胚芽油,"Oil, wheat germ",0.0,100.0,0.0,,,,,Fats and Oils,
sr_legacy_171015,sr_legacy,171015,棕榈油,"Oil, palm",0.0,100.0,0.0,,,,,Fats and Oils,
sr_legacy_171016,sr_legacy,171016,芝麻油，沙拉或烹调用,"Oil, sesame, salad or cooking",0.0,100.0,0.0,,,,,Fats and Oils,
sr_legacy_171017,sr_legacy,171017,葵花籽油，亚油酸型（低于60%）,"Oil, sunflower, linoleic (less than 60%)",0.0,100.0,0.0,,,,,Fats and Oils,
sr_legacy_171024,sr_legacy,171024,棉籽油，沙拉或烹调用,"Oil, cottonseed, salad or cooking",0.0,100.0,0.0,,,,,Fats and Oils,
sr_legacy_171025,sr_legacy,171025,葵花籽油，亚油酸型（约65%）,"Oil, sunflower, linoleic, (approx. 65%)",0.0,100.0,0.0,,,,,Fats and Oils,
sr_legacy_171026,sr_legacy,171026,红花籽油，沙拉或烹调用，亚油酸型（70%以上）,"Oil, safflower, salad or cooking, linoleic, (over 70%)",0.0,100.0,0.0,,,,,Fats and Oils,
sr_legacy_171027,sr_legacy,171027,红花籽油，沙拉或烹调用，高油酸型,"Oil, safflower, salad or cooking, high oleic (primary safflower oil of commerce)",0.0,100.0,0.0,,,,,Fats and Oils,
sr_legacy_171028,sr_legacy,171028,葡萄籽油,"Oil, grapeseed",0.0,100.0,0.0,,,,,Fats and Oils,
sr_legacy_171030,sr_legacy,171030,核桃油,"Oil, walnut",0.0,100.0,0.0,,,,,Fats and Oils,
sr_legacy_171031,sr_legacy,171031,杏仁油,"Oil, almond",0.0,100.0,0.0,,,,,Fats and Oils,
sr_legacy_171032,sr_legacy,171032,杏仁核油,"Oil, apricot kernel",0.0,100.0,0.0,,,,,Fats and Oils,
sr_legacy_171033,sr_legacy,171033,Natreon 菜籽油，高稳定性，非反式，高油酸（70%）,"Oil, vegetable, Natreon canola, high stability, non trans, high oleic (70%)",0.0,100.0,0.0,,,,,Fats and Oils,品牌/产品名保留英文
sr_legacy_171046,sr_legacy,171046,蜂蜜芥末沙拉酱，无脂,"Dressing, honey mustard, fat-free",1.07,1.47,38.43,,,,,Fats and Oils,
sr_legacy_171047,sr_legacy,171047,肉鸡，带皮肉、内脏杂碎和颈部，生,"Chicken, broilers or fryers, meat and skin and giblets and neck, raw",18.33,14.83,0.13,,,,,Poultry Products,broiler/fryer 指美国 USDA 肉鸡分类，中文统一译为“肉鸡”。
sr_legacy_171048,sr_legacy,171048,肉鸡，带皮肉、内脏杂碎和颈部，熟，挂浆油炸,"Chicken, broilers or fryers, meat and skin and giblets and neck, cooked, fried, batter",22.84,17.53,9.03,,,,,Poultry Products,broiler/fryer 指美国 USDA 肉鸡分类，中文统一译为“肉鸡”。
sr_legacy_171049,sr_legacy,171049,肉鸡，带皮肉、内脏杂碎和颈部，熟，裹粉油炸,"Chicken, broilers or fryers, meat and skin and giblets and neck, cooked, fried, flour",28.57,15.27,3.27,,,,,Poultry Products,broiler/fryer 指美国 USDA 肉鸡分类，中文统一译为“肉鸡”。
sr_legacy_171050,sr_legacy,171050,肉鸡，带皮肉、内脏杂碎和颈部，烤制,"Chicken, broilers or fryers, meat and skin and giblets and neck, roasted",26.78,13.27,0.06,,,,,Poultry Products,broiler/fryer 指美国 USDA 肉鸡分类，中文统一译为“肉鸡”。
sr_legacy_171051,sr_legacy,171051,肉鸡，带皮肉，熟，炖制,"Chicken, broilers or fryers, meat and skin, cooked, stewed",24.68,12.56,0,,,,,Poultry Products,broiler/fryer 指美国 USDA 肉鸡分类，中文统一译为“肉鸡”。
sr_legacy_171052,sr_legacy,171052,肉鸡，仅肉，生,"Chicken, broilers or fryers, meat only, raw",21.39,3.08,0,,,,,Poultry Products,broiler/fryer 指美国 USDA 肉鸡分类，中文统一译为“肉鸡”。
sr_legacy_171053,sr_legacy,171053,肉鸡，仅肉，熟，油炸,"Chicken, broilers or fryers, meat only, cooked, fried",30.57,9.12,1.69,,,,,Poultry Products,broiler/fryer 指美国 USDA 肉鸡分类，中文统一译为“肉鸡”。
sr_legacy_171054,sr_legacy,171054,肉鸡，仅肉，熟，烤制,"Chicken, broilers or fryers, meat only, cooked, roasted",28.93,7.41,0,,,,,Poultry Products,broiler/fryer 指美国 USDA 肉鸡分类，中文统一译为“肉鸡”。
sr_legacy_171055,sr_legacy,171055,肉鸡皮，熟，烤制,"Chicken, broilers or fryers, skin only, cooked, roasted",20.36,40.68,0,,,,,Poultry Products,broiler/fryer 指美国 USDA 肉鸡分类，中文统一译为“肉鸡”。
sr_legacy_171056,sr_legacy,171056,肉鸡皮，熟，炖制,"Chicken, broilers or fryers, skin only, cooked, stewed",15.22,33.04,0,,,,,Poultry Products,broiler/fryer 指美国 USDA 肉鸡分类，中文统一译为“肉鸡”。
sr_legacy_171057,sr_legacy,171057,肉鸡内脏杂碎，生,"Chicken, broilers or fryers, giblets, raw",17.88,4.47,1.8,,,,,Poultry Products,broiler/fryer 指美国 USDA 肉鸡分类，中文统一译为“肉鸡”。
sr_legacy_171058,sr_legacy,171058,肉鸡内脏杂碎，熟，油炸,"Chicken, broilers or fryers, giblets, cooked, fried",32.54,13.46,4.35,,,,,Poultry Products,broiler/fryer 指美国 USDA 肉鸡分类，中文统一译为“肉鸡”。
sr_legacy_171059,sr_legacy,171059,鸡心，各类别，熟，小火煮,"Chicken, heart, all classes, cooked, simmered",26.41,7.92,0.1,,,,,Poultry Products,
sr_legacy_171060,sr_legacy,171060,鸡肝，各类别，生,"Chicken, liver, all classes, raw",16.92,4.83,0.73,,,,,Poultry Products,
sr_legacy_171061,sr_legacy,171061,鸡肝，各类别，熟，小火煮,"Chicken, liver, all classes, cooked, simmered",24.46,6.51,0.87,,,,,Poultry Products,
sr_legacy_171062,sr_legacy,171062,肉鸡，浅色肉，带皮肉，生,"Chicken, broilers or fryers, light meat, meat and skin, raw",20.27,11.07,0,,,,,Poultry Products,broiler/fryer 指美国 USDA 肉鸡分类，中文统一译为“肉鸡”。
sr_legacy_171063,sr_legacy,171063,肉鸡，深色肉，带皮肉，熟，挂浆油炸,"Chicken, broilers or fryers, dark meat, meat and skin, cooked, fried, batter",21.85,18.64,9.38,,,,,Poultry Products,broiler/fryer 指美国 USDA 肉鸡分类，中文统一译为“肉鸡”。
sr_legacy_171064,sr_legacy,171064,肉鸡，深色肉，带皮肉，熟，裹粉油炸,"Chicken, broilers or fryers, dark meat, meat and skin, cooked, fried, flour",27.22,16.91,4.08,,,,,Poultry Products,broiler/fryer 指美国 USDA 肉鸡分类，中文统一译为“肉鸡”。
sr_legacy_171065,sr_legacy,171065,肉鸡，深色肉，带皮肉，熟，烤制,"Chicken, broilers or fryers, dark meat, meat and skin, cooked, roasted",25.97,15.78,0,,,,,Poultry Products,broiler/fryer 指美国 USDA 肉鸡分类，中文统一译为“肉鸡”。
sr_legacy_171066,sr_legacy,171066,肉鸡，深色肉，带皮肉，熟，炖制,"Chicken, broilers or fryers, dark meat, meat and skin, cooked, stewed",23.5,14.66,0,,,,,Poultry Products,broiler/fryer 指美国 USDA 肉鸡分类，中文统一译为“肉鸡”。
sr_legacy_171067,sr_legacy,171067,肉鸡，深色肉，仅肉，生,"Chicken, broilers or fryers, dark meat, meat only, raw",20.08,4.31,0,,,,,Poultry Products,broiler/fryer 指美国 USDA 肉鸡分类，中文统一译为“肉鸡”。
sr_legacy_171068,sr_legacy,171068,肉鸡，深色肉，仅肉，熟，油炸,"Chicken, broilers or fryers, dark meat, meat only, cooked, fried",28.99,11.62,2.59,,,,,Poultry Products,broiler/fryer 指美国 USDA 肉鸡分类，中文统一译为“肉鸡”。
sr_legacy_171069,sr_legacy,171069,肉鸡，深色肉，仅肉，熟，烤制,"Chicken, broilers or fryers, dark meat, meat only, cooked, roasted",27.37,9.73,0,,,,,Poultry Products,broiler/fryer 指美国 USDA 肉鸡分类，中文统一译为“肉鸡”。
sr_legacy_171070,sr_legacy,171070,肉鸡，深色肉，仅肉，熟，炖制,"Chicken, broilers or fryers, dark meat, meat only, cooked, stewed",25.97,8.98,0,,,,,Poultry Products,broiler/fryer 指美国 USDA 肉鸡分类，中文统一译为“肉鸡”。
sr_legacy_171071,sr_legacy,171071,肉鸡背部，带皮肉，熟，烤制,"Chicken, broilers or fryers, back, meat and skin, cooked, roasted",25.95,20.97,0,,,,,Poultry Products,broiler/fryer 指美国 USDA 肉鸡分类，中文统一译为“肉鸡”。
sr_legacy_171072,sr_legacy,171072,肉鸡背部，带皮肉，熟，炖制,"Chicken, broilers or fryers, back, meat and skin, cooked, stewed",22.18,18.14,0,,,,,Poultry Products,broiler/fryer 指美国 USDA 肉鸡分类，中文统一译为“肉鸡”。
sr_legacy_171073,sr_legacy,171073,肉鸡背部，仅肉，生,"Chicken, broilers or fryers, back, meat only, raw",19.56,5.92,0,,,,,Poultry Products,broiler/fryer 指美国 USDA 肉鸡分类，中文统一译为“肉鸡”。
sr_legacy_171074,sr_legacy,171074,肉鸡背部，仅肉，熟，油炸,"Chicken, broilers or fryers, back, meat only, cooked, fried",29.99,15.32,5.68,,,,,Poultry Products,broiler/fryer 指美国 USDA 肉鸡分类，中文统一译为“肉鸡”。
sr_legacy_171075,sr_legacy,171075,肉鸡胸肉，带皮肉，熟，烤制,"Chicken, broilers or fryers, breast, meat and skin, cooked, roasted",29.8,7.78,0,,,,,Poultry Products,broiler/fryer 指美国 USDA 肉鸡分类，中文统一译为“肉鸡”。
sr_legacy_171076,sr_legacy,171076,肉鸡胸肉，带皮肉，熟，炖制,"Chicken, broilers or fryers, breast, meat and skin, cooked, stewed",27.39,7.42,0,,,,,Poultry Products,broiler/fryer 指美国 USDA 肉鸡分类，中文统一译为“肉鸡”。
sr_legacy_171077,sr_legacy,171077,肉鸡胸肉，去皮，去骨，仅肉，生,"Chicken, broiler or fryers, breast, skinless, boneless, meat only, raw",22.5,2.62,0,,,,,Poultry Products,broiler/fryer 指美国 USDA 肉鸡分类，中文统一译为“肉鸡”。
sr_legacy_171078,sr_legacy,171078,肉鸡胸肉，仅肉，熟，油炸,"Chicken, broilers or fryers, breast, meat only, cooked, fried",33.44,4.71,0.51,,,,,Poultry Products,broiler/fryer 指美国 USDA 肉鸡分类，中文统一译为“肉鸡”。
sr_legacy_171079,sr_legacy,171079,乳鸽，仅肉，生,"Squab, (pigeon), meat only, raw",17.5,7.5,0,,,,,Poultry Products,squab 指乳鸽。
sr_legacy_171080,sr_legacy,171080,乳鸽，去皮浅色肉，生,"Squab, (pigeon), light meat without skin, raw",21.76,4.52,0,,,,,Poultry Products,squab 指乳鸽。
sr_legacy_171081,sr_legacy,171081,火鸡，整只，带皮肉，生,"Turkey, whole, meat and skin, raw",21.64,5.64,0.14,,,,,Poultry Products,
sr_legacy_171082,sr_legacy,171082,整只火鸡皮（浅色和深色部位），烤制,"Turkey, whole, skin (light and dark), roasted",23.94,39.31,0.57,,,,,Poultry Products,
sr_legacy_171083,sr_legacy,171083,火鸡，整只，内脏杂碎，生,"Turkey, whole, giblets, raw",18.18,5.09,0.07,,,,,Poultry Products,
sr_legacy_171084,sr_legacy,171084,火鸡，整只，内脏杂碎，熟，小火煮,"Turkey, whole, giblets, cooked, simmered",26.44,6.61,0,,,,,Poultry Products,
sr_legacy_171085,sr_legacy,171085,火鸡胗，各类别，生,"Turkey, gizzard, all classes, raw",18.8,3.37,0,,,,,Poultry Products,
sr_legacy_171086,sr_legacy,171086,火鸡，整只，颈部，仅肉，生,"Turkey, whole, neck, meat only, raw",16.51,6.04,0,,,,,Poultry Products,
sr_legacy_171087,sr_legacy,171087,火鸡，整只，颈部，仅肉，熟，小火煮,"Turkey, whole, neck, meat only, cooked, simmered",22.48,7.36,0,,,,,Poultry Products,
sr_legacy_171088,sr_legacy,171088,火鸡，整只，浅色肉，带皮肉，生,"Turkey, whole, light meat, meat and skin, raw",21.96,7.43,0.15,,,,,Poultry Products,
sr_legacy_171089,sr_legacy,171089,火鸡，整只，浅色肉，带皮肉，熟，烤制,"Turkey, whole, light meat, meat and skin, cooked, roasted",29.55,5.57,0.05,,,,,Poultry Products,
sr_legacy_171090,sr_legacy,171090,火鸡，整只，深色肉，仅肉，生,"Turkey, whole, dark meat, meat only, raw",21.28,2.5,0.15,,,,,Poultry Products,
sr_legacy_171091,sr_legacy,171091,火鸡，整只，深色肉，熟，烤制,"Turkey, whole, dark meat, cooked, roasted",27.71,6.04,0,,,,,Poultry Products,
sr_legacy_171092,sr_legacy,171092,火鸡，各类别，背部，带皮肉，熟，烤制,"Turkey, all classes, back, meat and skin, cooked, roasted",26.59,14.38,0.16,,,,,Poultry Products,
sr_legacy_171093,sr_legacy,171093,火鸡，各类别，胸肉，带皮肉，生,"Turkey, all classes, breast, meat and skin, raw",21.89,7.02,0,,,,,Poultry Products,
sr_legacy_171094,sr_legacy,171094,火鸡，各类别，翅，带皮肉，熟，烤制,"Turkey, all classes, wing, meat and skin, cooked, roasted",27.38,12.43,0,,,,,Poultry Products,
sr_legacy_171095,sr_legacy,171095,火鸡，嫩烤火鸡，带皮肉，熟，烤制,"Turkey, fryer-roasters, meat and skin, cooked, roasted",28.26,5.72,0,,,,,Poultry Products,fryer-roasters 指适合油炸或烤制的嫩火鸡分类。
sr_legacy_171096,sr_legacy,171096,火鸡，整只，背部，仅肉，生,"Turkey, whole, back, meat only, raw",21.28,2.5,0.15,,,,,Poultry Products,
sr_legacy_171097,sr_legacy,171097,火鸡，整只，背部，仅肉，熟，烤制,"Turkey, whole, back, meat only, cooked, roasted",27.71,6.04,0,,,,,Poultry Products,
sr_legacy_171098,sr_legacy,171098,火鸡，整只，胸肉，仅肉，生,"Turkey, whole, breast, meat only, raw",23.66,1.48,0.14,,,,,Poultry Products,
sr_legacy_171099,sr_legacy,171099,鸡，罐装，仅肉，带汤汁,"Chicken, canned, meat only, with broth",21.77,7.95,0,,,,,Poultry Products,
sr_legacy_171100,sr_legacy,171100,鹅肝酱，罐装，烟熏,"Pate de foie gras, canned (goose liver pate), smoked",11.4,43.84,4.67,,,,,Poultry Products,Pate de foie gras 指鹅肝酱。
sr_legacy_171101,sr_legacy,171101,火鸡，罐装，仅肉，带汤汁,"Turkey, canned, meat only, with broth",23.68,6.86,1.47,,,,,Poultry Products,
sr_legacy_171102,sr_legacy,171102,火鸡，切丁，浅色肉和深色肉，调味,"Turkey, diced, light and dark meat, seasoned",18.7,6,1,,,,,Poultry Products,
sr_legacy_171103,sr_legacy,171103,火鸡肉条，裹粉挂浆，油炸,"Turkey sticks, breaded, battered, fried",14.2,16.9,17,,,,,Poultry Products,
sr_legacy_171104,sr_legacy,171104,机械去骨禽肉，来自带皮背部和颈部，生,"Poultry, mechanically deboned, from backs and necks with skin, raw",11.39,24.73,0,,,,,Poultry Products,mechanically deboned 指机械去骨肉。
sr_legacy_171105,sr_legacy,171105,机械去骨禽肉，来自去皮背部和颈部，生,"Poultry, mechanically deboned, from backs and necks without skin, raw",13.79,15.48,0,,,,,Poultry Products,mechanically deboned 指机械去骨肉。
sr_legacy_171106,sr_legacy,171106,机械去骨禽肉，来自成年母鸡，生,"Poultry, mechanically deboned, from mature hens, raw",14.72,19.98,0,,,,,Poultry Products,mechanically deboned 指机械去骨肉。
sr_legacy_171107,sr_legacy,171107,康沃尔童子鸡，带皮肉，熟，烤制,"Chicken, cornish game hens, meat and skin, cooked, roasted",22.27,18.21,0,,,,,Poultry Products,Cornish game hen 常译为康沃尔童子鸡。
sr_legacy_171108,sr_legacy,171108,康沃尔童子鸡，仅肉，生,"Chicken, cornish game hens, meat only, raw",20.04,3.33,0,,,,,Poultry Products,Cornish game hen 常译为康沃尔童子鸡。
sr_legacy_171109,sr_legacy,171109,康沃尔童子鸡，仅肉，熟，烤制,"Chicken, cornish game hens, meat only, cooked, roasted",23.3,3.87,0,,,,,Poultry Products,Cornish game hen 常译为康沃尔童子鸡。
sr_legacy_171110,sr_legacy,171110,鸡，罐装，不带汤汁,"Chicken, canned, no broth",25.3,8.1,0.9,,,,,Poultry Products,
sr_legacy_171111,sr_legacy,171111,鸡翅，冷冻，裹酱，烧烤味,"Chicken, wing, frozen, glazed, barbecue flavored",19.67,12.67,3.34,,,,,Poultry Products,
sr_legacy_171112,sr_legacy,171112,雏鸭，家养，白羽北京鸭，腿部，带皮肉，带骨，熟，烤制,"Duck, young duckling, domesticated, White Pekin, leg, meat and skin, bone in, cooked, roasted",26.75,11.4,0,,,,,Poultry Products,
sr_legacy_171113,sr_legacy,171113,雏鸭，家养，白羽北京鸭，腿部，仅肉，带骨，熟，去皮，焖炖,"Duck, young duckling, domesticated, White Pekin, leg, meat only, bone in, cooked without skin, braised",29.1,5.96,0,,,,,Poultry Products,
sr_legacy_171114,sr_legacy,171114,肉鸡，旋转烤，BBQ，小腿，仅肉,"Chicken, broiler, rotisserie, BBQ, drumstick, meat only",27.71,6.76,0,,,,,Poultry Products,broiler/fryer 指美国 USDA 肉鸡分类，中文统一译为“肉鸡”。；rotisserie 指旋转烤制。
sr_legacy_171115,sr_legacy,171115,鸡翅，冷冻，裹酱，烧烤味，常规烤箱加热,"Chicken, wing, frozen, glazed, barbecue flavored, heated (conventional oven)",22.24,14.87,3.36,,,,,Poultry Products,
sr_legacy_171116,sr_legacy,171116,鸡，肉末，生,"Chicken, ground, raw",17.44,8.1,0.04,,,,,Poultry Products,
sr_legacy_171117,sr_legacy,171117,鸡，肉末，碎肉粒，熟，煎炒至上色,"Chicken, ground, crumbles, cooked, pan-browned",23.28,10.92,0,,,,,Poultry Products,
sr_legacy_171118,sr_legacy,171118,肉鸡，旋转烤，BBQ，大腿，仅肉,"Chicken, broiler, rotisserie, BBQ, thigh, meat only",24.09,10.74,0,,,,,Poultry Products,broiler/fryer 指美国 USDA 肉鸡分类，中文统一译为“肉鸡”。；rotisserie 指旋转烤制。
sr_legacy_171119,sr_legacy,171119,鸡爪，水煮,"Chicken, feet, boiled",19.4,14.6,0.2,,,,,Poultry Products,
sr_legacy_171120,sr_legacy,171120,肉鸡，旋转烤，原味调味，大腿，仅肉，熟,"Chicken, broilers or fryers, rotisserie, original seasoning, thigh, meat only, cooked",24.06,11.09,0,,,,,Poultry Products,broiler/fryer 指美国 USDA 肉鸡分类，中文统一译为“肉鸡”。；rotisserie 指旋转烤制。
sr_legacy_171121,sr_legacy,171121,肉鸡，旋转烤，原味调味，翅，仅肉，熟,"Chicken, broilers or fryers, rotisserie, original seasoning, wing, meat only, cooked",27.69,9.53,0,,,,,Poultry Products,broiler/fryer 指美国 USDA 肉鸡分类，中文统一译为“肉鸡”。；rotisserie 指旋转烤制。
sr_legacy_171122,sr_legacy,171122,肉鸡，旋转烤，原味调味，背部，带皮肉，熟,"Chicken, broilers or fryers, rotisserie, original seasoning, back, meat and skin, cooked",23.23,18.59,0.03,,,,,Poultry Products,broiler/fryer 指美国 USDA 肉鸡分类，中文统一译为“肉鸡”。；rotisserie 指旋转烤制。
sr_legacy_171123,sr_legacy,171123,肉鸡，旋转烤，原味调味，胸肉，带皮肉，熟,"Chicken, broilers or fryers, rotisserie, original seasoning, breast, meat and skin, cooked",27.48,8.18,0.02,,,,,Poultry Products,broiler/fryer 指美国 USDA 肉鸡分类，中文统一译为“肉鸡”。；rotisserie 指旋转烤制。
sr_legacy_171124,sr_legacy,171124,肉鸡，旋转烤，BBQ，背部，带皮肉,"Chicken, broiler, rotisserie, BBQ, back, meat and skin",20.29,18.86,0.4,,,,,Poultry Products,broiler/fryer 指美国 USDA 肉鸡分类，中文统一译为“肉鸡”。；rotisserie 指旋转烤制。
sr_legacy_171125,sr_legacy,171125,肉鸡，旋转烤，BBQ，胸肉，带皮肉,"Chicken, broiler, rotisserie, BBQ, breast, meat and skin",26.37,7.67,0.09,,,,,Poultry Products,broiler/fryer 指美国 USDA 肉鸡分类，中文统一译为“肉鸡”。；rotisserie 指旋转烤制。
sr_legacy_171126,sr_legacy,171126,肉鸡，旋转烤，BBQ，小腿，带皮肉,"Chicken, broiler, rotisserie, BBQ, drumstick, meat and skin",25.65,11.46,0.12,,,,,Poultry Products,broiler/fryer 指美国 USDA 肉鸡分类，中文统一译为“肉鸡”。；rotisserie 指旋转烤制。
sr_legacy_171127,sr_legacy,171127,肉鸡，旋转烤，BBQ，大腿，带皮肉,"Chicken, broiler, rotisserie, BBQ, thigh, meat and skin",22.51,15.08,0.12,,,,,Poultry Products,broiler/fryer 指美国 USDA 肉鸡分类，中文统一译为“肉鸡”。；rotisserie 指旋转烤制。
sr_legacy_171128,sr_legacy,171128,火鸡小腿，整只取部位，仅肉，添加保水液，烤制,"Turkey, drumstick, from whole bird, meat only, with added solution, roasted",26.1,6,0,,,,,Poultry Products,with added solution 指添加盐水/保水液的产品。
sr_legacy_171129,sr_legacy,171129,火鸡大腿，整只取部位，仅肉，添加保水液，生,"Turkey, thigh, from whole bird, meat only, with added solution, raw",19.27,4.12,0.15,,,,,Poultry Products,with added solution 指添加盐水/保水液的产品。
sr_legacy_171130,sr_legacy,171130,火鸡，零售分割部位，胸肉，带皮肉，添加保水液，生,"Turkey, retail parts, breast, meat and skin, with added solution, raw",20.79,6.75,0.03,,,,,Poultry Products,with added solution 指添加盐水/保水液的产品。
sr_legacy_171131,sr_legacy,171131,火鸡大腿，整只取部位，仅肉，添加保水液，烤制,"Turkey, thigh, from whole bird, meat only, with added solution, roasted",26.1,6,0,,,,,Poultry Products,with added solution 指添加盐水/保水液的产品。
sr_legacy_171132,sr_legacy,171132,火鸡，零售分割部位，翅，带皮肉，生,"Turkey, retail parts, wing, meat and skin, raw",19.53,13.79,0.05,,,,,Poultry Products,
sr_legacy_171133,sr_legacy,171133,火鸡，零售分割部位，翅，带皮肉，熟，烤制,"Turkey, retail parts, wing, meat and skin, cooked, roasted",28.74,13.29,0.13,,,,,Poultry Products,
sr_legacy_171134,sr_legacy,171134,火鸡，零售分割部位，小腿，带皮肉，生,"Turkey, retail parts, drumstick, meat and skin, raw",19.96,6.84,0,,,,,Poultry Products,
sr_legacy_171135,sr_legacy,171135,火鸡，零售分割部位，小腿，带皮肉，熟，烤制,"Turkey, retail parts, drumstick, meat and skin, cooked, roasted",28.21,9.37,0,,,,,Poultry Products,
sr_legacy_171136,sr_legacy,171136,火鸡小腿，整只取部位，仅肉，生,"Turkey, drumstick, from whole bird, meat only, raw",23.66,1.48,0.14,,,,,Poultry Products,
sr_legacy_171137,sr_legacy,171137,火鸡，零售分割部位，大腿，带皮肉，熟，烤制,"Turkey, retail parts, thigh, meat and skin, cooked, roasted",23.95,9.5,0.41,,,,,Poultry Products,
sr_legacy_171138,sr_legacy,171138,火鸡背部，整只取部位，带皮肉，添加保水液，生,"Turkey, back, from whole bird, meat and skin, with added solution, raw",16.86,15.41,0.15,,,,,Poultry Products,with added solution 指添加盐水/保水液的产品。
sr_legacy_171139,sr_legacy,171139,火鸡背部，整只取部位，带皮肉，添加保水液，烤制,"Turkey, back, from whole bird, meat and skin, with added solution, roasted",25.8,11.36,0,,,,,Poultry Products,with added solution 指添加盐水/保水液的产品。
sr_legacy_171140,sr_legacy,171140,肉鸡胸肉，去皮，去骨，仅肉，熟，焖炖,"Chicken, broiler or fryers, breast, skinless, boneless, meat only, cooked, braised",32.06,3.24,0,,,,,Poultry Products,broiler/fryer 指美国 USDA 肉鸡分类，中文统一译为“肉鸡”。
sr_legacy_171193,sr_legacy,171193,牛肩短肋，无骨，仅瘦肉，去除外部脂肪，Select级，生,"Beef, chuck, short ribs, boneless, separable lean only, trimmed to 0"" fat, select, raw",20.14,8.99,0,,,,,Beef Products,
sr_legacy_171194,sr_legacy,171194,牛肩眼乡村式肋条，无骨，仅瘦肉，去除外部脂肪，Select级，生,"Beef, chuck eye Country-Style ribs, boneless, separable lean only, trimmed to 0"" fat, select, raw",21.1,5.89,0,,,,,Beef Products,
sr_legacy_171195,sr_legacy,171195,牛肩眼乡村式肋条，无骨，仅瘦肉，去除外部脂肪，所有等级，生,"Beef, chuck eye Country-Style ribs, boneless, separable lean only, trimmed to 0"" fat, all grades, raw",20.96,6.95,0,,,,,Beef Products,
sr_legacy_171196,sr_legacy,171196,牛肩眼牛排，无骨，仅瘦肉，去除外部脂肪，Choice级，熟，烤架烤制,"Beef, chuck eye steak, boneless, separable lean only, trimmed to 0"" fat, choice, cooked, grilled",27.97,11.47,0,,,,,Beef Products,
sr_legacy_171197,sr_legacy,171197,牛肩眼牛排，无骨，仅瘦肉，去除外部脂肪，Select级，熟，烤架烤制,"Beef, chuck eye steak, boneless, separable lean only, trimmed to 0"" fat, select, cooked, grilled",27.88,9.77,0,,,,,Beef Products,
sr_legacy_171198,sr_legacy,171198,牛肩肉锅烤块，无骨，仅可分离瘦肉，去除外部脂肪，Choice级，熟，炖煮,"Beef, shoulder pot roast, boneless, separable lean only, trimmed to 0"" fat, choice, cooked, braised",31.32,8.3,0.0,,,,,Beef Products,
sr_legacy_171199,sr_legacy,171199,牛肩肉锅烤块，无骨，仅可分离瘦肉，去除外部脂肪，Select级，熟，炖煮,"Beef, shoulder pot roast, boneless, separable lean only, trimmed to 0"" fat, select, cooked, braised",31.71,7.02,0.0,,,,,Beef Products,
sr_legacy_171200,sr_legacy,171200,牛肩肉锅烤块，无骨，仅可分离瘦肉，去除外部脂肪，各等级，熟，炖煮,"Beef, shoulder pot roast, boneless, separable lean only, trimmed to 0"" fat, all grades, cooked, braised",31.48,7.78,0.0,,,,,Beef Products,
sr_legacy_171201,sr_legacy,171201,牛肩小嫩肉牛排（mock tender），无骨，仅瘦肉，去除外部脂肪，Choice级，熟，炖煮,"Beef, chuck, mock tender steak, boneless, separable lean only, trimmed to 0"" fat, choice, cooked, braised",33.55,6.94,0,,,,,Beef Products,mock tender 为美国牛肩部切法，中文按“牛肩小嫩肉”处理
sr_legacy_171202,sr_legacy,171202,牛肩小嫩肉牛排（mock tender），无骨，仅瘦肉，去除外部脂肪，所有等级，生,"Beef, chuck, mock tender steak, boneless, separable lean only, trimmed to 0"" fat, all grades, raw",21.3,4.17,0,,,,,Beef Products,mock tender 为美国牛肩部切法，中文按“牛肩小嫩肉”处理
sr_legacy_171203,sr_legacy,171203,炖牛肩肉，可分离瘦肉和脂肪，所有等级，熟，炖煮,"Beef, chuck for stew, separable lean and fat, all grades, cooked, braised",32.41,6.82,0,,,,,Beef Products,
sr_legacy_171204,sr_legacy,171204,炖牛肩肉，可分离瘦肉和脂肪，Select级，熟，炖煮,"Beef, chuck for stew, separable lean and fat, select, cooked, braised",32.29,6.34,0,,,,,Beef Products,
sr_legacy_171205,sr_legacy,171205,炖牛肩肉，可分离瘦肉和脂肪，Choice级，熟，炖煮,"Beef, chuck for stew, separable lean and fat, choice, cooked, braised",32.49,7.14,0,,,,,Beef Products,
sr_legacy_171206,sr_legacy,171206,炖牛肩肉，可分离瘦肉和脂肪，所有等级，生,"Beef, chuck for stew, separable lean and fat, all grades, raw",21.75,4.48,0.16,,,,,Beef Products,
sr_legacy_171207,sr_legacy,171207,牛肩下板腱牛排，无骨，仅瘦肉，去除外部脂肪，所有等级，熟，炖煮,"Beef, chuck, under blade steak, boneless, separable lean only, trimmed to 0"" fat, all grades, cooked, braised",31.35,10.41,0,,,,,Beef Products,
sr_legacy_171208,sr_legacy,171208,牛肩下板腱锅烤肉，无骨，可分离瘦肉和脂肪，去除外部脂肪，所有等级，熟，炖煮,"Beef, chuck, under blade pot roast, boneless, separable lean and fat, trimmed to 0"" fat, all grades, cooked, braised",26.7,20.49,0,,,,,Beef Products,
sr_legacy_171209,sr_legacy,171209,牛肋眼牛排，去骨，带边肉，仅可分离瘦肉，外部脂肪修整至1/8英寸，各等级，熟，煎烤,"Beef, rib eye steak, boneless, lip-on, separable lean only, trimmed to 1/8"" fat, all grades, cooked, grilled",27.97,10.57,0.0,,,,,Beef Products,lip-on/lip off 按带边肉/去边肉处理
sr_legacy_171210,sr_legacy,171210,牛肋眼烤块，带骨，带边肉，仅可分离瘦肉，外部脂肪修整至1/8英寸，Choice 等级，熟，烤制,"Beef, rib eye roast, bone-in, lip-on, separable lean only, trimmed to 1/8"" fat, choice, cooked, roasted",27.18,14.55,0.0,,,,,Beef Products,lip-on/lip off 按带边肉/去边肉处理
sr_legacy_171211,sr_legacy,171211,牛肩下板腱中心牛排（Denver Cut），无骨，可分离瘦肉和脂肪，去除外部脂肪，Choice级，熟，烤架烤制,"Beef, chuck, under blade center steak, boneless, Denver Cut, separable lean and fat, trimmed to 0"" fat, choice, cooked, grilled",26.1,14.41,0.4,,,,,Beef Products,保留 Denver Cut 英文切法名，方便搜索和核对
sr_legacy_171212,sr_legacy,171212,牛肩下板腱中心牛排（Denver Cut），无骨，可分离瘦肉和脂肪，去除外部脂肪，Select级，熟，烤架烤制,"Beef, chuck, under blade center steak, boneless, Denver Cut, separable lean and fat, trimmed to 0"" fat, select, cooked, grilled",26.3,12.25,0,,,,,Beef Products,保留 Denver Cut 英文切法名，方便搜索和核对
sr_legacy_171213,sr_legacy,171213,牛肩下板腱中心牛排（Denver Cut），无骨，可分离瘦肉和脂肪，去除外部脂肪，所有等级，生,"Beef, chuck, under blade center steak, boneless, Denver Cut, separable lean and fat, trimmed to 0"" fat, all grades, raw",18.99,11.64,0.36,,,,,Beef Products,保留 Denver Cut 英文切法名，方便搜索和核对
sr_legacy_171214,sr_legacy,171214,牛肩下板腱中心牛排（Denver Cut），无骨，可分离瘦肉和脂肪，去除外部脂肪，Choice级，生,"Beef, chuck, under blade center steak, boneless, Denver Cut, separable lean and fat, trimmed to 0"" fat, choice, raw",18.85,12.4,0.53,,,,,Beef Products,保留 Denver Cut 英文切法名，方便搜索和核对
sr_legacy_171215,sr_legacy,171215,牛肩眼烤肉（America's Beef Roast），无骨，可分离瘦肉和脂肪，去除外部脂肪，Choice级，熟，烤制,"Beef, chuck eye roast, boneless, America's Beef Roast, separable lean and fat, trimmed to 0"" fat, choice, cooked, roasted",24.47,15.87,0,,,,,Beef Products,保留 America's Beef Roast 英文切法名，方便搜索和核对
sr_legacy_171216,sr_legacy,171216,牛肩眼烤肉（America's Beef Roast），无骨，可分离瘦肉和脂肪，去除外部脂肪，Select级，熟，烤制,"Beef, chuck eye roast, boneless, America's Beef Roast, separable lean and fat, trimmed to 0"" fat, select, cooked, roasted",24.86,14.41,0,,,,,Beef Products,保留 America's Beef Roast 英文切法名，方便搜索和核对
sr_legacy_171217,sr_legacy,171217,牛肩下板腱牛排，无骨，可分离瘦肉和脂肪，去除外部脂肪，所有等级，熟，炖煮,"Beef, chuck, under blade steak, boneless, separable lean and fat, trimmed to 0"" fat, all grades, cooked, braised",28.23,18,0,,,,,Beef Products,
sr_legacy_171218,sr_legacy,171218,牛肩下板腱牛排，无骨，可分离瘦肉和脂肪，去除外部脂肪，Choice级，熟，炖煮,"Beef, chuck, under blade steak, boneless, separable lean and fat, trimmed to 0"" fat, choice, cooked, braised",27.6,19.3,0,,,,,Beef Products,
sr_legacy_171219,sr_legacy,171219,牛肩下板腱牛排，无骨，可分离瘦肉和脂肪，去除外部脂肪，Select级，熟，炖煮,"Beef, chuck, under blade steak, boneless, separable lean and fat, trimmed to 0"" fat, select, cooked, braised",29.18,16.05,0,,,,,Beef Products,
sr_legacy_171220,sr_legacy,171220,牛肩小嫩肉牛排（mock tender），无骨，可分离瘦肉和脂肪，去除外部脂肪，Choice级，生,"Beef, chuck, mock tender steak, boneless, separable lean and fat, trimmed to 0"" fat, choice, raw",21.19,5.18,0,,,,,Beef Products,mock tender 为美国牛肩部切法，中文按“牛肩小嫩肉”处理
sr_legacy_171221,sr_legacy,171221,牛肩小嫩肉牛排（mock tender），无骨，可分离瘦肉和脂肪，去除外部脂肪，Select级，生,"Beef, chuck, mock tender steak, boneless, separable lean and fat, trimmed to 0"" fat, select, raw",21.05,4.2,0,,,,,Beef Products,mock tender 为美国牛肩部切法，中文按“牛肩小嫩肉”处理
sr_legacy_171222,sr_legacy,171222,牛肩短肋，无骨，可分离瘦肉和脂肪，去除外部脂肪，所有等级，熟，炖煮,"Beef, chuck, short ribs, boneless, separable lean and fat, trimmed to 0"" fat, all grades, cooked, braised",25.48,22.58,0,,,,,Beef Products,
sr_legacy_171223,sr_legacy,171223,牛肩短肋，无骨，可分离瘦肉和脂肪，去除外部脂肪，Choice级，熟，炖煮,"Beef, chuck, short ribs, boneless, separable lean and fat, trimmed to 0"" fat, choice, cooked, braised",25.26,24.05,0,,,,,Beef Products,
sr_legacy_171224,sr_legacy,171224,牛肩肉锅烤块，无骨，可分离瘦肉和脂肪，去除外部脂肪，各等级，熟，炖煮,"Beef, shoulder pot roast, boneless, separable lean and fat, trimmed to 0"" fat, all grades, cooked, braised",31.03,8.92,0.0,,,,,Beef Products,
sr_legacy_171225,sr_legacy,171225,牛肩肉锅烤块，无骨，可分离瘦肉和脂肪，去除外部脂肪，Choice级，熟，炖煮,"Beef, shoulder pot roast, boneless, separable lean and fat, trimmed to 0"" fat, choice, cooked, braised",30.93,9.25,0.0,,,,,Beef Products,
sr_legacy_171226,sr_legacy,171226,牛肩肉锅烤块，无骨，可分离瘦肉和脂肪，去除外部脂肪，Select级，熟，炖煮,"Beef, shoulder pot roast, boneless, separable lean and fat, trimmed to 0"" fat, select, cooked, braised",31.18,8.41,0.0,,,,,Beef Products,
sr_legacy_171227,sr_legacy,171227,牛肩眼乡村式肋条，无骨，可分离瘦肉和脂肪，去除外部脂肪，所有等级，熟，炖煮,"Beef, chuck eye Country-Style ribs, boneless, separable lean and fat, trimmed to 0"" fat, all grades, cooked, braised",27.69,20.55,0,,,,,Beef Products,
sr_legacy_171228,sr_legacy,171228,牛肩眼牛排，无骨，可分离瘦肉和脂肪，去除外部脂肪，所有等级，熟，烤架烤制,"Beef, chuck eye steak, boneless, separable lean and fat, trimmed to 0"" fat, all grades, cooked, grilled",24.98,19.64,0,,,,,Beef Products,
sr_legacy_171229,sr_legacy,171229,牛肩眼牛排，无骨，可分离瘦肉和脂肪，去除外部脂肪，Choice级，熟，烤架烤制,"Beef, chuck eye steak, boneless, separable lean and fat, trimmed to 0"" fat, choice, cooked, grilled",24.95,20.35,0,,,,,Beef Products,
sr_legacy_171230,sr_legacy,171230,牛肩眼牛排，无骨，可分离瘦肉和脂肪，去除外部脂肪，Select级，熟，烤架烤制,"Beef, chuck eye steak, boneless, separable lean and fat, trimmed to 0"" fat, select, cooked, grilled",25.03,18.57,0,,,,,Beef Products,
sr_legacy_171231,sr_legacy,171231,牛肩眼牛排，无骨，可分离瘦肉和脂肪，去除外部脂肪，所有等级，生,"Beef, chuck eye steak, boneless, separable lean and fat, trimmed to 0"" fat, all grades, raw",18.86,16.35,0,,,,,Beef Products,
sr_legacy_171232,sr_legacy,171232,牛肋眼牛排，去骨，带边肉，仅可分离瘦肉，外部脂肪修整至1/8英寸，Choice 等级，熟，煎烤,"Beef, rib eye steak, boneless, lip-on, separable lean only, trimmed to 1/8"" fat, choice, cooked, grilled",27.3,11.97,0.0,,,,,Beef Products,lip-on/lip off 按带边肉/去边肉处理
sr_legacy_171233,sr_legacy,171233,牛肋眼牛排，去骨，带边肉，仅可分离瘦肉，外部脂肪修整至1/8英寸，Select 等级，熟，煎烤,"Beef, rib eye steak, boneless, lip-on, separable lean only, trimmed to 1/8"" fat, select, cooked, grilled",28.98,8.48,0.0,,,,,Beef Products,lip-on/lip off 按带边肉/去边肉处理
sr_legacy_171234,sr_legacy,171234,牛肋眼牛排/烤块，带骨，带边肉，仅可分离瘦肉，外部脂肪修整至1/8英寸，各等级，生,"Beef, rib eye steak/roast, bone-in, lip-on, separable lean only, trimmed to 1/8"" fat, all grades, raw",21.22,9.04,0.0,,,,,Beef Products,lip-on/lip off 按带边肉/去边肉处理
sr_legacy_171235,sr_legacy,171235,牛肋眼牛排/烤块，带骨，带边肉，仅可分离瘦肉，外部脂肪修整至1/8英寸，Choice 等级，生,"Beef, rib eye steak/roast, bone-in, lip-on, separable lean only, trimmed to 1/8"" fat, choice, raw",20.93,9.97,0.0,,,,,Beef Products,lip-on/lip off 按带边肉/去边肉处理
sr_legacy_171236,sr_legacy,171236,牛肋眼牛排，带骨，带边肉，仅可分离瘦肉，外部脂肪修整至1/8英寸，各等级，熟，煎烤,"Beef, rib eye steak, bone-in, lip-on, separable lean only, trimmed to 1/8"" fat, all grades, cooked, grilled",27.4,12.43,0.0,,,,,Beef Products,lip-on/lip off 按带边肉/去边肉处理
sr_legacy_171237,sr_legacy,171237,牛肋眼牛排，带骨，带边肉，仅可分离瘦肉，外部脂肪修整至1/8英寸，Choice 等级，熟，煎烤,"Beef, rib eye steak, bone-in, lip-on, separable lean only, trimmed to 1/8"" fat, choice, cooked, grilled",27.03,13.44,0.0,,,,,Beef Products,lip-on/lip off 按带边肉/去边肉处理
sr_legacy_171238,sr_legacy,171238,牛肋眼牛排，带骨，带边肉，仅可分离瘦肉，外部脂肪修整至1/8英寸，Select 等级，熟，煎烤,"Beef, rib eye steak, bone-in, lip-on, separable lean only, trimmed to 1/8"" fat, select, cooked, grilled",27.96,10.91,0.0,,,,,Beef Products,lip-on/lip off 按带边肉/去边肉处理
sr_legacy_171239,sr_legacy,171239,牛肋眼烤块，去骨，带边肉，仅可分离瘦肉，外部脂肪修整至1/8英寸，各等级，熟，烤制,"Beef, rib eye roast, boneless, lip-on, separable lean only, trimmed to 1/8"" fat, all grades, cooked, roasted",28.21,11.68,0.0,,,,,Beef Products,lip-on/lip off 按带边肉/去边肉处理
sr_legacy_171240,sr_legacy,171240,Gjetost 棕奶酪,"Cheese, gjetost",9.65,29.51,42.65,,,,,Dairy and Egg Products,挪威 Gjetost 奶酪，保留英文便于核对
sr_legacy_171241,sr_legacy,171241,高达奶酪,"Cheese, gouda",24.94,27.44,2.22,,,,,Dairy and Egg Products,
sr_legacy_171242,sr_legacy,171242,格鲁耶尔奶酪,"Cheese, gruyere",29.81,32.34,0.36,,,,,Dairy and Egg Products,
sr_legacy_171243,sr_legacy,171243,Limburger 奶酪,"Cheese, limburger",20.05,27.25,0.49,,,,,Dairy and Egg Products,保留英文便于核对
sr_legacy_171244,sr_legacy,171244,莫扎雷拉奶酪，低水分，部分脱脂,"Cheese, mozzarella, low moisture, part-skim",23.75,19.78,5.58,,,,,Dairy and Egg Products,
sr_legacy_171245,sr_legacy,171245,Muenster 奶酪,"Cheese, muenster",23.41,30.04,1.12,,,,,Dairy and Egg Products,Muenster 奶酪，保留英文便于核对
sr_legacy_171246,sr_legacy,171246,Neufchâtel 奶酪,"Cheese, neufchatel",9.15,22.78,3.59,,,,,Dairy and Egg Products,Neufchâtel 常译纽沙泰尔奶酪
sr_legacy_171247,sr_legacy,171247,帕玛森奶酪，磨碎,"Cheese, parmesan, grated",28.42,27.84,13.91,,,,,Dairy and Egg Products,
sr_legacy_171248,sr_legacy,171248,瑞可塔奶酪，部分脱脂奶制,"Cheese, ricotta, part skim milk",11.39,7.91,5.14,,,,,Dairy and Egg Products,
sr_legacy_171249,sr_legacy,171249,Romano 奶酪,"Cheese, romano",31.8,26.94,3.63,,,,,Dairy and Egg Products,Romano 常译罗马诺奶酪
sr_legacy_171250,sr_legacy,171250,洛克福蓝纹奶酪,"Cheese, roquefort",21.54,30.64,2.0,,,,,Dairy and Egg Products,
sr_legacy_171251,sr_legacy,171251,瑞士奶酪,"Cheese, swiss",26.96,30.99,1.44,,,,,Dairy and Egg Products,
sr_legacy_171252,sr_legacy,171252,美式再制奶酪食品，强化维生素D,"Cheese food, pasteurized process, American, vitamin D fortified",16.86,25.63,8.56,,,,,Dairy and Egg Products,Pasteurized process cheese food 为巴氏杀菌再制奶酪食品
sr_legacy_171253,sr_legacy,171253,瑞士风味再制奶酪食品,"Cheese food, pasteurized process, swiss",21.92,24.14,4.5,,,,,Dairy and Egg Products,
sr_legacy_171254,sr_legacy,171254,美式再制奶酪抹酱,"Cheese spread, pasteurized process, American",16.41,21.23,8.73,,,,,Dairy and Egg Products,
sr_legacy_171255,sr_legacy,171255,Half and Half 淡奶油，液态,"Cream, fluid, half and half",3.13,11.5,4.3,,,,,Dairy and Egg Products,Half and Half 为半乳半奶油，保留英文便于搜索
sr_legacy_171256,sr_legacy,171256,酸奶油，减脂，发酵,"Cream, sour, reduced fat, cultured",2.94,12.0,4.26,,,,,Dairy and Egg Products,
sr_legacy_171257,sr_legacy,171257,酸奶油，发酵,"Cream, sour, cultured",2.44,19.35,4.63,,,,,Dairy and Egg Products,
sr_legacy_171258,sr_legacy,171258,蛋奶酒（Eggnog）,Eggnog,4.55,4.19,8.05,,,,,Dairy and Egg Products,Eggnog 常见中文为蛋奶酒，实际可含酒或不含酒版本
sr_legacy_171259,sr_legacy,171259,酸味调味酱，非乳脂，发酵，填充奶油型,"Sour dressing, non-butterfat, cultured, filled cream-type",3.25,16.57,4.68,,,,,Dairy and Egg Products,Sour dressing 类似酸奶油替代调味酱
sr_legacy_171260,sr_legacy,171260,CHOBANI 希腊酸奶，2%脂肪，椰子味,"Yogurt, Greek, 2%fat, coconut blend, CHOBANI",8.11,1.71,11.04,,,,,Dairy and Egg Products,保留品牌 CHOBANI
sr_legacy_171261,sr_legacy,171261,奶油替代品，液态，含氢化植物油和大豆蛋白,"Cream substitute, liquid, with hydrogenated vegetable oil and soy protein",1.0,9.97,11.38,,,,,Dairy and Egg Products,
sr_legacy_171262,sr_legacy,171262,奶油替代品，液态，含月桂酸油和酪蛋白酸钠,"Cream substitute, liquid, with lauric acid oil and sodium caseinate",1.0,9.97,11.38,,,,,Dairy and Egg Products,
sr_legacy_171263,sr_legacy,171263,奶油替代品，粉末,"Cream substitute, powdered",2.48,32.92,59.29,,,,,Dairy and Egg Products,
sr_legacy_171264,sr_legacy,171264,液态牛奶替代品，含月桂酸油,"Milk substitutes, fluid, with lauric acid oil",1.75,3.41,6.16,,,,,Dairy and Egg Products,
sr_legacy_171265,sr_legacy,171265,全脂牛奶，3.25%乳脂，添加维生素D,"Milk, whole, 3.25% milkfat, with added vitamin D",3.15,3.25,4.8,,,,,Dairy and Egg Products,
sr_legacy_171266,sr_legacy,171266,生产者牛奶，液态，3.7%乳脂,"Milk, producer, fluid, 3.7% milkfat",3.28,3.66,4.65,,,,,Dairy and Egg Products,Producer milk 指生产端原料乳/生产者牛奶
sr_legacy_171267,sr_legacy,171267,减脂牛奶，液态，2%乳脂，添加维生素A和D,"Milk, reduced fat, fluid, 2% milkfat, with added vitamin A and vitamin D",3.3,1.98,4.8,,,,,Dairy and Egg Products,
sr_legacy_171268,sr_legacy,171268,低脂牛奶，液态，1%乳脂，强化蛋白，添加维生素A和D,"Milk, lowfat, fluid, 1% milkfat, protein fortified, with added vitamin A and vitamin D",3.93,1.17,5.52,,,,,Dairy and Egg Products,
sr_legacy_171269,sr_legacy,171269,脱脂牛奶，液态，添加维生素A和D,"Milk, nonfat, fluid, with added vitamin A and vitamin D (fat free or skim)",3.37,0.08,4.96,,,,,Dairy and Egg Products,
sr_legacy_171270,sr_legacy,171270,脱脂牛奶，液态，添加脱脂乳固体、维生素A和D,"Milk, nonfat, fluid, with added nonfat milk solids, vitamin A and vitamin D (fat free or skim)",3.57,0.25,5.02,,,,,Dairy and Egg Products,
sr_legacy_171271,sr_legacy,171271,脱脂牛奶，液态，强化蛋白，添加维生素A和D,"Milk, nonfat, fluid, protein fortified, with added vitamin A and vitamin D (fat free and skim)",3.96,0.25,5.56,,,,,Dairy and Egg Products,
sr_legacy_171272,sr_legacy,171272,速溶脱脂奶粉，添加维生素A和D,"Milk, dry, nonfat, instant, with added vitamin A and vitamin D",35.1,0.72,52.19,,,,,Dairy and Egg Products,
sr_legacy_171273,sr_legacy,171273,脱脂奶粉，低钙,"Milk, dry, nonfat, calcium reduced",35.5,0.2,51.8,,,,,Dairy and Egg Products,
sr_legacy_171274,sr_legacy,171274,酪乳，干制,"Milk, buttermilk, dried",34.3,5.78,49.0,,,,,Dairy and Egg Products,
sr_legacy_171276,sr_legacy,171276,淡炼乳罐头，添加维生素D，未添加维生素A,"Milk, canned, evaporated, with added vitamin D and without added vitamin A",6.81,7.56,10.04,,,,,Dairy and Egg Products,
sr_legacy_171278,sr_legacy,171278,山羊奶，液态，添加维生素D,"Milk, goat, fluid, with added vitamin D",3.56,4.14,4.45,,,,,Dairy and Egg Products,
sr_legacy_171279,sr_legacy,171279,人乳，成熟乳，液态,"Milk, human, mature, fluid",1.03,4.38,6.89,,,,,Dairy and Egg Products,
sr_legacy_171280,sr_legacy,171280,水牛奶，液态,"Milk, indian buffalo, fluid",3.75,6.89,5.18,,,,,Dairy and Egg Products,
sr_legacy_171281,sr_legacy,171281,酸乳清，干制,"Whey, acid, dried",11.73,0.54,73.45,,,,,Dairy and Egg Products,
sr_legacy_171282,sr_legacy,171282,甜乳清，液态,"Whey, sweet, fluid",0.85,0.36,5.14,,,,,Dairy and Egg Products,
sr_legacy_171283,sr_legacy,171283,甜乳清，干制,"Whey, sweet, dried",12.93,1.07,74.46,,,,,Dairy and Egg Products,
sr_legacy_171284,sr_legacy,171284,原味酸奶，全脂奶制,"Yogurt, plain, whole milk",3.47,3.25,4.66,,,,,Dairy and Egg Products,
sr_legacy_171285,sr_legacy,171285,水果味酸奶，低脂，每8盎司含10克蛋白质,"Yogurt, fruit, low fat, 10 grams protein per 8 ounce",4.37,1.08,19.05,,,,,Dairy and Egg Products,
sr_legacy_171286,sr_legacy,171286,水果味酸奶，低脂，每8盎司含11克蛋白质,"Yogurt, fruit, low fat, 11g protein/8 oz",4.86,1.41,18.6,,,,,Dairy and Egg Products,
sr_legacy_171287,sr_legacy,171287,全蛋，新鲜，生,"Egg, whole, raw, fresh",12.56,9.51,0.72,,,,,Dairy and Egg Products,
sr_legacy_171288,sr_legacy,171288,墨西哥混合奶酪,"Cheese, Mexican blend",23.54,32.14,0.13,,,,,Dairy and Egg Products,
sr_legacy_171289,sr_legacy,171289,美式再制奶酪产品，强化维生素D,"Cheese product, pasteurized process, American, vitamin D fortified",16.09,23.06,8.85,,,,,Dairy and Egg Products,
sr_legacy_171290,sr_legacy,171290,美式再制奶酪，未添加维生素D,"Cheese, pasteurized process, American, without added vitamin D",18.13,31.79,3.7,,,,,Dairy and Egg Products,
sr_legacy_171291,sr_legacy,171291,美式再制奶酪食品，未添加维生素D,"Cheese food, pasteurized process, American, without added vitamin D",16.86,25.63,8.56,,,,,Dairy and Egg Products,
sr_legacy_171292,sr_legacy,171292,切达奶酪，减脂,"Cheese, cheddar, reduced fat (Includes foods for USDA's Food Distribution Program)",27.35,20.41,2.67,,,,,Dairy and Egg Products,
sr_legacy_171295,sr_legacy,171295,切达奶酪，无脂,"Cheese, cheddar, nonfat or fat free",32.14,0.0,7.14,,,,,Dairy and Egg Products,
sr_legacy_171296,sr_legacy,171296,CHOBANI 希腊酸奶，无脂，香草味,"Yogurt, Greek, nonfat, vanilla, CHOBANI",9.07,0.22,8.09,,,,,Dairy and Egg Products,保留品牌 CHOBANI
sr_legacy_171297,sr_legacy,171297,DANNON OIKOS 希腊酸奶，草莓味,"Yogurt, Greek, strawberry, DANNON OIKOS",8.25,2.92,11.67,,,,,Dairy and Egg Products,保留品牌 DANNON OIKOS
sr_legacy_171298,sr_legacy,171298,DANNON OIKOS 希腊酸奶，无脂，香草味,"Yogurt, Greek, nonfat, vanilla, DANNON OIKOS",8.12,0.14,12.72,,,,,Dairy and Egg Products,保留品牌 DANNON OIKOS
sr_legacy_171299,sr_legacy,171299,DANNON OIKOS 希腊酸奶，无脂，草莓味,"Yogurt, Greek, nonfat, strawberry, DANNON OIKOS",8.03,0.22,12.53,,,,,Dairy and Egg Products,保留品牌 DANNON OIKOS
sr_legacy_171300,sr_legacy,171300,希腊酸奶，草莓味，低脂,"Yogurt, Greek, strawberry, lowfat",8.17,2.57,12.29,,,,,Dairy and Egg Products,
sr_legacy_171301,sr_legacy,171301,LIFEWAY 低脂草莓味开菲尔,"Kefir, lowfat, strawberry, LIFEWAY",3.39,0.9,10.2,,,,,Dairy and Egg Products,保留品牌 LIFEWAY；Kefir 为开菲尔发酵乳
sr_legacy_171302,sr_legacy,171302,淡炼乳，2%脂肪，添加维生素A和D,"Milk, evaporated, 2% fat, with added vitamin A and vitamin D",6.67,2.0,15.74,,,,,Dairy and Egg Products,
sr_legacy_171304,sr_legacy,171304,希腊酸奶，原味，全脂奶制,"Yogurt, Greek, plain, whole milk",9.0,5.0,3.98,,,,,Dairy and Egg Products,
sr_legacy_171308,sr_legacy,171308,Half and Half 淡奶油，低脂,"Cream, half and half, lowfat",3.33,5.0,3.33,,,,,Dairy and Egg Products,
sr_legacy_171309,sr_legacy,171309,CHOBANI 希腊酸奶，全脂，原味,"Yogurt, Greek, whole, plain, CHOBANI",8.24,4.01,3.24,,,,,Dairy and Egg Products,保留品牌 CHOBANI
sr_legacy_171310,sr_legacy,171310,CHOBANI 希腊酸奶，无脂，柠檬味,"Yogurt, Greek, nonfat, lemon blend, CHOBANI",8.62,0.15,10.66,,,,,Dairy and Egg Products,保留品牌 CHOBANI
sr_legacy_171311,sr_legacy,171311,CHOBANI 希腊酸奶，无脂，桃子味,"Yogurt, Greek, nonfat, peach, CHOBANI",7.76,0.11,11.9,,,,,Dairy and Egg Products,保留品牌 CHOBANI
sr_legacy_171312,sr_legacy,171312,CHOBANI 希腊酸奶，无脂，原味,"Yogurt, Greek, nonfat, plain, CHOBANI",9.53,0.24,3.43,,,,,Dairy and Egg Products,保留品牌 CHOBANI
sr_legacy_171313,sr_legacy,171313,CHOBANI 希腊酸奶，无脂，覆盆子味,"Yogurt, Greek, nonfat, raspberry, CHOBANI",7.65,0.22,11.98,,,,,Dairy and Egg Products,保留品牌 CHOBANI
sr_legacy_171314,sr_legacy,171314,澄清黄油（Ghee）,"Butter, Clarified butter (ghee)",0.0,100.0,0.0,,,,,Dairy and Egg Products,Ghee 常译为酥油或澄清黄油
sr_legacy_171400,sr_legacy,171400,牛脂（牛油）,"Fat, beef tallow",0.0,100.0,0.0,,,,,Fats and Oils,
sr_legacy_171401,sr_legacy,171401,猪油,Lard,0.0,100.0,0.0,,,,,Fats and Oils,
sr_legacy_171409,sr_legacy,171409,三明治抹酱，含碎酸黄瓜，普通型，油种未注明,"Sandwich spread, with chopped pickle, regular, unspecified oils",0.9,34.0,22.4,,,,,Fats and Oils,
sr_legacy_171410,sr_legacy,171410,花生油，沙拉或烹调用,"Oil, peanut, salad or cooking",0.0,100.0,0.0,,,,,Fats and Oils,
sr_legacy_171411,sr_legacy,171411,大豆油，沙拉或烹调用,"Oil, soybean, salad or cooking",0.0,100.0,0.0,,,,,Fats and Oils,
sr_legacy_171412,sr_legacy,171412,椰子油,"Oil, coconut",0.0,99.06,0.0,,,,,Fats and Oils,
sr_legacy_171413,sr_legacy,171413,橄榄油，沙拉或烹调用,"Oil, olive, salad or cooking",0.0,100.0,0.0,,,,,Fats and Oils,
sr_legacy_171421,sr_legacy,171421,可可脂,"Oil, cocoa butter",0.0,100.0,0.0,,,,,Fats and Oils,
sr_legacy_171422,sr_legacy,171422,棕榈仁油,"Vegetable oil, palm kernel",0.0,100.0,0.0,,,,,Fats and Oils,
sr_legacy_171423,sr_legacy,171423,罂粟籽油,"Oil, poppyseed",0.0,100.0,0.0,,,,,Fats and Oils,
sr_legacy_171424,sr_legacy,171424,番茄籽油,"Oil, tomatoseed",0.0,100.0,0.0,,,,,Fats and Oils,
sr_legacy_171425,sr_legacy,171425,茶籽油,"Oil, teaseed",0.0,100.0,0.0,,,,,Fats and Oils,
sr_legacy_171426,sr_legacy,171426,大豆卵磷脂油,"Oil, soybean lecithin",0.0,100.0,0.0,,,,,Fats and Oils,
sr_legacy_171427,sr_legacy,171427,榛子油,"Oil, hazelnut",0.0,100.0,0.0,,,,,Fats and Oils,
sr_legacy_171428,sr_legacy,171428,Babassu 油,"Oil, babassu",0.0,100.0,0.0,,,,,Fats and Oils,少见植物油，保留英文便于核对
sr_legacy_171429,sr_legacy,171429,乳木果油,"Oil, sheanut",0.0,100.0,0.0,,,,,Fats and Oils,
sr_legacy_171430,sr_legacy,171430,PAM 原味烹饪喷雾油,"Oil, PAM cooking spray, original",0.26,78.69,20.69,,,,,Fats and Oils,品牌名保留英文
sr_legacy_171433,sr_legacy,171433,ENOVA 烹调/沙拉油，80% 二酰甘油,"Oil, cooking and salad, ENOVA, 80% diglycerides",0.0,100.0,0.0,,,,,Fats and Oils,品牌/产品名保留英文
sr_legacy_171442,sr_legacy,171442,亚麻籽油，添加亚麻籽片,"Oil, flaxseed, contains added sliced flaxseed",0.37,99.01,0.39,,,,,Fats and Oils,
sr_legacy_171445,sr_legacy,171445,肉鸡，旋转烤，BBQ，胸肉，仅肉,"Chicken, broiler, rotisserie, BBQ, breast, meat only",28.04,3.57,0,,,,,Poultry Products,broiler/fryer 指美国 USDA 肉鸡分类，中文统一译为“肉鸡”。；rotisserie 指旋转烤制。
sr_legacy_171446,sr_legacy,171446,肉鸡，带皮肉、内脏杂碎和颈部，炖制,"Chicken, broilers or fryers, meat and skin and giblets and neck, stewed",24.49,12.37,0.06,,,,,Poultry Products,broiler/fryer 指美国 USDA 肉鸡分类，中文统一译为“肉鸡”。
sr_legacy_171447,sr_legacy,171447,肉鸡，带皮肉，生,"Chicken, broilers or fryers, meat and skin, raw",18.6,15.06,0,,,,,Poultry Products,broiler/fryer 指美国 USDA 肉鸡分类，中文统一译为“肉鸡”。
sr_legacy_171448,sr_legacy,171448,肉鸡，带皮肉，熟，挂浆油炸,"Chicken, broilers or fryers, meat and skin, cooked, fried, batter",22.54,17.35,9.42,,,,,Poultry Products,broiler/fryer 指美国 USDA 肉鸡分类，中文统一译为“肉鸡”。
sr_legacy_171449,sr_legacy,171449,肉鸡，带皮肉，熟，裹粉油炸,"Chicken, broilers or fryers, meat and skin, cooked, fried, flour",28.56,14.92,3.15,,,,,Poultry Products,broiler/fryer 指美国 USDA 肉鸡分类，中文统一译为“肉鸡”。
sr_legacy_171450,sr_legacy,171450,肉鸡，带皮肉，熟，烤制,"Chicken, broilers or fryers, meat and skin, cooked, roasted",27.3,13.6,0,,,,,Poultry Products,broiler/fryer 指美国 USDA 肉鸡分类，中文统一译为“肉鸡”。
sr_legacy_171451,sr_legacy,171451,肉鸡，仅肉，熟，炖制,"Chicken, broilers or fryers, meat only, cooked, stewed",27.29,6.71,0,,,,,Poultry Products,broiler/fryer 指美国 USDA 肉鸡分类，中文统一译为“肉鸡”。
sr_legacy_171452,sr_legacy,171452,肉鸡皮，生,"Chicken, broilers or fryers, skin only, raw",13.33,32.35,0,,,,,Poultry Products,broiler/fryer 指美国 USDA 肉鸡分类，中文统一译为“肉鸡”。
sr_legacy_171453,sr_legacy,171453,肉鸡皮，熟，挂浆油炸,"Chicken, broilers or fryers, skin only, cooked, fried, batter",10.32,28.83,23.15,,,,,Poultry Products,broiler/fryer 指美国 USDA 肉鸡分类，中文统一译为“肉鸡”。
sr_legacy_171454,sr_legacy,171454,肉鸡皮，熟，裹粉油炸,"Chicken, broilers or fryers, skin only, cooked, fried, flour",19.09,42.58,9.34,,,,,Poultry Products,broiler/fryer 指美国 USDA 肉鸡分类，中文统一译为“肉鸡”。
sr_legacy_171455,sr_legacy,171455,肉鸡内脏杂碎，熟，小火煮,"Chicken, broilers or fryers, giblets, cooked, simmered",27.15,4.5,0,,,,,Poultry Products,broiler/fryer 指美国 USDA 肉鸡分类，中文统一译为“肉鸡”。
sr_legacy_171456,sr_legacy,171456,鸡胗，各类别，生,"Chicken, gizzard, all classes, raw",17.66,2.06,0,,,,,Poultry Products,
sr_legacy_171457,sr_legacy,171457,鸡胗，各类别，熟，小火煮,"Chicken, gizzard, all classes, cooked, simmered",30.39,2.68,0,,,,,Poultry Products,
sr_legacy_171458,sr_legacy,171458,鸡心，各类别，生,"Chicken, heart, all classes, raw",15.55,9.33,0.71,,,,,Poultry Products,
sr_legacy_171459,sr_legacy,171459,肉鸡，浅色肉，带皮肉，熟，挂浆油炸,"Chicken, broilers or fryers, light meat, meat and skin, cooked, fried, batter",23.55,15.44,9.5,,,,,Poultry Products,broiler/fryer 指美国 USDA 肉鸡分类，中文统一译为“肉鸡”。
sr_legacy_171460,sr_legacy,171460,肉鸡，浅色肉，带皮肉，熟，裹粉油炸,"Chicken, broilers or fryers, light meat, meat and skin, cooked, fried, flour",30.45,12.09,1.82,,,,,Poultry Products,broiler/fryer 指美国 USDA 肉鸡分类，中文统一译为“肉鸡”。
sr_legacy_171461,sr_legacy,171461,肉鸡，浅色肉，带皮肉，熟，烤制,"Chicken, broilers or fryers, light meat, meat and skin, cooked, roasted",29.02,10.85,0,,,,,Poultry Products,broiler/fryer 指美国 USDA 肉鸡分类，中文统一译为“肉鸡”。
sr_legacy_171462,sr_legacy,171462,肉鸡，浅色肉，带皮肉，熟，炖制,"Chicken, broilers or fryers, light meat, meat and skin, cooked, stewed",26.14,9.97,0,,,,,Poultry Products,broiler/fryer 指美国 USDA 肉鸡分类，中文统一译为“肉鸡”。
sr_legacy_171463,sr_legacy,171463,肉鸡，深色肉，带皮肉，生,"Chicken, broilers or fryers, dark meat, meat and skin, raw",16.69,18.34,0,,,,,Poultry Products,broiler/fryer 指美国 USDA 肉鸡分类，中文统一译为“肉鸡”。
sr_legacy_171464,sr_legacy,171464,肉鸡，浅色肉，仅肉，生,"Chicken, broilers or fryers, light meat, meat only, raw",23.2,1.65,0,,,,,Poultry Products,broiler/fryer 指美国 USDA 肉鸡分类，中文统一译为“肉鸡”。
sr_legacy_171465,sr_legacy,171465,肉鸡，浅色肉，仅肉，熟，油炸,"Chicken, broilers or fryers, light meat, meat only, cooked, fried",32.82,5.54,0.42,,,,,Poultry Products,broiler/fryer 指美国 USDA 肉鸡分类，中文统一译为“肉鸡”。
sr_legacy_171466,sr_legacy,171466,肉鸡，浅色肉，仅肉，熟，烤制,"Chicken, broilers or fryers, light meat, meat only, cooked, roasted",30.91,4.51,0,,,,,Poultry Products,broiler/fryer 指美国 USDA 肉鸡分类，中文统一译为“肉鸡”。
sr_legacy_171467,sr_legacy,171467,肉鸡，浅色肉，仅肉，熟，炖制,"Chicken, broilers or fryers, light meat, meat only, cooked, stewed",28.88,3.99,0,,,,,Poultry Products,broiler/fryer 指美国 USDA 肉鸡分类，中文统一译为“肉鸡”。
sr_legacy_171468,sr_legacy,171468,肉鸡，可分离脂肪，生,"Chicken, broilers or fryers, separable fat, raw",3.73,67.95,0,,,,,Poultry Products,broiler/fryer 指美国 USDA 肉鸡分类，中文统一译为“肉鸡”。
sr_legacy_171469,sr_legacy,171469,肉鸡背部，带皮肉，生,"Chicken, broilers or fryers, back, meat and skin, raw",14.05,28.74,0,,,,,Poultry Products,broiler/fryer 指美国 USDA 肉鸡分类，中文统一译为“肉鸡”。
sr_legacy_171470,sr_legacy,171470,肉鸡背部，带皮肉，熟，挂浆油炸,"Chicken, broilers or fryers, back, meat and skin, cooked, fried, batter",21.97,21.91,10.25,,,,,Poultry Products,broiler/fryer 指美国 USDA 肉鸡分类，中文统一译为“肉鸡”。
sr_legacy_171471,sr_legacy,171471,肉鸡背部，带皮肉，熟，裹粉油炸,"Chicken, broilers or fryers, back, meat and skin, cooked, fried, flour",27.79,20.74,6.5,,,,,Poultry Products,broiler/fryer 指美国 USDA 肉鸡分类，中文统一译为“肉鸡”。
sr_legacy_171472,sr_legacy,171472,肉鸡背部，仅肉，熟，烤制,"Chicken, broilers or fryers, back, meat only, cooked, roasted",28.19,13.16,0,,,,,Poultry Products,broiler/fryer 指美国 USDA 肉鸡分类，中文统一译为“肉鸡”。
sr_legacy_171473,sr_legacy,171473,肉鸡背部，仅肉，熟，炖制,"Chicken, broilers or fryers, back, meat only, cooked, stewed",25.31,11.19,0,,,,,Poultry Products,broiler/fryer 指美国 USDA 肉鸡分类，中文统一译为“肉鸡”。
sr_legacy_171474,sr_legacy,171474,肉鸡胸肉，带皮肉，生,"Chicken, broilers or fryers, breast, meat and skin, raw",20.85,9.25,0,,,,,Poultry Products,broiler/fryer 指美国 USDA 肉鸡分类，中文统一译为“肉鸡”。
sr_legacy_171475,sr_legacy,171475,肉鸡胸肉，带皮肉，熟，挂浆油炸,"Chicken, broilers or fryers, breast, meat and skin, cooked, fried, batter",24.84,13.2,8.99,,,,,Poultry Products,broiler/fryer 指美国 USDA 肉鸡分类，中文统一译为“肉鸡”。
sr_legacy_171476,sr_legacy,171476,肉鸡胸肉，带皮肉，熟，裹粉油炸,"Chicken, broilers or fryers, breast, meat and skin, cooked, fried, flour",31.84,8.87,1.64,,,,,Poultry Products,broiler/fryer 指美国 USDA 肉鸡分类，中文统一译为“肉鸡”。
sr_legacy_171477,sr_legacy,171477,肉鸡胸肉，仅肉，熟，烤制,"Chicken, broilers or fryers, breast, meat only, cooked, roasted",31.02,3.57,0,,,,,Poultry Products,broiler/fryer 指美国 USDA 肉鸡分类，中文统一译为“肉鸡”。
sr_legacy_171478,sr_legacy,171478,肉鸡胸肉，仅肉，熟，炖制,"Chicken, broilers or fryers, breast, meat only, cooked, stewed",28.98,3.03,0,,,,,Poultry Products,broiler/fryer 指美国 USDA 肉鸡分类，中文统一译为“肉鸡”。
sr_legacy_171479,sr_legacy,171479,火鸡，整只，带皮肉，熟，烤制,"Turkey, whole, meat and skin, cooked, roasted",28.55,7.39,0.06,,,,,Poultry Products,
sr_legacy_171480,sr_legacy,171480,火鸡，整只，仅肉，生,"Turkey, whole, meat only, raw",22.64,1.93,0.14,,,,,Poultry Products,
sr_legacy_171481,sr_legacy,171481,火鸡，整只，仅肉，熟，烤制,"Turkey, whole, meat only, cooked, roasted",29.06,3.84,0,,,,,Poultry Products,
sr_legacy_171482,sr_legacy,171482,整只火鸡皮（浅色和深色部位），生,"Turkey, whole, skin (light and dark), raw",12.96,38.93,0.16,,,,,Poultry Products,
sr_legacy_171483,sr_legacy,171483,火鸡，各类别，胗，熟，小火煮,"Turkey, all classes, gizzard, cooked, simmered",26.45,4.64,0,,,,,Poultry Products,
sr_legacy_171484,sr_legacy,171484,火鸡，各类别，心，生,"Turkey, all classes, heart, raw",16.7,7.44,0.4,,,,,Poultry Products,
sr_legacy_171485,sr_legacy,171485,火鸡，各类别，心，熟，小火煮,"Turkey, all classes, heart, cooked, simmered",24.88,7.52,0,,,,,Poultry Products,
sr_legacy_171486,sr_legacy,171486,火鸡，各类别，肝，生,"Turkey, all classes, liver, raw",18.26,5.5,0,,,,,Poultry Products,
sr_legacy_171487,sr_legacy,171487,火鸡，各类别，肝，熟，小火煮,"Turkey, all classes, liver, cooked, simmered",27,8.18,0,,,,,Poultry Products,
sr_legacy_171488,sr_legacy,171488,火鸡，深色肉，带皮肉，生,"Turkey, dark meat, meat and skin, raw",19.81,8.97,0.15,,,,,Poultry Products,
sr_legacy_171489,sr_legacy,171489,火鸡，整只，深色肉，带皮肉，熟，烤制,"Turkey, whole, dark meat, meat and skin, cooked, roasted",27.27,9.95,0.07,,,,,Poultry Products,
sr_legacy_171490,sr_legacy,171490,火鸡，整只，浅色肉，生,"Turkey, whole, light meat, raw",23.66,1.48,0.14,,,,,Poultry Products,
sr_legacy_171491,sr_legacy,171491,火鸡，各类别，浅色肉，熟，烤制,"Turkey, all classes, light meat, cooked, roasted",30.13,2.08,0,,,,,Poultry Products,
sr_legacy_171492,sr_legacy,171492,火鸡，各类别，胸肉，带皮肉，熟，烤制,"Turkey, all classes, breast, meat and skin, cooked, roasted",28.71,7.41,0,,,,,Poultry Products,
sr_legacy_171493,sr_legacy,171493,火鸡，各类别，腿部，带皮肉，生,"Turkey, all classes, leg, meat and skin, raw",19.54,6.72,0,,,,,Poultry Products,
sr_legacy_171494,sr_legacy,171494,火鸡，各类别，腿部，带皮肉，熟，烤制,"Turkey, all classes, leg, meat and skin, cooked, roasted",27.87,9.82,0,,,,,Poultry Products,
sr_legacy_171495,sr_legacy,171495,火鸡，各类别，翅，带皮肉，生,"Turkey, all classes, wing, meat and skin, raw",20.22,12.32,0,,,,,Poultry Products,
sr_legacy_171496,sr_legacy,171496,火鸡，整只，胸肉，仅肉，熟，烤制,"Turkey, whole, breast, meat only, cooked, roasted",30.13,2.08,0,,,,,Poultry Products,
sr_legacy_171497,sr_legacy,171497,火鸡，整只，翅，仅肉，生,"Turkey, whole, wing, meat only, raw",23.66,1.48,0.14,,,,,Poultry Products,
sr_legacy_171498,sr_legacy,171498,火鸡，整只，翅，仅肉，熟，烤制,"Turkey, whole, wing, meat only, cooked, roasted",30.13,2.08,0,,,,,Poultry Products,
sr_legacy_171499,sr_legacy,171499,火鸡，幼母火鸡，仅皮，熟，烤制,"Turkey, young hen, skin only, cooked, roasted",19.03,44.45,0,,,,,Poultry Products,
sr_legacy_171500,sr_legacy,171500,火鸡配肉汁，冷冻,"Turkey and gravy, frozen",5.88,2.63,4.61,,,,,Poultry Products,
sr_legacy_171501,sr_legacy,171501,火鸡胸肉，预调味，带皮肉，熟，烤制,"Turkey breast, pre-basted, meat and skin, cooked, roasted",22.16,3.46,0,,,,,Poultry Products,pre-basted 指预先注入或涂抹调味液。
sr_legacy_171502,sr_legacy,171502,火鸡大腿，预调味，带皮肉，熟，烤制,"Turkey thigh, pre-basted, meat and skin, cooked, roasted",18.8,8.54,0,,,,,Poultry Products,pre-basted 指预先注入或涂抹调味液。
sr_legacy_171503,sr_legacy,171503,火鸡烤肉，去骨，冷冻，调味，浅色肉和深色肉，生,"Turkey roast, boneless, frozen, seasoned, light and dark meat, raw",17.6,2.2,6.4,,,,,Poultry Products,
sr_legacy_171504,sr_legacy,171504,机械去骨火鸡肉，来自火鸡骨架，生,"Turkey, mechanically deboned, from turkey frames, raw",13.29,15.96,0,,,,,Poultry Products,mechanically deboned 指机械去骨肉；turkey frames 指火鸡骨架。
sr_legacy_171505,sr_legacy,171505,火鸡，肉末，生,"Turkey, Ground, raw",19.66,7.66,0,,,,,Poultry Products,
sr_legacy_171506,sr_legacy,171506,火鸡，肉末，熟,"Turkey, Ground, cooked",27.37,10.4,0,,,,,Poultry Products,
sr_legacy_171507,sr_legacy,171507,康沃尔童子鸡，带皮肉，生,"Chicken, cornish game hens, meat and skin, raw",17.15,14.02,0,,,,,Poultry Products,Cornish game hen 常译为康沃尔童子鸡。
sr_legacy_171508,sr_legacy,171508,鸡翅，冷冻，裹酱，烧烤味，微波加热,"Chicken, wing, frozen, glazed, barbecue flavored, heated (microwave)",25.34,13.9,3.84,,,,,Poultry Products,
sr_legacy_171509,sr_legacy,171509,肉鸡胸肉，去皮，去骨，仅肉，添加保水液，生,"Chicken, broilers or fryers, breast, skinless, boneless, meat only, with added solution, raw",20.32,3,0,,,,,Poultry Products,broiler/fryer 指美国 USDA 肉鸡分类，中文统一译为“肉鸡”。；with added solution 指添加盐水/保水液的产品。
sr_legacy_171510,sr_legacy,171510,雏鸭，家养，白羽北京鸭，胸肉，带皮肉，去骨，熟，烤制,"Duck, young duckling, domesticated, White Pekin, breast, meat and skin, boneless, cooked, roasted",24.5,10.85,0,,,,,Poultry Products,
sr_legacy_171511,sr_legacy,171511,雏鸭，家养，白羽北京鸭，胸肉，仅肉，去骨，熟，去皮，高温烤制,"Duck, young duckling, domesticated, White Pekin, breast, meat only, boneless, cooked without skin, broiled",27.6,2.5,0,,,,,Poultry Products,
sr_legacy_171512,sr_legacy,171512,鸡肉饼，冷冻，未熟制,"Chicken patty, frozen, uncooked",14.33,20.04,13.61,,,,,Poultry Products,
sr_legacy_171513,sr_legacy,171513,鸡肉饼，冷冻，熟,"Chicken patty, frozen, cooked",14.85,19.58,12.84,,,,,Poultry Products,
sr_legacy_171514,sr_legacy,171514,鸡胸柳，裹粉，熟，微波加热,"Chicken breast tenders, breaded, cooked, microwaved",16.35,12.89,17.56,,,,,Poultry Products,
sr_legacy_171515,sr_legacy,171515,鸡胸柳，裹粉，未熟制,"Chicken breast tenders, breaded, uncooked",14.73,15.75,15.01,,,,,Poultry Products,
sr_legacy_171516,sr_legacy,171516,肉鸡，旋转烤，BBQ，翅，仅肉,"Chicken, broiler, rotisserie, BBQ, wing, meat only",28.34,7.79,0.54,,,,,Poultry Products,broiler/fryer 指美国 USDA 肉鸡分类，中文统一译为“肉鸡”。；rotisserie 指旋转烤制。
sr_legacy_171517,sr_legacy,171517,肉鸡，旋转烤，原味调味，背部，仅肉，熟,"Chicken, broilers or fryers, rotisserie, original seasoning, back, meat only, cooked",25.34,11.54,0,,,,,Poultry Products,broiler/fryer 指美国 USDA 肉鸡分类，中文统一译为“肉鸡”。；rotisserie 指旋转烤制。
sr_legacy_171518,sr_legacy,171518,肉鸡，旋转烤，原味调味，胸肉，仅肉，熟,"Chicken, broilers or fryers, rotisserie, original seasoning, breast, meat only, cooked",28,2.79,0,,,,,Poultry Products,broiler/fryer 指美国 USDA 肉鸡分类，中文统一译为“肉鸡”。；rotisserie 指旋转烤制。
sr_legacy_171519,sr_legacy,171519,肉鸡小腿，旋转烤，原味调味，仅肉，熟,"Chicken, broilers or fryers, drumstick, rotisserie, original seasoning, meat only, cooked",28.74,6.81,0,,,,,Poultry Products,broiler/fryer 指美国 USDA 肉鸡分类，中文统一译为“肉鸡”。；rotisserie 指旋转烤制。
sr_legacy_171520,sr_legacy,171520,肉鸡，旋转烤，原味调味，仅皮，熟,"Chicken, broilers or fryers, rotisserie, original seasoning, skin only, cooked",17.66,37.24,0.11,,,,,Poultry Products,broiler/fryer 指美国 USDA 肉鸡分类，中文统一译为“肉鸡”。；rotisserie 指旋转烤制。
sr_legacy_171521,sr_legacy,171521,肉鸡，旋转烤，原味调味，小腿，带皮肉，熟,"Chicken, broilers or fryers,  rotisserie, original seasoning, drumstick, meat and skin, cooked",26.86,11.98,0.02,,,,,Poultry Products,broiler/fryer 指美国 USDA 肉鸡分类，中文统一译为“肉鸡”。；rotisserie 指旋转烤制。
sr_legacy_171522,sr_legacy,171522,肉鸡，旋转烤，原味调味，大腿，带皮肉，熟,"Chicken, broilers or fryers, rotisserie, original seasoning, thigh, meat and skin, cooked",22.93,15.7,0.02,,,,,Poultry Products,broiler/fryer 指美国 USDA 肉鸡分类，中文统一译为“肉鸡”。；rotisserie 指旋转烤制。
sr_legacy_171523,sr_legacy,171523,肉鸡，旋转烤，原味调味，翅，带皮肉，熟,"Chicken, broilers or fryers, rotisserie, original seasoning, wing, meat and skin, cooked",24.34,18.77,0.04,,,,,Poultry Products,broiler/fryer 指美国 USDA 肉鸡分类，中文统一译为“肉鸡”。；rotisserie 指旋转烤制。
sr_legacy_171524,sr_legacy,171524,肉鸡，旋转烤，BBQ，皮,"Chicken, broiler, rotisserie, BBQ, skin",15.19,35.15,0.7,,,,,Poultry Products,broiler/fryer 指美国 USDA 肉鸡分类，中文统一译为“肉鸡”。；rotisserie 指旋转烤制。
sr_legacy_171525,sr_legacy,171525,火鸡小腿，整只取部位，仅肉，添加保水液，生,"Turkey, drumstick, from whole bird, meat only, with added solution, raw",19.27,4.12,0.15,,,,,Poultry Products,with added solution 指添加盐水/保水液的产品。
sr_legacy_171526,sr_legacy,171526,火鸡翅，整只取部位，仅肉，添加保水液，生,"Turkey, wing, from whole bird, meat only, with added solution, raw",21.54,1.66,0.14,,,,,Poultry Products,with added solution 指添加盐水/保水液的产品。
sr_legacy_171527,sr_legacy,171527,火鸡翅，整只取部位，仅肉，添加保水液，烤制,"Turkey, wing, from whole bird, meat only, with added solution, roasted",26.97,2.08,0,,,,,Poultry Products,with added solution 指添加盐水/保水液的产品。
sr_legacy_171528,sr_legacy,171528,火鸡，零售分割部位，胸肉，带皮肉，生,"Turkey, retail parts, breast, meat and skin, raw",21.88,7.45,0,,,,,Poultry Products,
sr_legacy_171529,sr_legacy,171529,火鸡，零售分割部位，胸肉，带皮肉，熟，烤制,"Turkey, retail parts, breast, meat and skin, cooked, roasted",29.01,5.33,0.05,,,,,Poultry Products,
sr_legacy_171530,sr_legacy,171530,火鸡小腿，整只取部位，仅肉，烤制,"Turkey, drumstick, from whole bird, meat only, roasted",30.13,2.08,0,,,,,Poultry Products,
sr_legacy_171531,sr_legacy,171531,火鸡大腿，整只取部位，仅肉，生,"Turkey, thigh, from whole bird, meat only, raw",21.28,2.5,0.15,,,,,Poultry Products,
sr_legacy_171532,sr_legacy,171532,火鸡大腿，整只取部位，仅肉，烤制,"Turkey, thigh, from whole bird, meat only, roasted",27.71,6.04,0,,,,,Poultry Products,
sr_legacy_171533,sr_legacy,171533,火鸡，零售分割部位，大腿，带皮肉，生,"Turkey, retail parts, thigh, meat and skin, raw",19.54,9.16,0,,,,,Poultry Products,
sr_legacy_171534,sr_legacy,171534,肉鸡胸肉，去皮，去骨，仅肉，熟，炭烤/烤架烤制,"Chicken, broiler or fryers, breast, skinless, boneless, meat only, cooked, grilled",30.54,3.17,0,,,,,Poultry Products,broiler/fryer 指美国 USDA 肉鸡分类，中文统一译为“肉鸡”。
sr_legacy_171535,sr_legacy,171535,肉鸡胸肉，去皮，去骨，仅肉，添加保水液，熟，焖炖,"Chicken, broiler or fryers, breast, skinless, boneless, meat only, with added solution, cooked, braised",28.24,3.61,0,,,,,Poultry Products,broiler/fryer 指美国 USDA 肉鸡分类，中文统一译为“肉鸡”。；with added solution 指添加盐水/保水液的产品。
sr_legacy_171536,sr_legacy,171536,肉鸡胸肉，去皮，去骨，仅肉，添加保水液，熟，炭烤/烤架烤制,"Chicken, broiler or fryers, breast, skinless, boneless, meat only, with added solution, cooked, grilled",29.5,3.39,0,,,,,Poultry Products,broiler/fryer 指美国 USDA 肉鸡分类，中文统一译为“肉鸡”。；with added solution 指添加盐水/保水液的产品。
sr_legacy_171686,sr_legacy,171686,西印度樱桃，生,"Acerola, (west indian cherry), raw",0.4,0.3,7.69,,,,,Fruits and Fruit Juices,Acerola 常译为西印度樱桃。
sr_legacy_171687,sr_legacy,171687,西印度樱桃汁，生,"Acerola juice, raw",0.4,0.3,4.8,,,,,Fruits and Fruit Juices,
sr_legacy_171688,sr_legacy,171688,苹果，带皮，生,"Apples, raw, with skin (Includes foods for USDA's Food Distribution Program)",0.26,0.17,13.81,,,,,Fruits and Fruit Juices,
sr_legacy_171689,sr_legacy,171689,苹果，去皮，生,"Apples, raw, without skin",0.27,0.13,12.76,,,,,Fruits and Fruit Juices,
sr_legacy_171690,sr_legacy,171690,苹果干，低水分，硫处理，炖煮,"Apples, dehydrated (low moisture), sulfured, stewed",0.28,0.12,19.91,,,,,Fruits and Fruit Juices,
sr_legacy_171691,sr_legacy,171691,苹果干，硫处理，未烹调,"Apples, dried, sulfured, uncooked",0.93,0.32,65.89,,,,,Fruits and Fruit Juices,
sr_legacy_171692,sr_legacy,171692,苹果干，硫处理，炖煮，不加糖,"Apples, dried, sulfured, stewed, without added sugar",0.22,0.07,15.32,,,,,Fruits and Fruit Juices,
sr_legacy_171693,sr_legacy,171693,苹果干，硫处理，炖煮，加糖,"Apples, dried, sulfured, stewed, with added sugar",0.2,0.07,20.73,,,,,Fruits and Fruit Juices,
sr_legacy_171697,sr_legacy,171697,杏，生,"Apricots, raw",1.4,0.39,11.12,,,,,Fruits and Fruit Juices,
sr_legacy_171698,sr_legacy,171698,杏，罐装，水浸，带皮，含固形物和液体,"Apricots, canned, water pack, with skin, solids and liquids",0.71,0.16,6.39,,,,,Fruits and Fruit Juices,
sr_legacy_171702,sr_legacy,171702,脱水杏干，低水分，硫处理，未烹调,"Apricots, dehydrated (low-moisture), sulfured, uncooked",4.9,0.62,82.89,,,,,Fruits and Fruit Juices,
sr_legacy_171704,sr_legacy,171704,杏果露，罐装，添加维生素C,"Apricot nectar, canned, with added ascorbic acid",0.17,0.45,13.63,,,,,Fruits and Fruit Juices,
sr_legacy_171705,sr_legacy,171705,牛油果，生，商业品种,"Avocados, raw, all commercial varieties",2.0,14.66,8.53,,,,,Fruits and Fruit Juices,
sr_legacy_171706,sr_legacy,171706,牛油果，生，加州品种,"Avocados, raw, California",1.96,15.41,8.64,,,,,Fruits and Fruit Juices,
sr_legacy_171707,sr_legacy,171707,牛油果，生，佛罗里达品种,"Avocados, raw, Florida",2.23,10.06,7.82,,,,,Fruits and Fruit Juices,
sr_legacy_171711,sr_legacy,171711,蓝莓，生,"Blueberries, raw",0.74,0.33,14.49,,,,,Fruits and Fruit Juices,
sr_legacy_171714,sr_legacy,171714,面包果，生,"Breadfruit, raw",1.07,0.23,27.12,,,,,Fruits and Fruit Juices,
sr_legacy_171715,sr_legacy,171715,杨桃，生,"Carambola, (starfruit), raw",1.04,0.33,6.73,,,,,Fruits and Fruit Juices,
sr_legacy_171719,sr_legacy,171719,甜樱桃，生,"Cherries, sweet, raw",1.06,0.2,16.01,,,,,Fruits and Fruit Juices,
sr_legacy_171721,sr_legacy,171721,海棠果（小苹果），生,"Crabapples, raw",0.4,0.3,19.95,,,,,Fruits and Fruit Juices,
sr_legacy_171722,sr_legacy,171722,蔓越莓，生,"Cranberries, raw",0.46,0.13,11.97,,,,,Fruits and Fruit Juices,
sr_legacy_171724,sr_legacy,171724,赞特小葡萄干，干,"Currants, zante, dried",3.43,0.22,76.98,,,,,Fruits and Fruit Juices,Zante currants 实际为小粒葡萄干，不是普通醋栗。
sr_legacy_171725,sr_legacy,171725,牛心番荔枝，生,"Custard-apple, (bullock's-heart), raw",1.7,0.6,25.2,,,,,Fruits and Fruit Juices,Bullock's-heart 为牛心番荔枝，属番荔枝类。
sr_legacy_171726,sr_legacy,171726,椰枣，Deglet Noor 品种,"Dates, deglet noor",2.45,0.39,75.03,,,,,Fruits and Fruit Juices,Deglet Noor 为椰枣品种名，保留英文。
sr_legacy_171727,sr_legacy,171727,接骨木莓，生,"Elderberries, raw",0.66,0.5,18.4,,,,,Fruits and Fruit Juices,
sr_legacy_171728,sr_legacy,171728,澳大利亚进口草饲牛肉外部脂肪，生,"Beef, Australian, imported, grass-fed,  external fat, raw",11.32,51.36,0.39,,,,,Beef Products,
sr_legacy_171729,sr_legacy,171729,澳大利亚进口草饲牛肉肌间脂肪，生,"Beef, Australian, imported, grass-fed, seam fat, raw",9.58,57.73,1.06,,,,,Beef Products,
sr_legacy_171730,sr_legacy,171730,澳大利亚进口和牛外部脂肪，澳大利亚大理石花纹评分4/5，生,"Beef, Australian, imported, Wagyu, external fat, Aust. marble score 4/5, raw",6.54,63.27,0,,,,,Beef Products,保留“和牛”和澳大利亚大理石花纹评分，方便对应 USDA 原名
sr_legacy_171731,sr_legacy,171731,澳大利亚进口和牛肌间脂肪，澳大利亚大理石花纹评分4/5，生,"Beef, Australian, imported, Wagyu, seam fat, Aust. marble score 4/5, raw",6,63.3,0,,,,,Beef Products,保留“和牛”和澳大利亚大理石花纹评分，方便对应 USDA 原名
sr_legacy_171732,sr_legacy,171732,澳大利亚进口和牛里脊（tenderloin）牛排/烤肉，澳大利亚大理石花纹评分4/5，无骨，可分离瘦肉和脂肪，生,"Beef, Australian, imported, Wagyu, loin, tenderloin steak/roast, boneless, separable lean and fat, Aust. marble score 4/5, raw",19.71,14.09,0,,,,,Beef Products,保留“和牛”和澳大利亚大理石花纹评分，方便对应 USDA 原名
sr_legacy_171733,sr_legacy,171733,澳大利亚进口草饲牛上腰肉（top loin）牛排/烤肉，无骨，可分离瘦肉和脂肪，生,"Beef, Australian, imported, grass-fed, loin, top loin steak/roast, boneless, separable lean and fat, raw",19.9,13.17,0.11,,,,,Beef Products,
sr_legacy_171734,sr_legacy,171734,澳大利亚进口草饲牛上沙朗去盖牛排/烤肉，无骨，仅瘦肉，生,"Beef, Australian, imported, grass-fed, loin, top sirloin cap-off steak/roast, boneless, separable lean only, raw",21.9,3.87,0,,,,,Beef Products,
sr_legacy_171735,sr_legacy,171735,澳大利亚进口草饲牛肋眼牛排/烤肉，带唇边，无骨，仅瘦肉，生,"Beef, Australian, imported, grass-fed, rib, ribeye steak/roast lip-on, boneless, separable lean only, raw",21.47,8.2,0,,,,,Beef Products,
sr_legacy_171736,sr_legacy,171736,澳大利亚进口和牛上腰肉（top loin）牛排/烤肉，澳大利亚大理石花纹评分9，无骨，仅瘦肉，生,"Beef, Australian, imported, Wagyu, loin, top loin steak/roast, boneless, separable lean only, Aust. marble score 9, raw",16.92,29.15,0.13,,,,,Beef Products,保留“和牛”和澳大利亚大理石花纹评分，方便对应 USDA 原名
sr_legacy_171737,sr_legacy,171737,澳大利亚进口和牛肋部小端牛排/烤肉，澳大利亚大理石花纹评分4/5，无骨，仅瘦肉，生,"Beef, Australian, imported, Wagyu, rib, small end rib steak/roast, boneless, separable lean only, Aust. marble score 4/5, raw",20.35,16.93,0,,,,,Beef Products,保留“和牛”和澳大利亚大理石花纹评分，方便对应 USDA 原名
sr_legacy_171738,sr_legacy,171738,澳大利亚进口和牛肋部小端牛排/烤肉，澳大利亚大理石花纹评分9，无骨，仅瘦肉，生,"Beef, Australian, imported, Wagyu, rib, small end rib steak/roast, boneless, separable lean only, Aust. marble score 9, raw",17.61,28.61,0.46,,,,,Beef Products,保留“和牛”和澳大利亚大理石花纹评分，方便对应 USDA 原名
sr_legacy_171739,sr_legacy,171739,澳大利亚进口草饲牛上沙朗去盖牛排/烤肉，无骨，可分离瘦肉和脂肪，生,"Beef, Australian, imported, grass-fed, loin, top sirloin cap-off steak/roast, boneless, separable lean and fat, raw",21.77,4.45,0.01,,,,,Beef Products,
sr_legacy_171740,sr_legacy,171740,澳大利亚进口和牛肋部小端牛排/烤肉，澳大利亚大理石花纹评分4/5，无骨，可分离瘦肉和脂肪，生,"Beef, Australian, imported, Wagyu, rib, small end rib steak/roast, boneless, separable lean and fat, Aust. marble score 4/5, raw",17.07,27.64,0,,,,,Beef Products,保留“和牛”和澳大利亚大理石花纹评分，方便对应 USDA 原名
sr_legacy_171741,sr_legacy,171741,澳大利亚进口和牛肋部小端牛排/烤肉，澳大利亚大理石花纹评分9，无骨，可分离瘦肉和脂肪，生,"Beef, Australian, imported, Wagyu, rib, small end rib steak/roast, boneless, separable lean and fat, Aust. marble score 9, raw",14.54,38.3,0.28,,,,,Beef Products,保留“和牛”和澳大利亚大理石花纹评分，方便对应 USDA 原名
sr_legacy_171742,sr_legacy,171742,澳大利亚进口和牛里脊（tenderloin）牛排/烤肉，澳大利亚大理石花纹评分9，无骨，可分离瘦肉和脂肪，生,"Beef, Australian, imported, Wagyu, loin, tenderloin steak/roast, boneless, separable lean and fat, Aust. marble score 9, raw",18.5,19.11,0.58,,,,,Beef Products,保留“和牛”和澳大利亚大理石花纹评分，方便对应 USDA 原名
sr_legacy_171743,sr_legacy,171743,牛后腿上圆肉牛排，无骨，可分离瘦肉和脂肪，去除外部脂肪，各等级，生,"Beef, round, top round steak, boneless, separable lean and fat, trimmed to 0"" fat, all grades, raw",23.49,3.34,0.0,,,,,Beef Products,
sr_legacy_171744,sr_legacy,171744,牛后腿上圆肉烤块，无骨，可分离瘦肉和脂肪，去除外部脂肪，Select级，生,"Beef, round, top round roast, boneless, separable lean and fat, trimmed to 0"" fat, select, raw",23.44,3.04,0.0,,,,,Beef Products,
sr_legacy_171745,sr_legacy,171745,牛后腿眼肉烤块，无骨，可分离瘦肉和脂肪，去除外部脂肪，各等级，生,"Beef, round, eye of round roast, boneless, separable lean and fat, trimmed to 0"" fat, all grades, raw",23.27,3.44,0.0,,,,,Beef Products,
sr_legacy_171746,sr_legacy,171746,牛后腿眼肉烤块，无骨，可分离瘦肉和脂肪，去除外部脂肪，Choice级，生,"Beef, round, eye of round roast, boneless, separable lean and fat, trimmed to 0"" fat, choice, raw",23.26,3.74,0.0,,,,,Beef Products,
sr_legacy_171747,sr_legacy,171747,牛后腿眼肉烤块，无骨，可分离瘦肉和脂肪，去除外部脂肪，Select级，生,"Beef, round, eye of round roast, boneless, separable lean and fat, trimmed to 0"" fat, select, raw",23.28,3.0,0.0,,,,,Beef Products,
sr_legacy_171748,sr_legacy,171748,牛里脊（菲力）烤块，去骨，可分离瘦肉和脂肪，去除外部脂肪，Choice 等级，生,"Beef, loin, tenderloin roast, boneless, separable lean and fat, trimmed to 0"" fat, choice, raw",21.5,7.4,0.0,,,,,Beef Products,
sr_legacy_171749,sr_legacy,171749,牛里脊（菲力）烤块，去骨，可分离瘦肉和脂肪，去除外部脂肪，Select 等级，生,"Beef, loin, tenderloin roast, boneless, separable lean and fat, trimmed to 0"" fat, select, raw",21.91,6.21,0.0,,,,,Beef Products,
sr_legacy_171750,sr_legacy,171750,牛上腰脊（纽约客）牛排，去骨，去边肉，可分离瘦肉和脂肪，去除外部脂肪，各等级，生,"Beef, loin, top loin steak, boneless, lip off, separable lean and fat, trimmed to 0"" fat, all grades, raw",22.43,8.17,0.0,,,,,Beef Products,lip-on/lip off 按带边肉/去边肉处理
sr_legacy_171751,sr_legacy,171751,牛上腰脊（纽约客）牛排，去骨，去边肉，可分离瘦肉和脂肪，去除外部脂肪，Choice 等级，生,"Beef, loin, top loin steak, boneless, lip off, separable lean and fat, trimmed to 0"" fat, choice, raw",22.19,9.16,0.0,,,,,Beef Products,lip-on/lip off 按带边肉/去边肉处理
sr_legacy_171752,sr_legacy,171752,牛上腰脊（纽约客）牛排，去骨，去边肉，可分离瘦肉和脂肪，去除外部脂肪，Select 等级，生,"Beef, loin, top loin steak, boneless, lip off, separable lean and fat, trimmed to 0"" fat, select, raw",22.79,6.67,0.0,,,,,Beef Products,lip-on/lip off 按带边肉/去边肉处理
sr_legacy_171753,sr_legacy,171753,牛里脊（菲力）烤块，去骨，可分离瘦肉和脂肪，去除外部脂肪，Choice 等级，熟，烤制,"Beef, loin, tenderloin roast, boneless, separable lean and fat, trimmed to 0"" fat, choice, cooked, roasted",27.26,8.82,0.0,,,,,Beef Products,
sr_legacy_171754,sr_legacy,171754,牛里脊（菲力）烤块，去骨，可分离瘦肉和脂肪，去除外部脂肪，Select 等级，熟，烤制,"Beef, loin, tenderloin roast, boneless, separable lean and fat, trimmed to 0"" fat, select, cooked, roasted",27.38,7.12,0.0,,,,,Beef Products,
sr_legacy_171755,sr_legacy,171755,牛后腿上圆肉烤块，无骨，可分离瘦肉和脂肪，去除外部脂肪，各等级，熟，烤制,"Beef, round, top round roast, boneless, separable lean and fat, trimmed to 0"" fat, all grades, cooked, roasted",29.9,4.49,0.0,,,,,Beef Products,
sr_legacy_171756,sr_legacy,171756,牛后腿上圆肉烤块，无骨，可分离瘦肉和脂肪，去除外部脂肪，Choice级，熟，烤制,"Beef, round, top round roast, boneless, separable lean and fat, trimmed to 0"" fat, choice, cooked, roasted",30.08,4.79,0.0,,,,,Beef Products,
sr_legacy_171757,sr_legacy,171757,牛后腿上圆肉牛排，无骨，仅可分离瘦肉，去除外部脂肪，各等级，生,"Beef, round, top round steak, boneless, separable lean only, trimmed to 0"" fat, all grades, raw",23.59,2.94,0.0,,,,,Beef Products,
sr_legacy_171758,sr_legacy,171758,牛后腿上圆肉牛排，无骨，仅可分离瘦肉，去除外部脂肪，Choice级，生,"Beef, round, top round steak, boneless, separable lean only, trimmed to 0"" fat, choice, raw",23.59,3.26,0.0,,,,,Beef Products,
sr_legacy_171759,sr_legacy,171759,牛后腿上圆肉牛排，无骨，仅可分离瘦肉，去除外部脂肪，Select级，生,"Beef, round, top round steak, boneless, separable lean only, trimmed to 0"" fat, select, raw",23.59,2.45,0.0,,,,,Beef Products,
sr_legacy_171760,sr_legacy,171760,牛后腿上圆肉烤块，无骨，仅可分离瘦肉，去除外部脂肪，各等级，生,"Beef, round, top round roast, boneless, separable lean only, trimmed to 0"" fat, all grades, raw",23.59,2.94,0.0,,,,,Beef Products,
sr_legacy_171761,sr_legacy,171761,牛后腿眼肉烤块，无骨，仅可分离瘦肉，去除外部脂肪，Select级，生,"Beef, round, eye of round roast, boneless, separable lean only, trimmed to 0"" fat, select, raw",23.41,2.52,0.0,,,,,Beef Products,
sr_legacy_171762,sr_legacy,171762,牛后腿眼肉牛排，无骨，仅可分离瘦肉，去除外部脂肪，各等级，生,"Beef, round, eye of round steak, boneless, separable lean only, trimmed to 0"" fat, all grades, raw",23.37,3.04,0.0,,,,,Beef Products,
sr_legacy_171763,sr_legacy,171763,牛后腿眼肉牛排，无骨，仅可分离瘦肉，去除外部脂肪，Choice级，生,"Beef, round, eye of round steak, boneless, separable lean only, trimmed to 0"" fat, choice, raw",23.35,3.38,0.0,,,,,Beef Products,
sr_legacy_171764,sr_legacy,171764,牛后腿眼肉牛排，无骨，仅可分离瘦肉，去除外部脂肪，Select级，生,"Beef, round, eye of round steak, boneless, separable lean only, trimmed to 0"" fat, select, raw",23.41,2.52,0.0,,,,,Beef Products,
sr_legacy_171765,sr_legacy,171765,牛里脊（菲力）烤块，去骨，仅可分离瘦肉，去除外部脂肪，各等级，生,"Beef, loin, tenderloin roast, boneless, separable lean only, trimmed to 0"" fat, all grades, raw",21.94,5.74,0.0,,,,,Beef Products,
sr_legacy_171766,sr_legacy,171766,牛上腰脊（纽约客）牛排，去骨，去边肉，仅可分离瘦肉，去除外部脂肪，Select 等级，生,"Beef, loin, top loin steak, boneless, lip off, separable lean only, trimmed to 0"" fat, select, raw",23.3,4.66,0.0,,,,,Beef Products,lip-on/lip off 按带边肉/去边肉处理
sr_legacy_171767,sr_legacy,171767,牛里脊（菲力）牛排，去骨，仅可分离瘦肉，去除外部脂肪，各等级，生,"Beef, loin, tenderloin steak, boneless, separable lean only, trimmed to 0"" fat, all grades, raw",21.94,5.74,0.0,,,,,Beef Products,
sr_legacy_171768,sr_legacy,171768,牛里脊（菲力）牛排，去骨，仅可分离瘦肉，去除外部脂肪，Choice 等级，生,"Beef, loin, tenderloin steak, boneless, separable lean only, trimmed to 0"" fat, choice, raw",21.78,6.16,0.0,,,,,Beef Products,
sr_legacy_171769,sr_legacy,171769,牛里脊（菲力）牛排，去骨，仅可分离瘦肉，去除外部脂肪，Select 等级，生,"Beef, loin, tenderloin steak, boneless, separable lean only, trimmed to 0"" fat, select, raw",22.16,5.1,0.0,,,,,Beef Products,
sr_legacy_171770,sr_legacy,171770,牛后腿上圆肉烤块，无骨，仅可分离瘦肉，去除外部脂肪，Choice级，熟，烤制,"Beef, round, top round roast, boneless, separable lean only, trimmed to 0"" fat, choice, cooked, roasted",30.24,4.11,0.06,,,,,Beef Products,
sr_legacy_171771,sr_legacy,171771,牛后腿上圆肉烤块，无骨，仅可分离瘦肉，去除外部脂肪，Select级，熟，烤制,"Beef, round, top round roast, boneless, separable lean only, trimmed to 0"" fat, select, cooked, roasted",29.81,3.37,0.0,,,,,Beef Products,
sr_legacy_171772,sr_legacy,171772,牛后腿眼肉牛排，无骨，仅可分离瘦肉，去除外部脂肪，各等级，熟，煎烤,"Beef, round, eye of round steak, boneless, separable lean only, trimmed to 0"" fat, all grades, cooked, grilled",29.85,3.9,0.0,,,,,Beef Products,
sr_legacy_171773,sr_legacy,171773,牛后腿眼肉牛排，无骨，仅可分离瘦肉，去除外部脂肪，Choice级，熟，煎烤,"Beef, round, eye of round steak, boneless, separable lean only, trimmed to 0"" fat, choice, cooked, grilled",29.94,4.26,0.0,,,,,Beef Products,
sr_legacy_171774,sr_legacy,171774,牛上腰脊（纽约客）牛排，去骨，带边肉，可分离瘦肉和脂肪，外部脂肪修整至1/8英寸，Select 等级，生,"Beef, loin, top loin steak, boneless, lip-on, separable lean and fat, trimmed to 1/8"" fat, select, raw",21.54,11.65,0.0,,,,,Beef Products,lip-on/lip off 按带边肉/去边肉处理
sr_legacy_171775,sr_legacy,171775,牛上腰脊（纽约客）牛排，去骨，带边肉，可分离瘦肉和脂肪，外部脂肪修整至1/8英寸，各等级，生,"Beef, loin, top loin steak, boneless, lip-on, separable lean and fat, trimmed to 1/8"" fat, all grades, raw",21.29,12.68,0.0,,,,,Beef Products,lip-on/lip off 按带边肉/去边肉处理
sr_legacy_171776,sr_legacy,171776,修整零售牛肉切块综合，仅瘦肉，去除外部脂肪，Select级，生,"Beef, composite of trimmed retail cuts, separable lean only, trimmed to 0"" fat, select, raw",22.03,4.99,0,,,,,Beef Products,
sr_legacy_171777,sr_legacy,171777,修整零售牛肉切块综合，可分离瘦肉和脂肪，去除外部脂肪，Select级，生,"Beef, composite of trimmed retail cuts, separable lean and fat, trimmed to 0"" fat, select, raw",21.2,8,0,,,,,Beef Products,
sr_legacy_171778,sr_legacy,171778,修整零售牛肉切块综合，仅瘦肉，外部脂肪修至1/8英寸，Select级，熟,"Beef, composite of trimmed retail cuts, separable lean only, trimmed to 1/8"" fat, select, cooked",27.51,6.37,0,,,,,Beef Products,
sr_legacy_171779,sr_legacy,171779,修整零售牛肉切块综合，仅瘦肉，外部脂肪修至1/8英寸，Select级，生,"Beef, composite of trimmed retail cuts, separable lean only, trimmed to 1/8"" fat, select, raw",22.37,4.55,0,,,,,Beef Products,
sr_legacy_171780,sr_legacy,171780,牛肩胛肉块烤肉，仅瘦肉，外部脂肪修至1/4英寸，所有等级，熟，烤制,"Beef, chuck, clod roast, separable lean only, trimmed to 1/4"" fat, all grades, cooked, roasted",26.36,6.75,0,,,,,Beef Products,
sr_legacy_171781,sr_legacy,171781,牛肩肉牛排，无骨，仅可分离瘦肉，去除外部脂肪，各等级，熟，煎烤,"Beef, shoulder steak, boneless, separable lean only, trimmed to 0"" fat, all grades, cooked, grilled",28.6,5.82,0.0,,,,,Beef Products,
sr_legacy_171782,sr_legacy,171782,牛肩胛肉块牛排，仅瘦肉，外部脂肪修至1/4英寸，所有等级，熟，炖煮,"Beef, chuck, clod steak, separable lean only, trimmed to 1/4"" fat, all grades, cooked, braised",29.34,7.04,0,,,,,Beef Products,
sr_legacy_171783,sr_legacy,171783,牛肩小嫩肉牛排（mock tender），可分离瘦肉和脂肪，去除外部脂肪，Choice级，熟，上火烤制,"Beef, chuck, mock tender steak, separable lean and fat, trimmed to 0"" fat, USDA choice, cooked, broiled",25.73,5.72,0,,,,,Beef Products,mock tender 为美国牛肩部切法，中文按“牛肩小嫩肉”处理
sr_legacy_171784,sr_legacy,171784,牛肩胛肉块烤肉，可分离瘦肉和脂肪，去除外部脂肪，Select级，熟，烤制,"Beef, chuck, clod roast, separable lean and fat, trimmed to 0"" fat, select, cooked, roasted",27.3,8.76,0,,,,,Beef Products,
sr_legacy_171785,sr_legacy,171785,牛肩肉牛排，无骨，可分离瘦肉和脂肪，去除外部脂肪，Choice级，熟，煎烤,"Beef, shoulder steak, boneless, separable lean and fat, trimmed to 0"" fat, choice, cooked, grilled",28.22,7.25,0.0,,,,,Beef Products,
sr_legacy_171786,sr_legacy,171786,牛肩肉牛排，无骨，可分离瘦肉和脂肪，去除外部脂肪，Select级，熟，煎烤,"Beef, shoulder steak, boneless, separable lean and fat, trimmed to 0"" fat, select, cooked, grilled",28.41,6.14,0.0,,,,,Beef Products,
sr_legacy_171787,sr_legacy,171787,牛腹板内裙牛排，可分离瘦肉和脂肪，去除外部脂肪，各等级，熟，炙烤,"Beef, plate, inside skirt steak, separable lean and fat, trimmed to 0"" fat, all grades, cooked, broiled",26.13,12.05,0.0,,,,,Beef Products,
sr_legacy_171788,sr_legacy,171788,牛腹板外裙牛排，可分离瘦肉和脂肪，去除外部脂肪，各等级，熟，炙烤,"Beef, plate, outside skirt steak, separable lean and fat, trimmed to 0"" fat, all grades, cooked, broiled",23.51,17.13,0.0,,,,,Beef Products,
sr_legacy_171789,sr_legacy,171789,牛肩肉牛排，无骨，可分离瘦肉和脂肪，去除外部脂肪，各等级，熟，煎烤,"Beef, shoulder steak, boneless, separable lean and fat, trimmed to 0"" fat, all grades, cooked, grilled",28.29,6.8,0.0,,,,,Beef Products,
sr_legacy_171790,sr_legacy,171790,牛绞肉，95%瘦肉/5%脂肪，生,"Beef, ground, 95% lean meat / 5% fat, raw",21.41,5,0,,,,,Beef Products,
sr_legacy_171791,sr_legacy,171791,牛绞肉，95%瘦肉/5%脂肪，牛肉饼，熟，上火烤制,"Beef, ground, 95% lean meat / 5% fat, patty, cooked, broiled",26.29,6.8,0,,,,,Beef Products,
sr_legacy_171792,sr_legacy,171792,牛绞肉，95%瘦肉/5%脂肪，牛肉饼，熟，煎烤,"Beef, ground, 95% lean meat / 5% fat, patty, cooked, pan-broiled",25.8,5.94,0,,,,,Beef Products,
sr_legacy_171793,sr_legacy,171793,牛绞肉，90%瘦肉/10%脂肪，牛肉饼，熟，煎烤,"Beef, ground, 90% lean meat / 10% fat, patty, cooked, pan-broiled",25.21,10.68,0,,,,,Beef Products,
sr_legacy_171794,sr_legacy,171794,牛绞肉，90%瘦肉/10%脂肪，碎粒，熟，煎炒,"Beef, ground, 90% lean meat / 10% fat, crumbles, cooked, pan-browned",28.45,12.04,0,,,,,Beef Products,
sr_legacy_171795,sr_legacy,171795,牛绞肉，90%瘦肉/10%脂肪，肉糕，熟，烘烤,"Beef, ground, 90% lean meat / 10% fat, loaf, cooked, baked",26.62,11.1,0,,,,,Beef Products,
sr_legacy_171796,sr_legacy,171796,牛绞肉，85%瘦肉/15%脂肪，生,"Beef, ground, 85% lean meat / 15% fat, raw (Includes foods for USDA's Food Distribution Program)",18.59,15,0,,,,,Beef Products,原名含 USDA Food Distribution Program 备注，中文名中省略该说明
sr_legacy_171797,sr_legacy,171797,牛绞肉，80%瘦肉/20%脂肪，牛肉饼，熟，上火烤制,"Beef, ground, 80% lean meat / 20% fat, patty, cooked, broiled",25.75,17.78,0,,,,,Beef Products,
sr_legacy_171798,sr_legacy,171798,牛绞肉，80%瘦肉/20%脂肪，牛肉饼，熟，煎烤,"Beef, ground, 80% lean meat / 20% fat, patty, cooked, pan-broiled",24.04,15.94,0,,,,,Beef Products,
sr_legacy_171799,sr_legacy,171799,牛绞肉，80%瘦肉/20%脂肪，碎粒，熟，煎炒,"Beef, ground, 80% lean meat / 20% fat, crumbles, cooked, pan-browned",27,17.36,0,,,,,Beef Products,
sr_legacy_171800,sr_legacy,171800,牛绞肉，80%瘦肉/20%脂肪，肉糕，熟，烘烤,"Beef, ground, 80% lean meat / 20% fat, loaf, cooked, baked",25.25,16.17,0,,,,,Beef Products,
sr_legacy_171801,sr_legacy,171801,牛绞肉，75%瘦肉/25%脂肪，肉糕，熟，烘烤,"Beef, ground, 75% lean meat / 25% fat, loaf, cooked, baked",24.56,16.5,0,,,,,Beef Products,
sr_legacy_171802,sr_legacy,171802,牛肋小端（第10–12肋），仅可分离瘦肉，外部脂肪修整至1/8英寸，Select 等级，生,"Beef, rib, small end (ribs 10-12), separable lean only, trimmed to 1/8"" fat, select, raw",22.53,4.2,0.0,,,,,Beef Products,
sr_legacy_171803,sr_legacy,171803,牛里脊（菲力）牛排，仅可分离瘦肉，外部脂肪修整至1/8英寸，Select级，生,"Beef, tenderloin, steak, separable lean only, trimmed to 1/8"" fat, select, raw",22.06,5.93,0.0,,,,,Beef Products,
sr_legacy_171804,sr_legacy,171804,牛上沙朗牛排，仅可分离瘦肉，外部脂肪修整至1/8英寸，Select级，生,"Beef, top sirloin, steak, separable lean only, trimmed to 1/8"" fat, select, raw",22.27,3.54,0.0,,,,,Beef Products,
sr_legacy_171805,sr_legacy,171805,牛短腰脊上腰肉（纽约客）牛排，仅可分离瘦肉，外部脂肪修整至1/8英寸，Select级，熟，煎烤,"Beef, short loin, top loin, steak, separable lean only, trimmed to 1/8"" fat, select, cooked, grilled",29.44,5.73,0.0,,,,,Beef Products,top loin 近似纽约客/上腰肉，保留中文主名称
sr_legacy_171806,sr_legacy,171806,牛后腿下圆肉烤块，仅可分离瘦肉，外部脂肪修整至1/8英寸，Select级，熟，烤制,"Beef, round, bottom round , roast, separable lean only, trimmed to 1/8"" fat, select, cooked, roasted",28.45,4.67,0.0,,,,,Beef Products,
sr_legacy_171807,sr_legacy,171807,牛后腿眼肉烤块，仅可分离瘦肉，外部脂肪修整至1/8英寸，Select级，熟，烤制,"Beef, round, eye of round, roast, separable lean only, trimmed to 1/8"" fat, select, cooked, roasted",29.59,4.11,0.0,,,,,Beef Products,
sr_legacy_171808,sr_legacy,171808,牛后腿上圆肉牛排，仅可分离瘦肉，外部脂肪修整至1/8英寸，Select级，熟，上火烤制,"Beef, round, top round, steak, separable lean only, trimmed to 1/8"" fat, select, cooked, broiled",31.61,4.65,0.0,,,,,Beef Products,
sr_legacy_171809,sr_legacy,171809,牛后腿眼肉烤块，仅可分离瘦肉，外部脂肪修整至1/8英寸，各等级，熟，烤制,"Beef, round, eye of round, roast, separable lean only, trimmed to 1/8"" fat, all grades, cooked, roasted",29.73,4.71,0.0,,,,,Beef Products,
sr_legacy_171810,sr_legacy,171810,牛肋小端（第10–12肋），仅可分离瘦肉，外部脂肪修整至1/8英寸，各等级，生,"Beef, rib, small end (ribs 10-12), separable lean only, trimmed to 1/8"" fat, all grades, raw",22.33,5.04,0.0,,,,,Beef Products,
sr_legacy_171811,sr_legacy,171811,牛里脊（菲力）牛排，仅可分离瘦肉，外部脂肪修整至1/8英寸，各等级，熟，上火烤制,"Beef, tenderloin, steak, separable lean only, trimmed to 1/8"" fat, all grades, cooked, broiled",29.04,8.39,0.0,,,,,Beef Products,
sr_legacy_171812,sr_legacy,171812,牛里脊（菲力）牛排，仅可分离瘦肉，外部脂肪修整至1/8英寸，各等级，生,"Beef, tenderloin, steak, separable lean only, trimmed to 1/8"" fat, all grades, raw",22.12,6.52,0.0,,,,,Beef Products,
sr_legacy_171813,sr_legacy,171813,牛短腰脊上腰肉（纽约客）牛排，仅可分离瘦肉，外部脂肪修整至1/8英寸，各等级，熟，上火烤制,"Beef, short loin, top loin, steak, separable lean only, trimmed to 1/8"" fat, all grades, cooked, broiled",29.3,7.09,0.0,,,,,Beef Products,top loin 近似纽约客/上腰肉，保留中文主名称
sr_legacy_171814,sr_legacy,171814,牛短腰脊上腰肉（纽约客）牛排，仅可分离瘦肉，外部脂肪修整至1/8英寸，各等级，生,"Beef, short loin, top loin steak, separable lean only, trimmed to 1/8"" fat, all grades, raw",22.93,5.15,0.0,,,,,Beef Products,top loin 近似纽约客/上腰肉，保留中文主名称
sr_legacy_171815,sr_legacy,171815,牛后腿上圆肉牛排，仅可分离瘦肉，外部脂肪修整至1/8英寸，各等级，熟，上火烤制,"Beef, round, top round, steak, separable lean only, trimmed to 1/8"" fat, all grades, cooked, broiled",31.82,5.45,0.0,,,,,Beef Products,
sr_legacy_171816,sr_legacy,171816,牛后腿上圆肉牛排，仅可分离瘦肉，外部脂肪修整至1/8英寸，各等级，生,"Beef, round, top round, steak, separable lean only, trimmed to 1/8"" fat, all grades, raw",22.91,4.09,0.0,,,,,Beef Products,
sr_legacy_171817,sr_legacy,171817,牛肩臂肉锅烤肉，仅瘦肉，外部脂肪修至1/8英寸，Choice级，熟，炖煮,"Beef, chuck, arm pot roast, separable lean only, trimmed to 1/8"" fat, choice, cooked, braised",34.72,8.37,0,,,,,Beef Products,
sr_legacy_171818,sr_legacy,171818,牛胸肉（brisket）扁平部，仅瘦肉，外部脂肪修至1/8英寸，Choice级，熟，炖煮,"Beef, brisket, flat half, separable lean only, trimmed to 1/8"" fat, choice, cooked, braised",33.13,6.79,0,,,,,Beef Products,
sr_legacy_171819,sr_legacy,171819,牛后腿眼肉烤块，仅可分离瘦肉，外部脂肪修整至1/8英寸，Choice级，生,"Beef, round, eye of round, roast, separable lean only, trimmed to 1/8"" fat, choice, raw",22.88,3.38,0.0,,,,,Beef Products,
sr_legacy_171820,sr_legacy,171820,牛后腿上圆肉牛排，仅可分离瘦肉，外部脂肪修整至1/8英寸，Choice级，生,"Beef, round, top round, steak, separable lean only, trimmed to 1/8"" fat, choice, raw",22.69,4.78,0.0,,,,,Beef Products,
sr_legacy_171838,sr_legacy,171838,多谷物饼干,"Crackers, multigrain",7.1,20.4,67.6,,,,,Baked Products,
sr_legacy_171844,sr_legacy,171844,恰巴提或印度烙饼，原味，商业制作,"Bread, chapati or roti, plain, commercially prepared",11.25,7.45,46.36,,,,,Baked Products,
sr_legacy_171845,sr_legacy,171845,原味 Naan 印度烤饼，商业制作，冷藏,"Bread, naan, plain, commercially prepared, refrigerated",9.62,5.65,50.43,,,,,Baked Products,
sr_legacy_171846,sr_legacy,171846,标准零食饼干，含全麦,"Crackers, standard snack-type, with whole wheat",7.29,17.84,68.37,,,,,Baked Products,
sr_legacy_171848,sr_legacy,171848,夹心饼干，花生酱馅，低脂,"Crackers, sandwich-type, peanut butter filled, reduced fat",8.33,16.67,63.49,,,,,Baked Products,
sr_legacy_171849,sr_legacy,171849,肉桂面包,"Bread, cinnamon",7.05,5.29,44.38,,,,,Baked Products,
sr_legacy_171850,sr_legacy,171850,发芽小麦面包,"Bread, wheat, sprouted",13.16,0.0,33.88,,,,,Baked Products,
sr_legacy_171851,sr_legacy,171851,发芽小麦面包，烤过,"Bread, wheat, sprouted, toasted",14.3,0.0,36.82,,,,,Baked Products,
sr_legacy_171852,sr_legacy,171852,多谷物贝果,"Bagels, multigrain",9.9,1.24,47.47,,,,,Baked Products,
sr_legacy_171854,sr_legacy,171854,薄烤饼干，低钠,"Crackers, toast thins, low sodium",6.45,16.13,67.66,,,,,Baked Products,
sr_legacy_171855,sr_legacy,171855,全谷物夹心饼干，花生酱馅,"Crackers, whole grain, sandwich-type, with peanut butter filling",14.12,21.18,54.59,,,,,Baked Products,
sr_legacy_171856,sr_legacy,171856,水饼干,"Crackers, water biscuits",7.14,7.14,72.81,,,,,Baked Products,
sr_legacy_171861,sr_legacy,171861,无麸质白餐包，含糙米粉、木薯淀粉和马铃薯淀粉,"Rolls, gluten-free, white, made with brown rice flour, tapioca starch, and potato starch",7.99,6.4,55.1,,,,,Baked Products,
sr_legacy_171862,sr_legacy,171862,无麸质白餐包，含米粉、米淀粉和玉米淀粉,"Rolls, gluten-free, white, made with rice flour, rice starch, and corn starch",3.34,2.65,50.47,,,,,Baked Products,
sr_legacy_171863,sr_legacy,171863,无麸质白餐包，含糙米粉、木薯淀粉和高粱粉,"Rolls, gluten-free, white, made with brown rice flour, tapioca starch, and sorghum flour",5.65,8.2,40.24,,,,,Baked Products,
sr_legacy_171864,sr_legacy,171864,无麸质全谷物餐包，含木薯淀粉和糙米粉,"Rolls, gluten-free, whole grain, made with tapioca starch and brown rice flour",11.8,11.6,44.29,,,,,Baked Products,
sr_legacy_171948,sr_legacy,171948,条纹鲈，生,"Fish, bass, striped, raw",17.73,2.33,0.0,,,,,Finfish and Shellfish Products,
sr_legacy_171949,sr_legacy,171949,蓝鱼（bluefish），生,"Fish, bluefish, raw",20.04,4.24,0.0,,,,,Finfish and Shellfish Products,少见鱼名，保留英文 bluefish 便于核对
sr_legacy_171950,sr_legacy,171950,江鳕，生,"Fish, burbot, raw",19.31,0.81,0.0,,,,,Finfish and Shellfish Products,
sr_legacy_171951,sr_legacy,171951,奶油鱼（butterfish），生,"Fish, butterfish, raw",17.28,8.02,0.0,,,,,Finfish and Shellfish Products,少见鱼名，保留英文 butterfish 便于核对
sr_legacy_171952,sr_legacy,171952,鲤鱼，生,"Fish, carp, raw",17.83,5.6,0.0,,,,,Finfish and Shellfish Products,
sr_legacy_171953,sr_legacy,171953,湖鲱（cisco），生,"Fish, cisco, raw",18.99,1.91,0.0,,,,,Finfish and Shellfish Products,少见鱼名，保留英文 cisco 便于核对
sr_legacy_171954,sr_legacy,171954,湖鲱（cisco），烟熏,"Fish, cisco, smoked",16.36,11.9,0.0,,,,,Finfish and Shellfish Products,少见鱼名，保留英文 cisco 便于核对
sr_legacy_171955,sr_legacy,171955,大西洋鳕鱼，生,"Fish, cod, Atlantic, raw",17.81,0.67,0.0,,,,,Finfish and Shellfish Products,
sr_legacy_171956,sr_legacy,171956,大西洋鳕鱼，熟，干热烹调（烤/煎）,"Fish, cod, Atlantic, cooked, dry heat",22.83,0.86,0.0,,,,,Finfish and Shellfish Products,
sr_legacy_171957,sr_legacy,171957,大西洋石首鱼（croaker），熟，裹面衣油炸,"Fish, croaker, Atlantic, cooked, breaded and fried",18.2,12.67,7.54,,,,,Finfish and Shellfish Products,
sr_legacy_171958,sr_legacy,171958,鳕鼬鱼（cusk），生,"Fish, cusk, raw",18.99,0.69,0.0,,,,,Finfish and Shellfish Products,少见鱼名，保留英文 cusk 便于核对
sr_legacy_171959,sr_legacy,171959,鬼头刀鱼（Mahi-mahi），生,"Fish, mahimahi, raw",18.5,0.7,0.0,,,,,Finfish and Shellfish Products,又称鬼头刀/鲯鳅，保留 Mahi-mahi 便于搜索
sr_legacy_171960,sr_legacy,171960,淡水鼓鱼（drum），生,"Fish, drum, freshwater, raw",17.54,4.93,0.0,,,,,Finfish and Shellfish Products,
sr_legacy_171961,sr_legacy,171961,Gefiltefish 犹太鱼丸，商业制品，甜味配方,"Fish, gefiltefish, commercial, sweet recipe",9.07,1.73,7.41,,,,,Finfish and Shellfish Products,犹太鱼丸类食品，保留 Gefiltefish 便于搜索
sr_legacy_171962,sr_legacy,171962,石斑鱼，混合品种，生,"Fish, grouper, mixed species, raw",19.38,1.02,0.0,,,,,Finfish and Shellfish Products,
sr_legacy_171963,sr_legacy,171963,石斑鱼，混合品种，熟，干热烹调（烤/煎）,"Fish, grouper, mixed species, cooked, dry heat",24.84,1.3,0.0,,,,,Finfish and Shellfish Products,
sr_legacy_171964,sr_legacy,171964,黑线鳕，生,"Fish, haddock, raw",16.32,0.45,0.0,,,,,Finfish and Shellfish Products,
sr_legacy_171965,sr_legacy,171965,格陵兰大比目鱼，生,"Fish, halibut, Greenland, raw",14.37,13.84,0.0,,,,,Finfish and Shellfish Products,
sr_legacy_171966,sr_legacy,171966,蓝蟹，罐装,"Crustaceans, crab, blue, canned",17.88,0.74,0.0,,,,,Finfish and Shellfish Products,
sr_legacy_171967,sr_legacy,171967,蓝蟹蟹饼，家庭配方,"Crustaceans, crab, blue, crab cakes, home recipe",20.21,7.52,0.48,,,,,Finfish and Shellfish Products,
sr_legacy_171968,sr_legacy,171968,珍宝蟹，生,"Crustaceans, crab, dungeness, raw",17.41,0.97,0.74,,,,,Finfish and Shellfish Products,
sr_legacy_171969,sr_legacy,171969,皇后蟹（雪蟹），生,"Crustaceans, crab, queen, raw",18.5,1.18,0.0,,,,,Finfish and Shellfish Products,
sr_legacy_171970,sr_legacy,171970,虾，混合品种，熟，裹面衣油炸,"Crustaceans, shrimp, mixed species, cooked, breaded and fried",21.39,12.28,11.47,,,,,Finfish and Shellfish Products,
sr_legacy_171971,sr_legacy,171971,虾，混合品种，熟，水煮/蒸煮，可能含保水添加剂,"Crustaceans, shrimp, mixed species, cooked, moist heat (may contain additives to retain moisture)",22.78,1.7,1.52,,,,,Finfish and Shellfish Products,原名标注可能含保水添加剂
sr_legacy_171972,sr_legacy,171972,虾，混合品种，罐装,"Crustaceans, shrimp, mixed species, canned",20.42,1.36,0.0,,,,,Finfish and Shellfish Products,
sr_legacy_171973,sr_legacy,171973,虾，混合品种，仿制，鱼糜制,"Crustaceans, shrimp, mixed species, imitation, made from surimi",12.39,1.47,9.13,,,,,Finfish and Shellfish Products,鱼糜制品，保留 surimi 便于核对
sr_legacy_171974,sr_legacy,171974,蛤蜊，混合品种，熟，裹面衣油炸,"Mollusks, clam, mixed species, cooked, breaded and fried",14.24,11.15,10.33,,,,,Finfish and Shellfish Products,
sr_legacy_171975,sr_legacy,171975,蛤蜊，混合品种，熟，水煮/蒸煮,"Mollusks, clam, mixed species, cooked, moist heat",25.55,1.95,5.13,,,,,Finfish and Shellfish Products,
sr_legacy_171976,sr_legacy,171976,蛤蜊，混合品种，罐装，沥干固形物,"Mollusks, clam, mixed species, canned, drained solids",24.25,1.59,5.9,,,,,Finfish and Shellfish Products,
sr_legacy_171977,sr_legacy,171977,蛤蜊，混合品种，罐装，罐装汁液,"Mollusks, clam, mixed species, canned, liquid",0.4,0.02,0.1,,,,,Finfish and Shellfish Products,
sr_legacy_171978,sr_legacy,171978,美洲牡蛎，野生，生,"Mollusks, oyster, eastern, wild, raw",5.71,1.71,2.72,,,,,Finfish and Shellfish Products,
sr_legacy_171979,sr_legacy,171979,美洲牡蛎，熟，裹面衣油炸,"Mollusks, oyster, eastern, cooked, breaded and fried",8.77,12.58,11.62,,,,,Finfish and Shellfish Products,
sr_legacy_171980,sr_legacy,171980,美洲牡蛎，野生，熟，水煮/蒸煮,"Mollusks, oyster, eastern, wild, cooked, moist heat",11.42,3.42,5.45,,,,,Finfish and Shellfish Products,
sr_legacy_171981,sr_legacy,171981,美洲牡蛎，罐装,"Mollusks, oyster, eastern, canned",7.06,2.47,3.91,,,,,Finfish and Shellfish Products,
sr_legacy_171982,sr_legacy,171982,鱿鱼，混合品种，熟，油炸,"Mollusks, squid, mixed species, cooked, fried",17.94,7.48,7.79,,,,,Finfish and Shellfish Products,
sr_legacy_171983,sr_legacy,171983,海螺/峨螺，未指定，生,"Mollusks, whelk, unspecified, raw",23.84,0.4,7.76,,,,,Finfish and Shellfish Products,
sr_legacy_171984,sr_legacy,171984,海螺/峨螺，未指定，熟，水煮/蒸煮,"Mollusks, whelk, unspecified, cooked, moist heat",47.68,0.8,15.52,,,,,Finfish and Shellfish Products,
sr_legacy_171985,sr_legacy,171985,帝王三文鱼（奇努克鲑），lox 冷熏，普通型,"Fish, salmon, chinook, smoked, (lox), regular",18.28,4.32,0.0,,,,,Finfish and Shellfish Products,
sr_legacy_171986,sr_legacy,171986,淡色金枪鱼，水浸罐装，不加盐，沥干固形物,"Fish, tuna, light, canned in water, without salt, drained solids",25.51,0.82,0.0,,,,,Finfish and Shellfish Products,
sr_legacy_171987,sr_legacy,171987,白金枪鱼（长鳍金枪鱼），油浸罐装，不加盐，沥干固形物,"Fish, tuna, white, canned in oil, without salt, drained solids",26.53,8.08,0.0,,,,,Finfish and Shellfish Products,
sr_legacy_171988,sr_legacy,171988,白金枪鱼（长鳍金枪鱼），水浸罐装，不加盐，沥干固形物,"Fish, tuna, white, canned in water, without salt, drained solids",23.62,2.97,0.0,,,,,Finfish and Shellfish Products,
sr_legacy_171989,sr_legacy,171989,淡水鲈鱼，混合品种，熟，干热烹调（烤/煎）,"Fish, bass, freshwater, mixed species, cooked, dry heat",24.18,4.73,0.0,,,,,Finfish and Shellfish Products,
sr_legacy_171990,sr_legacy,171990,太平洋鳕鱼，熟，干热烹调（烤/煎），可能含保水添加剂,"Fish, cod, Pacific, cooked, dry heat (may contain additives to retain moisture)",18.73,0.5,0.0,,,,,Finfish and Shellfish Products,原名标注可能含保水添加剂
sr_legacy_171991,sr_legacy,171991,鳕鼬鱼（cusk），熟，干热烹调（烤/煎）,"Fish, cusk, cooked, dry heat",24.35,0.88,0.0,,,,,Finfish and Shellfish Products,少见鱼名，保留英文 cusk 便于核对
sr_legacy_171992,sr_legacy,171992,鬼头刀鱼（Mahi-mahi），熟，干热烹调（烤/煎）,"Fish, mahimahi, cooked, dry heat",23.72,0.9,0.0,,,,,Finfish and Shellfish Products,又称鬼头刀/鲯鳅，保留 Mahi-mahi 便于搜索
sr_legacy_171993,sr_legacy,171993,淡水鼓鱼（drum），熟，干热烹调（烤/煎）,"Fish, drum, freshwater, cooked, dry heat",22.49,6.32,0.0,,,,,Finfish and Shellfish Products,
sr_legacy_171994,sr_legacy,171994,太平洋鲭鱼和竹荚鱼，混合品种，熟，干热烹调（烤/煎）,"Fish, mackerel, Pacific and jack, mixed species, cooked, dry heat",25.73,10.12,0.0,,,,,Finfish and Shellfish Products,
sr_legacy_171995,sr_legacy,171995,虱目鱼，熟，干热烹调（烤/煎）,"Fish, milkfish, cooked, dry heat",26.32,8.63,0.0,,,,,Finfish and Shellfish Products,
sr_legacy_171996,sr_legacy,171996,安康鱼，熟，干热烹调（烤/煎）,"Fish, monkfish, cooked, dry heat",18.56,1.95,0.0,,,,,Finfish and Shellfish Products,
sr_legacy_171997,sr_legacy,171997,玻璃梭鲈（walleye），熟，干热烹调（烤/煎）,"Fish, pike, walleye, cooked, dry heat",24.54,1.56,0.0,,,,,Finfish and Shellfish Products,
sr_legacy_171998,sr_legacy,171998,大西洋三文鱼（鲑鱼），野生，熟，干热烹调（烤/煎）,"Fish, salmon, Atlantic, wild, cooked, dry heat",25.44,8.13,0.0,,,,,Finfish and Shellfish Products,
sr_legacy_171999,sr_legacy,171999,帝王三文鱼（奇努克鲑），熟，干热烹调（烤/煎）,"Fish, salmon, chinook, cooked, dry heat",25.72,13.38,0.0,,,,,Finfish and Shellfish Products,
sr_legacy_172000,sr_legacy,172000,狗鲑/秋鲑，熟，干热烹调（烤/煎）,"Fish, salmon, chum, cooked, dry heat",25.82,4.83,0.0,,,,,Finfish and Shellfish Products,
sr_legacy_172001,sr_legacy,172001,粉红三文鱼（粉鲑），熟，干热烹调（烤/煎）,"Fish, salmon, pink, cooked, dry heat",24.58,5.28,0.0,,,,,Finfish and Shellfish Products,
sr_legacy_172002,sr_legacy,172002,白吸口鱼（sucker），熟，干热烹调（烤/煎）,"Fish, sucker, white, cooked, dry heat",21.49,2.97,0.0,,,,,Finfish and Shellfish Products,少见鱼名，保留英文 sucker 便于核对
sr_legacy_172003,sr_legacy,172003,南瓜籽太阳鱼（sunfish），熟，干热烹调（烤/煎）,"Fish, sunfish, pumpkin seed, cooked, dry heat",24.87,0.9,0.0,,,,,Finfish and Shellfish Products,少见鱼名，保留英文 sunfish 便于核对
sr_legacy_172004,sr_legacy,172004,鳟鱼，混合品种，熟，干热烹调（烤/煎）,"Fish, trout, mixed species, cooked, dry heat",26.63,8.47,0.0,,,,,Finfish and Shellfish Products,
sr_legacy_172005,sr_legacy,172005,鲣鱼/跳鲣金枪鱼，鲜，熟，干热烹调（烤/煎）,"Fish, tuna, skipjack, fresh, cooked, dry heat",28.21,1.29,0.0,,,,,Finfish and Shellfish Products,
sr_legacy_172006,sr_legacy,172006,黄鳍金枪鱼，鲜，熟，干热烹调（烤/煎）,"Fish, tuna, yellowfin, fresh, cooked, dry heat",29.15,0.59,0.0,,,,,Finfish and Shellfish Products,
sr_legacy_172007,sr_legacy,172007,珍宝蟹，熟，水煮/蒸煮,"Crustaceans, crab, dungeness, cooked, moist heat",22.32,1.24,0.95,,,,,Finfish and Shellfish Products,
sr_legacy_172008,sr_legacy,172008,皇后蟹（雪蟹），熟，水煮/蒸煮,"Crustaceans, crab, queen, cooked, moist heat",23.72,1.51,0.0,,,,,Finfish and Shellfish Products,
sr_legacy_172009,sr_legacy,172009,刺龙虾/岩龙虾，混合品种，熟，水煮/蒸煮,"Crustaceans, spiny lobster, mixed species, cooked, moist heat",26.41,1.94,3.12,,,,,Finfish and Shellfish Products,
sr_legacy_172010,sr_legacy,172010,墨鱼/乌贼，混合品种，熟，水煮/蒸煮,"Mollusks, cuttlefish, mixed species, cooked, moist heat",32.48,1.4,1.64,,,,,Finfish and Shellfish Products,
sr_legacy_172014,sr_legacy,172014,意面，熟，未强化，加盐,"Pasta, cooked, unenriched, with added salt",5.8,0.93,30.59,,,,,Cereal Grains and Pasta,
sr_legacy_172015,sr_legacy,172015,白色脱胚未强化玉米面,"Cornmeal, degermed, unenriched, white",7.11,1.75,79.45,,,,,Cereal Grains and Pasta,
sr_legacy_172023,sr_legacy,172023,小米粉,Millet flour,10.75,4.25,75.12,,,,,Cereal Grains and Pasta,
sr_legacy_172024,sr_legacy,172024,全谷物意面，51%全麦，其余为强化粗粒小麦粉，熟,"Pasta, whole grain, 51% whole wheat, remaining enriched semolina, cooked (Includes foods for USDA's Food Distribution Program)",5.67,1.48,30.87,,,,,Cereal Grains and Pasta,
sr_legacy_172025,sr_legacy,172025,全谷物意面，51%全麦，其余为强化粗粒小麦粉，干,"Pasta, whole grain, 51% whole wheat, remaining enriched semolina, dry (Includes foods for USDA's Food Distribution Program)",13.2,2.55,73.3,,,,,Cereal Grains and Pasta,
sr_legacy_172027,sr_legacy,172027,ANCIENT HARVEST 无麸质意面，玉米粉和藜麦粉，熟,"Pasta, gluten-free, corn flour and quinoa flour, cooked, ANCIENT HARVEST",3.23,2.07,31.11,,,,,Cereal Grains and Pasta,保留品牌名 ANCIENT HARVEST
sr_legacy_172115,sr_legacy,172115,牛短腰脊 Porterhouse 牛排，可分离瘦肉和脂肪，外部脂肪修整至1/8英寸，各等级，熟，煎烤,"Beef, short loin, porterhouse steak, separable lean and fat, trimmed to 1/8"" fat, all grades, cooked, grilled",25.4,18.57,0.0,,,,,Beef Products,Porterhouse 为牛短腰脊大块带骨牛排，保留英文方便核对
sr_legacy_172116,sr_legacy,172116,牛短腰脊 Porterhouse 牛排，可分离瘦肉和脂肪，外部脂肪修整至1/8英寸，Select级，生,"Beef, short loin, porterhouse steak, separable lean and fat, trimmed to 1/8"" fat, select, raw",20.69,13.27,0.0,,,,,Beef Products,Porterhouse 为牛短腰脊大块带骨牛排，保留英文方便核对
sr_legacy_172117,sr_legacy,172117,牛短腰脊 Porterhouse 牛排，可分离瘦肉和脂肪，外部脂肪修整至1/8英寸，Select级，熟，煎烤,"Beef, short loin, porterhouse steak, separable lean and fat, trimmed to 1/8"" fat, select, cooked, grilled",26.21,16.75,0.0,,,,,Beef Products,Porterhouse 为牛短腰脊大块带骨牛排，保留英文方便核对
sr_legacy_172118,sr_legacy,172118,牛短腰脊 T骨牛排，可分离瘦肉和脂肪，外部脂肪修整至1/8英寸，各等级，生,"Beef, short loin, t-bone steak, separable lean and fat, trimmed to 1/8"" fat, all grades, raw",20.11,15.18,0.0,,,,,Beef Products,T-bone 为常见牛排名称，保留英文方便搜索
sr_legacy_172119,sr_legacy,172119,牛霖侧部牛排，可分离瘦肉和脂肪，去除外部脂肪，Choice级，熟，煎烤,"Beef, round, knuckle, tip side, steak, separable lean and fat, trimmed to 0"" fat, choice, cooked, grilled",28.79,5.71,0.0,,,,,Beef Products,knuckle 按牛霖/后腿膝圆部位处理
sr_legacy_172120,sr_legacy,172120,牛霖侧部牛排，可分离瘦肉和脂肪，去除外部脂肪，Select级，生,"Beef, round, knuckle, tip side, steak, separable lean and fat , trimmed to 0"" fat, select, raw",21.96,3.24,0.0,,,,,Beef Products,knuckle 按牛霖/后腿膝圆部位处理
sr_legacy_172121,sr_legacy,172121,牛霖侧部牛排，可分离瘦肉和脂肪，去除外部脂肪，Select级，熟，煎烤,"Beef, round, knuckle, tip side, steak, separable lean and fat, trimmed to 0"" fat, select, cooked, grilled",29.24,3.91,0.0,,,,,Beef Products,knuckle 按牛霖/后腿膝圆部位处理
sr_legacy_172122,sr_legacy,172122,牛肩胛肉块肩嫩肉圆片，可分离瘦肉和脂肪，去除外部脂肪，Choice级，生,"Beef, chuck, shoulder clod, shoulder tender, medallion, separable lean and fat, trimmed to 0"" fat, choice, raw",20.51,6.36,0,,,,,Beef Products,
sr_legacy_172123,sr_legacy,172123,牛肩胛肉块肩上部和中心部牛排，可分离瘦肉和脂肪，去除外部脂肪，Select级，生,"Beef, chuck, shoulder clod, shoulder top and center steaks, separable lean and fat, trimmed to 0"" fat, select, raw",21.13,5.51,0,,,,,Beef Products,
sr_legacy_172124,sr_legacy,172124,牛肩胛肉块肩上部和中心部牛排，可分离瘦肉和脂肪，去除外部脂肪，Select级，熟，烤架烤制,"Beef, chuck, shoulder clod, shoulder top and center steaks, separable lean and fat, trimmed to 0"" fat, select, cooked, grilled",26.66,6.94,0,,,,,Beef Products,
sr_legacy_172125,sr_legacy,172125,牛肩胛肉块上板腱牛排，可分离瘦肉和脂肪，去除外部脂肪，Choice级，生,"Beef, chuck, shoulder clod, top blade, steak, separable lean and fat, trimmed to 0"" fat, choice, raw",18.75,11.33,0,,,,,Beef Products,
sr_legacy_172126,sr_legacy,172126,牛肩胛肉块上板腱牛排，可分离瘦肉和脂肪，去除外部脂肪，Choice级，熟，烤架烤制,"Beef, chuck, shoulder clod, top blade, steak, separable lean and fat, trimmed to 0"" fat, choice, cooked, grilled",24.7,13.59,0,,,,,Beef Products,
sr_legacy_172127,sr_legacy,172127,牛霖中心部牛排，可分离瘦肉和脂肪，去除外部脂肪，Select级，熟，煎烤,"Beef, round, knuckle, tip center, steak, separable lean and fat, trimmed to 0"" fat, select, cooked, grilled",26.61,5.32,0.0,,,,,Beef Products,knuckle 按牛霖/后腿膝圆部位处理
sr_legacy_172128,sr_legacy,172128,牛外后腿下圆肉牛排，可分离瘦肉和脂肪，去除外部脂肪，Choice级，生,"Beef, round, outside round, bottom round, steak, separable lean and fat, trimmed to 0"" fat, choice, raw",21.24,6.59,0.0,,,,,Beef Products,
sr_legacy_172129,sr_legacy,172129,牛外后腿下圆肉牛排，可分离瘦肉和脂肪，去除外部脂肪，Choice级，熟，煎烤,"Beef, round, outside round, bottom round, steak, separable lean and fat, trimmed to 0"" fat, choice, cooked, grilled",27.22,8.3,0.0,,,,,Beef Products,
sr_legacy_172130,sr_legacy,172130,牛外后腿下圆肉牛排，可分离瘦肉和脂肪，去除外部脂肪，Select级，生,"Beef, round, outside round, bottom round, steak, separable lean and fat, trimmed to 0"" fat, select, raw",22.15,3.83,0.0,,,,,Beef Products,
sr_legacy_172131,sr_legacy,172131,牛霖侧部牛排，可分离瘦肉和脂肪，去除外部脂肪，各等级，熟，煎烤,"Beef, round, knuckle, tip side, steak, separable lean and fat, trimmed to 0"" fat, all grades, cooked, grilled",29.08,4.84,0.0,,,,,Beef Products,knuckle 按牛霖/后腿膝圆部位处理
sr_legacy_172132,sr_legacy,172132,牛肩胛肉块肩上部和中心部牛排，可分离瘦肉和脂肪，去除外部脂肪，所有等级，生,"Beef, chuck, shoulder clod, shoulder top and center steaks, separable lean and fat, trimmed to 0"" fat, all grades, raw",20.67,5.88,0,,,,,Beef Products,
sr_legacy_172133,sr_legacy,172133,牛肩胛肉块肩上部和中心部牛排，可分离瘦肉和脂肪，去除外部脂肪，所有等级，熟，烤架烤制,"Beef, chuck, shoulder clod, shoulder top and center steaks, separable lean and fat, trimmed to 0"" fat, all grades, cooked, grilled",26.3,7.66,0.12,,,,,Beef Products,
sr_legacy_172134,sr_legacy,172134,牛肩胛肉块上板腱牛排，可分离瘦肉和脂肪，去除外部脂肪，所有等级，生,"Beef, chuck, shoulder clod, top blade, steak, separable lean and fat, trimmed to 0"" fat, all grades, raw",18.99,10.52,0,,,,,Beef Products,
sr_legacy_172135,sr_legacy,172135,牛外后腿下圆肉牛排，可分离瘦肉和脂肪，去除外部脂肪，各等级，熟，煎烤,"Beef, round, outside round, bottom round, steak, separable lean and fat, trimmed to 0"" fat, all grades, cooked, grilled",27.52,7.1,0.0,,,,,Beef Products,
sr_legacy_172136,sr_legacy,172136,牛肩胛肉块肩嫩肉圆片，可分离瘦肉和脂肪，去除外部脂肪，Select级，熟，烤架烤制,"Beef, chuck, shoulder clod, shoulder tender, medallion, separable lean and fat, trimmed to 0"" fat, select, cooked, grilled",26.45,6.43,0.33,,,,,Beef Products,
sr_legacy_172137,sr_legacy,172137,牛腹板内裙牛排，去骨，仅可分离瘦肉，去除外部脂肪，Choice 等级，生,"Beef, plate steak, boneless, inside skirt, separable lean only, trimmed to 0"" fat, choice, raw",20.89,9.76,0.0,,,,,Beef Products,
sr_legacy_172138,sr_legacy,172138,牛腹板内裙牛排，去骨，仅可分离瘦肉，去除外部脂肪，Select 等级，熟，煎烤,"Beef, plate steak, boneless, inside skirt, separable lean only, trimmed to 0"" fat, select, cooked, grilled",30.64,11.16,0.0,,,,,Beef Products,
sr_legacy_172139,sr_legacy,172139,牛腹板内裙牛排，去骨，仅可分离瘦肉，去除外部脂肪，Select 等级，生,"Beef, plate steak, boneless, inside skirt, separable lean only, trimmed to 0"" fat, select, raw",21.61,7.41,0.0,,,,,Beef Products,
sr_legacy_172140,sr_legacy,172140,牛腹板外裙牛排，去骨，仅可分离瘦肉，去除外部脂肪，各等级，熟，煎烤,"Beef, plate steak, boneless, outside skirt, separable lean only, trimmed to 0"" fat, all grades, cooked, grilled",27.68,19.01,0.0,,,,,Beef Products,
sr_legacy_172141,sr_legacy,172141,牛腹板外裙牛排，去骨，仅可分离瘦肉，去除外部脂肪，Select 等级，生,"Beef, plate steak, boneless, outside skirt, separable lean only, trimmed to 0"" fat, select, raw",19.14,13.44,0.23,,,,,Beef Products,
sr_legacy_172142,sr_legacy,172142,牛肋眼牛排，去骨，去边肉，仅可分离瘦肉，去除外部脂肪，各等级，熟，煎烤,"Beef, rib eye steak, boneless, lip off, separable lean only, trimmed to 0"" fat, all grades, cooked, grilled",28.11,10.37,0.0,,,,,Beef Products,lip-on/lip off 按带边肉/去边肉处理
sr_legacy_172143,sr_legacy,172143,牛肋眼牛排，去骨，去边肉，仅可分离瘦肉，去除外部脂肪，各等级，生,"Beef, rib eye steak, boneless, lip off, separable lean only, trimmed to 0"" fat, all grades, raw",21.85,7.41,0.0,,,,,Beef Products,lip-on/lip off 按带边肉/去边肉处理
sr_legacy_172144,sr_legacy,172144,牛肋眼牛排，去骨，去边肉，仅可分离瘦肉，去除外部脂肪，Choice 等级，熟，煎烤,"Beef, rib eye steak, boneless, lip off, separable lean only, trimmed to 0"" fat, choice, cooked, grilled",27.39,11.75,0.0,,,,,Beef Products,lip-on/lip off 按带边肉/去边肉处理
sr_legacy_172145,sr_legacy,172145,牛背肋排，带骨，仅可分离瘦肉，去除外部脂肪，各等级，生,"Beef, rib, back ribs, bone-in, separable lean only, trimmed to 0"" fat, all grades, raw",19.11,17.91,0.46,,,,,Beef Products,
sr_legacy_172146,sr_legacy,172146,牛背肋排，带骨，仅可分离瘦肉，去除外部脂肪，Choice 等级，熟，炖煮,"Beef, rib, back ribs, bone-in, separable lean only, trimmed to 0"" fat, choice, cooked, braised",27.75,21.72,0.0,,,,,Beef Products,
sr_legacy_172147,sr_legacy,172147,牛背肋排，带骨，仅可分离瘦肉，去除外部脂肪，Choice 等级，生,"Beef, rib, back ribs, bone-in, separable lean only, trimmed to 0"" fat, choice, raw",18.72,19.36,0.64,,,,,Beef Products,
sr_legacy_172148,sr_legacy,172148,牛背肋排，带骨，仅可分离瘦肉，去除外部脂肪，Select 等级，熟，炖煮,"Beef, rib, back ribs, bone-in, separable lean only, trimmed to 0"" fat, select, cooked, braised",29.28,18.84,0.0,,,,,Beef Products,
sr_legacy_172149,sr_legacy,172149,牛肋眼烤块，带骨，带边肉，可分离瘦肉和脂肪，外部脂肪修整至1/8英寸，Select 等级，熟，烤制,"Beef, rib eye roast, bone-in, lip-on, separable lean and fat, trimmed to 1/8"" fat, select, cooked, roasted",23.36,21.85,0.0,,,,,Beef Products,lip-on/lip off 按带边肉/去边肉处理
sr_legacy_172150,sr_legacy,172150,牛肋眼烤块，带骨，带边肉，可分离瘦肉和脂肪，外部脂肪修整至1/8英寸，各等级，熟，烤制,"Beef, rib eye roast, bone-in, lip-on, separable lean and fat, trimmed to 1/8"" fat, all grades, cooked, roasted",23.47,22.91,0.0,,,,,Beef Products,lip-on/lip off 按带边肉/去边肉处理
sr_legacy_172151,sr_legacy,172151,牛肋眼牛排/烤块，带骨，带边肉，可分离瘦肉和脂肪，外部脂肪修整至1/8英寸，各等级，生,"Beef, rib eye steak/roast, bone-in, lip-on, separable lean and fat, trimmed to 1/8"" fat, all grades, raw",18.13,20.31,0.0,,,,,Beef Products,lip-on/lip off 按带边肉/去边肉处理
sr_legacy_172152,sr_legacy,172152,牛肋眼牛排/烤块，带骨，带边肉，可分离瘦肉和脂肪，外部脂肪修整至1/8英寸，Choice 等级，生,"Beef, rib eye steak/roast, bone-in, lip-on, separable lean and fat, trimmed to 1/8"" fat, choice, raw",17.92,20.96,0.0,,,,,Beef Products,lip-on/lip off 按带边肉/去边肉处理
sr_legacy_172153,sr_legacy,172153,牛肋眼烤块，去骨，带边肉，可分离瘦肉和脂肪，外部脂肪修整至1/8英寸，各等级，熟，烤制,"Beef, rib eye roast, boneless, lip-on, separable lean and fat, trimmed to 1/8"" fat, all grades, cooked, roasted",24.3,21.66,0.0,,,,,Beef Products,lip-on/lip off 按带边肉/去边肉处理
sr_legacy_172154,sr_legacy,172154,牛肋眼烤块，去骨，带边肉，可分离瘦肉和脂肪，外部脂肪修整至1/8英寸，Choice 等级，熟，烤制,"Beef, rib eye roast, boneless, lip-on, separable lean and fat, trimmed to 1/8"" fat, choice, cooked, roasted",23.92,22.98,0.0,,,,,Beef Products,lip-on/lip off 按带边肉/去边肉处理
sr_legacy_172155,sr_legacy,172155,牛肋眼烤块，去骨，带边肉，可分离瘦肉和脂肪，外部脂肪修整至1/8英寸，Select 等级，熟，烤制,"Beef, rib eye roast, boneless, lip-on, separable lean and fat, trimmed to 1/8"" fat, select, cooked, roasted",24.85,19.68,0.0,,,,,Beef Products,lip-on/lip off 按带边肉/去边肉处理
sr_legacy_172156,sr_legacy,172156,牛肋眼牛排/烤块，去骨，带边肉，可分离瘦肉和脂肪，外部脂肪修整至1/8英寸，各等级，生,"Beef, rib eye steak/roast, boneless, lip-on, separable lean and fat, trimmed to 1/8"" fat, all grades, raw",18.85,18.73,0.0,,,,,Beef Products,lip-on/lip off 按带边肉/去边肉处理
sr_legacy_172157,sr_legacy,172157,牛腹板内裙牛排，去骨，可分离瘦肉和脂肪，去除外部脂肪，Select 等级，熟，煎烤,"Beef, plate steak, boneless, inside skirt, separable lean and fat, trimmed to 0"" fat, select, cooked, grilled",30.06,12.54,0.0,,,,,Beef Products,
sr_legacy_172158,sr_legacy,172158,牛腹板内裙牛排，去骨，可分离瘦肉和脂肪，去除外部脂肪，各等级，生,"Beef, plate steak, boneless, inside skirt, separable lean and fat, trimmed to 0"" fat, all grades, raw",20.38,11.71,0.0,,,,,Beef Products,
sr_legacy_172159,sr_legacy,172159,牛腹板内裙牛排，去骨，可分离瘦肉和脂肪，去除外部脂肪，Choice 等级，生,"Beef, plate steak, boneless, inside skirt, separable lean and fat, trimmed to 0"" fat, choice, raw",20.06,12.78,0.0,,,,,Beef Products,
sr_legacy_172160,sr_legacy,172160,牛腹板内裙牛排，去骨，可分离瘦肉和脂肪，去除外部脂肪，Select 等级，生,"Beef, plate steak, boneless, inside skirt, separable lean and fat, trimmed to 0"" fat, select, raw",20.87,10.11,0.0,,,,,Beef Products,
sr_legacy_172161,sr_legacy,172161,牛肉末，脂肪含量未注明，熟,"Beef, ground, unspecified fat content, cooked",25.07,14.53,0.62,,,,,Beef Products,
sr_legacy_172162,sr_legacy,172162,牛腹板外裙牛排，去骨，可分离瘦肉和脂肪，去除外部脂肪，Choice 等级，生,"Beef, plate steak, boneless, outside skirt, separable lean and fat, trimmed to 0"" fat, choice, raw",17.69,18.44,0.35,,,,,Beef Products,
sr_legacy_172163,sr_legacy,172163,牛腹板外裙牛排，去骨，可分离瘦肉和脂肪，去除外部脂肪，Select 等级，生,"Beef, plate steak, boneless, outside skirt, separable lean and fat, trimmed to 0"" fat, select, raw",18.43,16.31,0.36,,,,,Beef Products,
sr_legacy_172164,sr_legacy,172164,牛肋眼牛排，去骨，去边肉，可分离瘦肉和脂肪，去除外部脂肪，各等级，熟，煎烤,"Beef, rib eye steak, boneless, lip off, separable lean and fat, trimmed to 0"" fat, all grades, cooked, grilled",24.85,19.02,0.0,,,,,Beef Products,lip-on/lip off 按带边肉/去边肉处理
sr_legacy_172165,sr_legacy,172165,牛肋眼牛排，去骨，去边肉，可分离瘦肉和脂肪，去除外部脂肪，Choice 等级，熟，煎烤,"Beef, rib eye steak, boneless, lip off, separable lean and fat, trimmed to 0"" fat, choice, cooked, grilled",23.89,21.1,0.0,,,,,Beef Products,lip-on/lip off 按带边肉/去边肉处理
sr_legacy_172166,sr_legacy,172166,牛背肋排，带骨，可分离瘦肉和脂肪，去除外部脂肪，各等级，熟，炖煮,"Beef, rib, back ribs, bone-in, separable lean and fat, trimmed to 0"" fat, all grades, cooked, braised",24.23,29.21,0.0,,,,,Beef Products,
sr_legacy_172167,sr_legacy,172167,牛背肋排，带骨，可分离瘦肉和脂肪，去除外部脂肪，Choice 等级，熟，炖煮,"Beef, rib, back ribs, bone-in, separable lean and fat, trimmed to 0"" fat, choice, cooked, braised",23.34,30.95,0.0,,,,,Beef Products,
sr_legacy_172168,sr_legacy,172168,牛背肋排，带骨，可分离瘦肉和脂肪，去除外部脂肪，Select 等级，熟，炖煮,"Beef, rib, back ribs, bone-in, separable lean and fat, trimmed to 0"" fat, select, cooked, braised",25.56,26.59,0.0,,,,,Beef Products,
sr_legacy_172169,sr_legacy,172169,牛背肋排，带骨，可分离瘦肉和脂肪，去除外部脂肪，各等级，生,"Beef, rib, back ribs, bone-in, separable lean and fat, trimmed to 0"" fat, all grades, raw",16.15,28.42,0.78,,,,,Beef Products,
sr_legacy_172170,sr_legacy,172170,牛上沙朗盖肉牛排，去骨，仅可分离瘦肉，外部脂肪修整至1/8英寸，各等级，熟，煎烤,"Beef, loin, top sirloin cap steak, boneless, separable lean only, trimmed to 1/8"" fat, all grades, cooked, grilled",28.26,7.23,0.73,,,,,Beef Products,
sr_legacy_172171,sr_legacy,172171,牛上沙朗盖肉牛排，去骨，仅可分离瘦肉，外部脂肪修整至1/8英寸，Choice 等级，熟，煎烤,"Beef, loin, top sirloin cap steak, boneless, separable lean only, trimmed to 1/8"" fat, choice, cooked, grilled",28.19,7.96,1.07,,,,,Beef Products,
sr_legacy_172172,sr_legacy,172172,牛上沙朗盖肉牛排，去骨，仅可分离瘦肉，外部脂肪修整至1/8英寸，Select 等级，熟，煎烤,"Beef, loin, top sirloin cap steak, boneless, separable lean only, trimmed to 1/8"" fat, select, cooked, grilled",28.36,6.14,0.22,,,,,Beef Products,
sr_legacy_172173,sr_legacy,172173,牛上沙朗盖肉牛排，去骨，仅可分离瘦肉，外部脂肪修整至1/8英寸，各等级，生,"Beef, loin, top sirloin cap steak, boneless, separable lean only, trimmed to 1/8"" fat, all grades, raw",21.38,5.36,0.0,,,,,Beef Products,
sr_legacy_172174,sr_legacy,172174,牛上沙朗盖肉牛排，去骨，仅可分离瘦肉，外部脂肪修整至1/8英寸，Choice 等级，生,"Beef, loin, top sirloin cap steak, boneless, separable lean only, trimmed to 1/8"" fat, choice, raw",21.34,5.82,0.0,,,,,Beef Products,
sr_legacy_172175,sr_legacy,172175,蓝纹奶酪,"Cheese, blue",21.4,28.74,2.34,,,,,Dairy and Egg Products,
sr_legacy_172176,sr_legacy,172176,Brick 奶酪,"Cheese, brick",23.24,29.68,2.79,,,,,Dairy and Egg Products,Brick 为美国砖形奶酪，保留英文便于核对
sr_legacy_172177,sr_legacy,172177,布里奶酪,"Cheese, brie",20.75,27.68,0.45,,,,,Dairy and Egg Products,
sr_legacy_172178,sr_legacy,172178,卡门贝尔奶酪,"Cheese, camembert",19.8,24.26,0.46,,,,,Dairy and Egg Products,
sr_legacy_172179,sr_legacy,172179,乡村奶酪，全脂，大凝乳或小凝乳,"Cheese, cottage, creamed, large or small curd",11.12,4.3,3.38,,,,,Dairy and Egg Products,
sr_legacy_172180,sr_legacy,172180,乡村奶酪，全脂，含水果,"Cheese, cottage, creamed, with fruit",10.69,3.85,4.61,,,,,Dairy and Egg Products,
sr_legacy_172181,sr_legacy,172181,乡村奶酪，无脂，未加奶油，干型，大凝乳或小凝乳,"Cheese, cottage, nonfat, uncreamed, dry, large or small curd",10.34,0.29,6.66,,,,,Dairy and Egg Products,
sr_legacy_172182,sr_legacy,172182,乡村奶酪，低脂，2%乳脂,"Cheese, cottage, lowfat, 2% milkfat",10.45,2.27,4.76,,,,,Dairy and Egg Products,
sr_legacy_172183,sr_legacy,172183,蛋白，新鲜，生,"Egg, white, raw, fresh",10.9,0.17,0.73,,,,,Dairy and Egg Products,
sr_legacy_172184,sr_legacy,172184,蛋黄，新鲜，生,"Egg, yolk, raw, fresh",15.86,26.54,3.59,,,,,Dairy and Egg Products,
sr_legacy_172185,sr_legacy,172185,全蛋，熟，煎蛋卷,"Egg, whole, cooked, omelet",10.57,11.66,0.64,,,,,Dairy and Egg Products,
sr_legacy_172186,sr_legacy,172186,全蛋，熟，水波蛋,"Egg, whole, cooked, poached",12.51,9.47,0.71,,,,,Dairy and Egg Products,
sr_legacy_172187,sr_legacy,172187,全蛋，熟，炒蛋,"Egg, whole, cooked, scrambled",9.99,10.98,1.61,,,,,Dairy and Egg Products,
sr_legacy_172188,sr_legacy,172188,全蛋，干制,"Egg, whole, dried",48.05,43.9,1.13,,,,,Dairy and Egg Products,
sr_legacy_172189,sr_legacy,172189,鸭蛋，全蛋，新鲜，生,"Egg, duck, whole, fresh, raw",12.81,13.77,1.45,,,,,Dairy and Egg Products,
sr_legacy_172190,sr_legacy,172190,鹅蛋，全蛋，新鲜，生,"Egg, goose, whole, fresh, raw",13.87,13.27,1.35,,,,,Dairy and Egg Products,
sr_legacy_172191,sr_legacy,172191,鹌鹑蛋，全蛋，新鲜，生,"Egg, quail, whole, fresh, raw",13.05,11.09,0.41,,,,,Dairy and Egg Products,
sr_legacy_172192,sr_legacy,172192,火鸡蛋，全蛋，新鲜，生,"Egg, turkey, whole, fresh, raw",13.68,11.88,1.15,,,,,Dairy and Egg Products,
sr_legacy_172193,sr_legacy,172193,减脂牛奶，液态，2%乳脂，添加脱脂乳固体，未添加维生素A,"Milk, reduced fat, fluid, 2% milkfat, with added nonfat milk solids, without added vitamin A",3.95,1.98,5.49,,,,,Dairy and Egg Products,
sr_legacy_172194,sr_legacy,172194,淡炼乳罐头，添加维生素A,"Milk, canned, evaporated, with added vitamin A",6.81,7.56,10.04,,,,,Dairy and Egg Products,
sr_legacy_172195,sr_legacy,172195,普通脱脂奶粉，添加维生素A和D,"Milk, dry, nonfat, regular, with added vitamin A and vitamin D",36.16,0.77,51.98,,,,,Dairy and Egg Products,
sr_legacy_172196,sr_legacy,172196,速溶脱脂奶粉，未添加维生素A和D,"Milk, dry, nonfat, instant, without added vitamin A and vitamin D",35.1,0.72,52.19,,,,,Dairy and Egg Products,
sr_legacy_172197,sr_legacy,172197,山羊奶酪，硬质,"Cheese, goat, hard type",30.52,35.59,2.17,,,,,Dairy and Egg Products,
sr_legacy_172198,sr_legacy,172198,莫扎雷拉奶酪替代品,"Cheese substitute, mozzarella",11.47,12.22,23.67,,,,,Dairy and Egg Products,
sr_legacy_172199,sr_legacy,172199,CHOBANI 希腊酸奶，2%脂肪，芒果味,"Yogurt, Greek, 2% fat, mango, CHOBANI",7.64,1.69,11.84,,,,,Dairy and Egg Products,保留品牌 CHOBANI
sr_legacy_172200,sr_legacy,172200,奶酪酱，按食谱制作,"Cheese sauce, prepared from recipe",10.33,14.92,5.48,,,,,Dairy and Egg Products,
sr_legacy_172201,sr_legacy,172201,墨西哥 Queso Añejo 陈年奶酪,"Cheese, mexican, queso anejo",21.44,29.98,4.63,,,,,Dairy and Egg Products,保留 Queso Añejo 便于核对
sr_legacy_172202,sr_legacy,172202,全蛋，生，冷冻，巴氏杀菌,"Egg, whole, raw, frozen, pasteurized (Includes foods for USDA's Food Distribution Program)",12.33,9.95,1.01,,,,,Dairy and Egg Products,
sr_legacy_172203,sr_legacy,172203,蛋白，生，冷冻，巴氏杀菌,"Egg, white, raw, frozen, pasteurized",10.2,0.0,1.04,,,,,Dairy and Egg Products,
sr_legacy_172204,sr_legacy,172204,蛋白，干制,"Egg, white, dried",81.1,0.0,7.8,,,,,Dairy and Egg Products,
sr_legacy_172205,sr_legacy,172205,减脂牛奶，液态，2%乳脂，未添加维生素A和D,"Milk, reduced fat, fluid, 2% milkfat, without added vitamin A and vitamin D",3.3,1.98,4.8,,,,,Dairy and Egg Products,
sr_legacy_172206,sr_legacy,172206,帕玛森奶酪调味撒料，无脂,"Parmesan cheese topping, fat free",40.0,5.0,40.0,,,,,Dairy and Egg Products,
sr_legacy_172207,sr_legacy,172207,奶油奶酪，无脂,"Cheese, cream, fat free",15.69,1.0,7.66,,,,,Dairy and Egg Products,
sr_legacy_172212,sr_legacy,172212,Half and Half 淡奶油，无脂,"Cream, half and half, fat free",2.6,1.4,9.0,,,,,Dairy and Egg Products,
sr_legacy_172214,sr_legacy,172214,奶油替代品，粉末，调味,"Cream substitute, flavored, powdered",0.68,21.47,75.42,,,,,Dairy and Egg Products,
sr_legacy_172215,sr_legacy,172215,普罗沃洛奶酪，减脂,"Cheese, provolone, reduced fat",24.7,17.6,3.5,,,,,Dairy and Egg Products,
sr_legacy_172216,sr_legacy,172216,墨西哥混合奶酪，减脂,"Cheese, Mexican, blend, reduced fat",24.69,19.4,3.41,,,,,Dairy and Egg Products,
sr_legacy_172217,sr_legacy,172217,全脂牛奶，3.25%乳脂，未添加维生素A和D,"Milk, whole, 3.25% milkfat, without added vitamin A and vitamin D",3.15,3.27,4.78,,,,,Dairy and Egg Products,
sr_legacy_172218,sr_legacy,172218,水果味低脂酸奶，含低热量甜味剂，强化维生素D,"Yogurt, fruit, lowfat, with low calorie sweetener, fortified with vitamin D",4.86,1.41,18.6,,,,,Dairy and Egg Products,
sr_legacy_172219,sr_legacy,172219,香草味酸奶，低脂，强化维生素D,"Yogurt, vanilla, low fat, fortified with vitamin D",4.93,1.25,13.8,,,,,Dairy and Egg Products,
sr_legacy_172222,sr_legacy,172222,Queso Seco 干白奶酪,"Cheese, dry white, queso seco",24.51,24.35,2.04,,,,,Dairy and Egg Products,墨西哥/拉美干白奶酪，保留 Queso Seco
sr_legacy_172223,sr_legacy,172223,Queso Fresco 鲜奶酪,"Cheese, fresh, queso fresco",18.09,23.82,2.98,,,,,Dairy and Egg Products,墨西哥鲜奶酪，保留 Queso Fresco
sr_legacy_172224,sr_legacy,172224,Queso Blanco 白奶酪,"Cheese, white, queso blanco",20.38,24.31,2.53,,,,,Dairy and Egg Products,墨西哥/拉美白奶酪，保留 Queso Blanco
sr_legacy_172225,sr_legacy,172225,酪乳，液态，全脂,"Milk, buttermilk, fluid, whole",3.21,3.31,4.88,,,,,Dairy and Egg Products,
sr_legacy_172328,sr_legacy,172328,葵花籽油，亚油酸型，部分氢化,"Oil, sunflower, linoleic, (partially hydrogenated)",0.0,100.0,0.0,,,,,Fats and Oils,
sr_legacy_172335,sr_legacy,172335,肉豆蔻脂,"Oil, nutmeg butter",0.0,100.0,0.0,,,,,Fats and Oils,
sr_legacy_172336,sr_legacy,172336,菜籽油,"Oil, canola",0.0,100.0,0.0,,,,,Fats and Oils,
sr_legacy_172337,sr_legacy,172337,芥末籽油,"Oil, mustard",0.0,100.0,0.0,,,,,Fats and Oils,
sr_legacy_172338,sr_legacy,172338,葵花籽油，高油酸型（70%以上）,"Oil, sunflower, high oleic (70% and over)",0.0,100.0,0.0,,,,,Fats and Oils,
sr_legacy_172340,sr_legacy,172340,鲱鱼油,"Fish oil, herring",0.0,100.0,0.0,,,,,Fats and Oils,
sr_legacy_172341,sr_legacy,172341,Menhaden 鱼油,"Fish oil, menhaden",0.0,100.0,0.0,,,,,Fats and Oils,Menhaden 为少见鱼名，保留英文便于核对
sr_legacy_172342,sr_legacy,172342,Menhaden 鱼油，完全氢化,"Fish oil, menhaden, fully hydrogenated",0.0,100.0,0.0,,,,,Fats and Oils,Menhaden 为少见鱼名，保留英文便于核对
sr_legacy_172343,sr_legacy,172343,三文鱼油,"Fish oil, salmon",0.0,100.0,0.0,,,,,Fats and Oils,
sr_legacy_172344,sr_legacy,172344,低脂黄油条，无盐,"Butter, light, stick, without salt",3.3,55.1,0.0,,,,,Fats and Oils,
sr_legacy_172345,sr_legacy,172345,动物油脂，培根油脂,"Animal fat, bacon grease",0.0,99.5,0.0,,,,,Fats and Oils,
sr_legacy_172370,sr_legacy,172370,精炼大豆油,"Oil, vegetable, soybean, refined",0.0,100.0,0.0,,,,,Fats and Oils,
sr_legacy_172373,sr_legacy,172373,肉鸡小腿，带皮肉，生,"Chicken, broilers or fryers, drumstick, meat and skin, raw",18.08,9.2,0.11,,,,,Poultry Products,broiler/fryer 指美国 USDA 肉鸡分类，中文统一译为“肉鸡”。
sr_legacy_172374,sr_legacy,172374,肉鸡小腿，带皮肉，熟，挂浆油炸,"Chicken, broilers or fryers, drumstick, meat and skin, cooked, fried, batter",21.95,15.75,8.28,,,,,Poultry Products,broiler/fryer 指美国 USDA 肉鸡分类，中文统一译为“肉鸡”。
sr_legacy_172375,sr_legacy,172375,肉鸡小腿，仅肉，熟，油炸,"Chicken, broilers or fryers, drumstick, meat only, cooked, fried",28.62,8.08,0,,,,,Poultry Products,broiler/fryer 指美国 USDA 肉鸡分类，中文统一译为“肉鸡”。
sr_legacy_172376,sr_legacy,172376,肉鸡，深色肉，小腿，仅肉，熟，烤制,"Chicken, broilers or fryers, dark meat, drumstick, meat only, cooked, roasted",24.24,5.7,0,,,,,Poultry Products,broiler/fryer 指美国 USDA 肉鸡分类，中文统一译为“肉鸡”。
sr_legacy_172377,sr_legacy,172377,肉鸡小腿，仅肉，熟，炖制,"Chicken, broilers or fryers, drumstick, meat only, cooked, stewed",27.5,5.71,0,,,,,Poultry Products,broiler/fryer 指美国 USDA 肉鸡分类，中文统一译为“肉鸡”。
sr_legacy_172378,sr_legacy,172378,肉鸡腿部，带皮肉，生,"Chicken, broilers or fryers, leg, meat and skin, raw",16.37,15.95,0.17,,,,,Poultry Products,broiler/fryer 指美国 USDA 肉鸡分类，中文统一译为“肉鸡”。
sr_legacy_172379,sr_legacy,172379,肉鸡腿部，仅肉，熟，油炸,"Chicken, broilers or fryers, leg, meat only, cooked, fried",28.38,9.32,0.65,,,,,Poultry Products,broiler/fryer 指美国 USDA 肉鸡分类，中文统一译为“肉鸡”。
sr_legacy_172380,sr_legacy,172380,肉鸡腿部，仅肉，熟，烤制,"Chicken, broilers or fryers, leg, meat only, cooked, roasted",24.22,7.8,0,,,,,Poultry Products,broiler/fryer 指美国 USDA 肉鸡分类，中文统一译为“肉鸡”。
sr_legacy_172381,sr_legacy,172381,肉鸡腿部，仅肉，熟，炖制,"Chicken, broilers or fryers, leg, meat only, cooked, stewed",26.26,8.06,0,,,,,Poultry Products,broiler/fryer 指美国 USDA 肉鸡分类，中文统一译为“肉鸡”。
sr_legacy_172382,sr_legacy,172382,肉鸡颈部，带皮肉，生,"Chicken, broilers or fryers, neck, meat and skin, raw",14.07,26.24,0,,,,,Poultry Products,broiler/fryer 指美国 USDA 肉鸡分类，中文统一译为“肉鸡”。
sr_legacy_172383,sr_legacy,172383,肉鸡颈部，仅肉，熟，油炸,"Chicken, broilers or fryers, neck, meat only, cooked, fried",26.87,11.88,1.77,,,,,Poultry Products,broiler/fryer 指美国 USDA 肉鸡分类，中文统一译为“肉鸡”。
sr_legacy_172384,sr_legacy,172384,肉鸡颈部，仅肉，熟，小火煮,"Chicken, broilers or fryers, neck, meat only, cooked, simmered",24.56,8.18,0,,,,,Poultry Products,broiler/fryer 指美国 USDA 肉鸡分类，中文统一译为“肉鸡”。
sr_legacy_172385,sr_legacy,172385,肉鸡大腿，带皮肉，生,"Chicken, broilers or fryers, thigh, meat and skin, raw",16.52,16.61,0.25,,,,,Poultry Products,broiler/fryer 指美国 USDA 肉鸡分类，中文统一译为“肉鸡”。
sr_legacy_172386,sr_legacy,172386,肉鸡大腿，带皮肉，熟，挂浆油炸,"Chicken, broilers or fryers, thigh, meat and skin, cooked, fried, batter",21.61,16.53,9.08,,,,,Poultry Products,broiler/fryer 指美国 USDA 肉鸡分类，中文统一译为“肉鸡”。
sr_legacy_172387,sr_legacy,172387,肉鸡大腿，仅肉，熟，油炸,"Chicken, broilers or fryers, thigh, meat only, cooked, fried",28.18,10.3,1.18,,,,,Poultry Products,broiler/fryer 指美国 USDA 肉鸡分类，中文统一译为“肉鸡”。
sr_legacy_172388,sr_legacy,172388,肉鸡大腿，仅肉，熟，烤制,"Chicken, broilers or fryers, thigh, meat only, cooked, roasted",24.76,8.15,0,,,,,Poultry Products,broiler/fryer 指美国 USDA 肉鸡分类，中文统一译为“肉鸡”。
sr_legacy_172389,sr_legacy,172389,肉鸡大腿，仅肉，熟，炖制,"Chicken, broilers or fryers, thigh, meat only, cooked, stewed",25,9.79,0,,,,,Poultry Products,broiler/fryer 指美国 USDA 肉鸡分类，中文统一译为“肉鸡”。
sr_legacy_172390,sr_legacy,172390,肉鸡翅，带皮肉，生,"Chicken, broilers or fryers, wing, meat and skin, raw",17.52,12.85,0,,,,,Poultry Products,broiler/fryer 指美国 USDA 肉鸡分类，中文统一译为“肉鸡”。
sr_legacy_172391,sr_legacy,172391,肉鸡翅，仅肉，熟，油炸,"Chicken, broilers or fryers, wing, meat only, cooked, fried",30.15,9.15,0,,,,,Poultry Products,broiler/fryer 指美国 USDA 肉鸡分类，中文统一译为“肉鸡”。
sr_legacy_172392,sr_legacy,172392,肉鸡翅，仅肉，熟，烤制,"Chicken, broilers or fryers, wing, meat only, cooked, roasted",30.46,8.13,0,,,,,Poultry Products,broiler/fryer 指美国 USDA 肉鸡分类，中文统一译为“肉鸡”。
sr_legacy_172393,sr_legacy,172393,肉鸡翅，仅肉，熟，炖制,"Chicken, broilers or fryers, wing, meat only, cooked, stewed",27.18,7.18,0,,,,,Poultry Products,broiler/fryer 指美国 USDA 肉鸡分类，中文统一译为“肉鸡”。
sr_legacy_172394,sr_legacy,172394,烤鸡用鸡，带皮肉、内脏杂碎和颈部，生,"Chicken, roasting, meat and skin and giblets and neck, raw",17.09,15.46,0.09,,,,,Poultry Products,
sr_legacy_172395,sr_legacy,172395,烤鸡用鸡，仅肉，熟，烤制,"Chicken, roasting, meat only, cooked, roasted",25.01,6.63,0,,,,,Poultry Products,
sr_legacy_172396,sr_legacy,172396,烤鸡用鸡，内脏杂碎，生,"Chicken, roasting, giblets, raw",18.14,5.04,1.14,,,,,Poultry Products,
sr_legacy_172397,sr_legacy,172397,烤鸡用鸡，内脏杂碎，熟，小火煮,"Chicken, roasting, giblets, cooked, simmered",26.77,5.22,0.86,,,,,Poultry Products,
sr_legacy_172398,sr_legacy,172398,烤鸡用鸡，浅色肉，仅肉，生,"Chicken, roasting, light meat, meat only, raw",22.2,1.63,0,,,,,Poultry Products,
sr_legacy_172399,sr_legacy,172399,炖鸡用鸡，带皮肉、内脏杂碎和颈部，熟，炖制,"Chicken, stewing, meat and skin, and giblets and neck, cooked, stewed",24.88,11.91,0,,,,,Poultry Products,
sr_legacy_172400,sr_legacy,172400,炖鸡用鸡，带皮肉，生,"Chicken, stewing, meat and skin, raw",17.55,20.33,0,,,,,Poultry Products,
sr_legacy_172401,sr_legacy,172401,炖鸡用鸡，带皮肉，熟，炖制,"Chicken, stewing, meat and skin, cooked, stewed",26.88,18.87,0,,,,,Poultry Products,
sr_legacy_172402,sr_legacy,172402,炖鸡用鸡，仅肉，生,"Chicken, stewing, meat only, raw",21.26,6.32,0,,,,,Poultry Products,
sr_legacy_172403,sr_legacy,172403,炖鸡用鸡，仅肉，熟，炖制,"Chicken, stewing, meat only, cooked, stewed",30.42,11.89,0,,,,,Poultry Products,
sr_legacy_172404,sr_legacy,172404,炖鸡用鸡，深色肉，仅肉，生,"Chicken, stewing, dark meat, meat only, raw",19.7,8.12,0,,,,,Poultry Products,
sr_legacy_172405,sr_legacy,172405,炖鸡用鸡，深色肉，仅肉，熟，炖制,"Chicken, stewing, dark meat, meat only, cooked, stewed",28.14,15.28,0,,,,,Poultry Products,
sr_legacy_172406,sr_legacy,172406,阉鸡，带皮肉、内脏杂碎和颈部，生,"Chicken, capons, meat and skin and giblets and neck, raw",18.51,16.9,0.08,,,,,Poultry Products,capon 指阉鸡。
sr_legacy_172407,sr_legacy,172407,阉鸡，带皮肉、内脏杂碎和颈部，熟，烤制,"Chicken, capons, meat and skin and giblets and neck, cooked, roasted",28.35,11.67,0.04,,,,,Poultry Products,capon 指阉鸡。
sr_legacy_172408,sr_legacy,172408,家鸭，带皮肉，生,"Duck, domesticated, meat and skin, raw",11.49,39.34,0,,,,,Poultry Products,
sr_legacy_172409,sr_legacy,172409,家鸭，带皮肉，熟，烤制,"Duck, domesticated, meat and skin, cooked, roasted",18.99,28.35,0,,,,,Poultry Products,
sr_legacy_172410,sr_legacy,172410,家鸭，仅肉，生,"Duck, domesticated, meat only, raw",18.28,5.95,0.94,,,,,Poultry Products,
sr_legacy_172411,sr_legacy,172411,家鸭，仅肉，熟，烤制,"Duck, domesticated, meat only, cooked, roasted",23.48,11.2,0,,,,,Poultry Products,
sr_legacy_172412,sr_legacy,172412,家鹅，带皮肉，熟，烤制,"Goose, domesticated, meat and skin, cooked, roasted",25.16,21.92,0,,,,,Poultry Products,
sr_legacy_172413,sr_legacy,172413,家鹅，仅肉，生,"Goose, domesticated, meat only, raw",22.75,7.13,0,,,,,Poultry Products,
sr_legacy_172414,sr_legacy,172414,家鹅，仅肉，熟，烤制,"Goose, domesticated, meat only, cooked, roasted",28.97,12.67,0,,,,,Poultry Products,
sr_legacy_172415,sr_legacy,172415,鹅肝，生,"Goose, liver, raw",16.37,4.28,6.32,,,,,Poultry Products,
sr_legacy_172416,sr_legacy,172416,珍珠鸡，带皮肉，生,"Guinea hen, meat and skin, raw",23.4,6.45,0,,,,,Poultry Products,guinea hen 指珍珠鸡。
sr_legacy_172417,sr_legacy,172417,雉鸡腿部，仅肉，生,"Pheasant, leg, meat only, raw",22.2,4.3,0,,,,,Poultry Products,pheasant 指雉鸡/野鸡。
sr_legacy_172418,sr_legacy,172418,鹌鹑，带皮肉，生,"Quail, meat and skin, raw",19.63,12.05,0,,,,,Poultry Products,quail 指鹌鹑。
sr_legacy_172419,sr_legacy,172419,鹌鹑，仅肉，生,"Quail, meat only, raw",21.76,4.53,0,,,,,Poultry Products,quail 指鹌鹑。
sr_legacy_172420,sr_legacy,172420,小扁豆，生,"Lentils, raw",24.63,1.06,63.35,,,,,Legumes and Legume Products,Lentil 译为小扁豆
sr_legacy_172421,sr_legacy,172421,小扁豆，成熟籽粒，煮熟，不加盐,"Lentils, mature seeds, cooked, boiled, without salt",9.02,0.38,20.13,,,,,Legumes and Legume Products,Lentil 译为小扁豆
sr_legacy_172422,sr_legacy,172422,小粒利马豆，成熟籽粒，煮熟，不加盐,"Lima beans, thin seeded (baby), mature seeds, cooked, boiled, without salt",8.04,0.38,23.31,,,,,Legumes and Legume Products,thin seeded/baby 指小粒利马豆
sr_legacy_172423,sr_legacy,172423,羽扇豆，成熟籽粒，生,"Lupins, mature seeds, raw",36.17,9.74,40.37,,,,,Legumes and Legume Products,Lupin 译为羽扇豆
sr_legacy_172424,sr_legacy,172424,羽扇豆，成熟籽粒，煮熟，不加盐,"Lupins, mature seeds, cooked, boiled, without salt",15.57,2.92,9.88,,,,,Legumes and Legume Products,Lupin 译为羽扇豆
sr_legacy_172425,sr_legacy,172425,蛾豆（Moth bean），成熟籽粒，生,"Mothbeans, mature seeds, raw",22.94,1.61,61.52,,,,,Legumes and Legume Products,Moth bean 为南亚豆类，保留英文便于核对
sr_legacy_172426,sr_legacy,172426,蛾豆（Moth bean），成熟籽粒，煮熟，不加盐,"Mothbeans, mature seeds, cooked, boiled, without salt",7.81,0.55,20.96,,,,,Legumes and Legume Products,Moth bean 为南亚豆类，保留英文便于核对
sr_legacy_172427,sr_legacy,172427,黑绿豆（Urad bean），成熟籽粒，煮熟，不加盐,"Mungo beans, mature seeds, cooked, boiled, without salt",7.54,0.55,18.34,,,,,Legumes and Legume Products,Mungo/black gram 常见于南亚饮食，保留 Urad 便于核对
sr_legacy_172428,sr_legacy,172428,绿豌豆，去皮劈半，成熟籽粒，生,"Peas, green, split, mature seeds, raw",23.12,3.89,61.63,,,,,Legumes and Legume Products,split pea 指劈半豌豆
sr_legacy_172429,sr_legacy,172429,劈半豌豆，成熟籽粒，煮熟，不加盐,"Peas, split, mature seeds, cooked, boiled, without salt",8.34,0.39,21.1,,,,,Legumes and Legume Products,split pea 指劈半豌豆
sr_legacy_172430,sr_legacy,172430,花生，各类型，生,"Peanuts, all types, raw",25.8,49.24,16.13,,,,,Legumes and Legume Products,
sr_legacy_172431,sr_legacy,172431,西班牙花生，油炸/油烤，加盐,"Peanuts, spanish, oil-roasted, with salt",28.01,49.04,17.45,,,,,Legumes and Legume Products,Spanish peanut 为花生品种名
sr_legacy_172432,sr_legacy,172432,瓦伦西亚花生，生,"Peanuts, valencia, raw",25.09,47.58,20.91,,,,,Legumes and Legume Products,Valencia peanut 为花生品种名
sr_legacy_172433,sr_legacy,172433,瓦伦西亚花生，油炸/油烤，加盐,"Peanuts, valencia, oil-roasted, with salt",27.04,51.24,16.3,,,,,Legumes and Legume Products,Valencia peanut 为花生品种名
sr_legacy_172434,sr_legacy,172434,弗吉尼亚花生，生,"Peanuts, virginia, raw",25.19,48.75,16.54,,,,,Legumes and Legume Products,Virginia peanut 为花生品种名
sr_legacy_172435,sr_legacy,172435,低脂花生粉,"Peanut flour, low fat",33.8,21.9,31.27,,,,,Legumes and Legume Products,
sr_legacy_172436,sr_legacy,172436,木豆（Pigeon pea/Red gram），成熟籽粒，生,"Pigeon peas (red gram), mature seeds, raw",21.7,1.49,62.78,,,,,Legumes and Legume Products,Pigeon pea/red gram 译为木豆，保留英文便于核对
sr_legacy_172437,sr_legacy,172437,木豆（Pigeon pea/Red gram），成熟籽粒，煮熟，不加盐,"Pigeon peas (red gram), mature seeds, cooked, boiled, without salt",6.76,0.38,23.25,,,,,Legumes and Legume Products,Pigeon pea/red gram 译为木豆，保留英文便于核对
sr_legacy_172438,sr_legacy,172438,重炸豆泥罐头，传统风味,"Refried beans, canned, traditional style",4.98,2.01,13.55,,,,,Legumes and Legume Products,Refried beans 常见译为重炸豆泥/墨西哥豆泥
sr_legacy_172439,sr_legacy,172439,植物基培根,"Bacon, meatless",11.69,29.52,5.31,,,,,Legumes and Legume Products,meatless 按植物基/素食肉制品处理
sr_legacy_172440,sr_legacy,172440,黄豆，成熟籽粒，烤制，加盐,"Soybeans, mature seeds, roasted, salted",38.55,25.4,30.22,,,,,Legumes and Legume Products,Soybean 译为黄豆
sr_legacy_172441,sr_legacy,172441,黄豆，成熟籽粒，干烤,"Soybeans, mature seeds, dry roasted",43.32,21.62,28.98,,,,,Legumes and Legume Products,Soybean 译为黄豆
sr_legacy_172442,sr_legacy,172442,味噌,Miso,12.79,6.01,25.37,,,,,Legumes and Legume Products,
sr_legacy_172443,sr_legacy,172443,纳豆,Natto,19.4,11,12.68,,,,,Legumes and Legume Products,
sr_legacy_172444,sr_legacy,172444,低脂大豆粉,"Soy flour, low-fat",49.81,8.9,30.63,,,,,Legumes and Legume Products,
sr_legacy_172445,sr_legacy,172445,脱脂豆粕，生,"Soy meal, defatted, raw",49.2,2.39,35.89,,,,,Legumes and Legume Products,Soy meal 译为豆粕
sr_legacy_172446,sr_legacy,172446,原味或香草味豆奶，未强化,"Soymilk, original and vanilla, unfortified",3.27,1.75,6.28,,,,,Legumes and Legume Products,
sr_legacy_172447,sr_legacy,172447,大豆浓缩蛋白，酒精萃取法制成,"Soy protein concentrate, produced by alcohol extraction",63.63,0.46,25.41,,,,,Legumes and Legume Products,
sr_legacy_172448,sr_legacy,172448,硬豆腐，石膏和盐卤制,"Tofu, firm, prepared with calcium sulfate and magnesium chloride (nigari)",9.04,4.17,2.85,,,,,Legumes and Legume Products,calcium sulfate 为石膏，magnesium chloride/nigari 为盐卤
sr_legacy_172449,sr_legacy,172449,嫩豆腐，石膏和盐卤制,"Tofu, soft, prepared with calcium sulfate and magnesium chloride (nigari)",7.17,3.69,1.18,,,,,Legumes and Legume Products,soft tofu 译为嫩豆腐
sr_legacy_172450,sr_legacy,172450,高野豆腐（冻干豆腐）,"Tofu, dried-frozen (koyadofu)",52.47,30.34,10.03,,,,,Legumes and Legume Products,Koyadofu 为日式冻干豆腐
sr_legacy_172451,sr_legacy,172451,炸豆腐,"Tofu, fried",18.82,20.18,8.86,,,,,Legumes and Legume Products,
sr_legacy_172452,sr_legacy,172452,豆渣（Okara）,Okara,3.52,1.73,12.23,,,,,Legumes and Legume Products,Okara 为豆浆/豆腐制作后的豆渣
sr_legacy_172453,sr_legacy,172453,四棱豆，成熟籽粒，煮熟，不加盐,"Winged beans, mature seeds, cooked, boiled, without salt",10.62,5.84,14.94,,,,,Legumes and Legume Products,Winged bean 译为四棱豆
sr_legacy_172454,sr_legacy,172454,鹰嘴豆泥，家庭自制,"Hummus, home prepared",4.86,8.59,20.12,,,,,Legumes and Legume Products,Hummus 译为鹰嘴豆泥
sr_legacy_172455,sr_legacy,172455,法拉费（鹰嘴豆丸），家庭自制,"Falafel, home-prepared",13.31,17.8,31.84,,,,,Legumes and Legume Products,Falafel 保留常见音译，方便搜索
sr_legacy_172456,sr_legacy,172456,原味或香草味豆奶，添加钙和维生素 A、D,"Soymilk, original and vanilla, with added calcium, vitamins A and D",2.6,1.47,4.92,,,,,Legumes and Legume Products,
sr_legacy_172457,sr_legacy,172457,花生涂抹酱，减糖,"Peanut spread, reduced sugar",24.8,54.89,14.23,,,,,Legumes and Legume Products,Peanut spread 与花生酱相近，但按原文保留涂抹酱含义
sr_legacy_172458,sr_legacy,172458,花生酱，顺滑型，减脂,"Peanut butter, smooth, reduced fat",25.9,34,35.65,,,,,Legumes and Legume Products,
sr_legacy_172459,sr_legacy,172459,花生酱，顺滑型，强化维生素和矿物质,"Peanut butter, smooth, vitamin and mineral fortified",25.72,50.81,18.75,,,,,Legumes and Legume Products,
sr_legacy_172460,sr_legacy,172460,花生酱，颗粒型，强化维生素和矿物质,"Peanut butter, chunky, vitamin and mineral fortified",26.06,51.47,17.69,,,,,Legumes and Legume Products,chunky 译为颗粒型
sr_legacy_172465,sr_legacy,172465,重炸豆泥罐头，零脂肪,"Refried beans, canned, fat-free",5.34,0.45,13.5,,,,,Legumes and Legume Products,Refried beans 常见译为重炸豆泥/墨西哥豆泥
sr_legacy_172466,sr_legacy,172466,红色重炸豆泥罐头（Frijoles rojos volteados）,"Frijoles rojos volteados (Refried beans, red, canned)",5,6.93,15.47,,,,,Legumes and Legume Products,中美洲/拉美食品名，保留西语名称便于核对
sr_legacy_172467,sr_legacy,172467,天贝，熟,"Tempeh, cooked",19.91,11.38,7.62,,,,,Legumes and Legume Products,Tempeh 译为天贝
sr_legacy_172469,sr_legacy,172469,花生酱，颗粒型，不加盐,"Peanut butter, chunk style, without salt",24.06,49.94,21.57,,,,,Legumes and Legume Products,chunk style 译为颗粒型
sr_legacy_172470,sr_legacy,172470,花生酱，顺滑型，不加盐,"Peanut butter, smooth style, without salt",22.21,51.36,22.31,,,,,Legumes and Legume Products,
sr_legacy_172471,sr_legacy,172471,花生酱，含 omega-3，顺滑型,"Peanut butter with omega-3, creamy",24.47,54.17,17,,,,,Legumes and Legume Products,
sr_legacy_172472,sr_legacy,172472,木豆（Pigeon pea/Red gram），成熟籽粒，煮熟，加盐,"Pigeon peas (red gram), mature seeds, cooked, boiled, with salt",6.76,0.38,23.25,,,,,Legumes and Legume Products,Pigeon pea/red gram 译为木豆，保留英文便于核对
sr_legacy_172473,sr_legacy,172473,日式酱油（Shoyu），大豆和小麦制，低钠,"Soy sauce made from soy and wheat (shoyu), low sodium",9.05,0.3,5.59,,,,,Legumes and Legume Products,Shoyu 保留英文便于核对
sr_legacy_172474,sr_legacy,172474,减钠酱油，水解植物蛋白制,"Soy sauce, reduced sodium, made from hydrolyzed vegetable protein",8.19,0.31,14.44,,,,,Legumes and Legume Products,
sr_legacy_172475,sr_legacy,172475,硬豆腐，生，石膏制,"Tofu, raw, firm, prepared with calcium sulfate",17.27,8.72,2.78,,,,,Legumes and Legume Products,calcium sulfate 指石膏凝固剂
sr_legacy_172476,sr_legacy,172476,普通豆腐，生，石膏制,"Tofu, raw, regular, prepared with calcium sulfate",8.08,4.78,1.87,,,,,Legumes and Legume Products,regular tofu 译为普通豆腐
sr_legacy_172477,sr_legacy,172477,四棱豆，成熟籽粒，煮熟，加盐,"Winged beans, mature seeds, cooked, boiled, with salt",10.62,5.84,14.94,,,,,Legumes and Legume Products,Winged bean 译为四棱豆
sr_legacy_172478,sr_legacy,172478,澳大利亚小牛肋部烤肉，仅可分离瘦肉，生,"Veal, Australian, rib, rib roast, separable lean only, raw",21.7,4.63,1.4,,,,,"Lamb, Veal, and Game Products",Australian veal 为澳大利亚小牛肉
sr_legacy_172479,sr_legacy,172479,羔羊肉，修整零售切块混合，可分离瘦肉和脂肪，外部脂肪修整至1/4英寸，Choice等级，生,"Lamb, composite of trimmed retail cuts, separable lean and fat, trimmed to 1/4"" fat, choice, raw",16.88,21.59,0.0,,,,,"Lamb, Veal, and Game Products",
sr_legacy_172480,sr_legacy,172480,羔羊肉，修整零售切块混合，可分离瘦肉和脂肪，外部脂肪修整至1/4英寸，Choice等级，熟,"Lamb, composite of trimmed retail cuts, separable lean and fat, trimmed to 1/4"" fat, choice, cooked",24.52,20.94,0.0,,,,,"Lamb, Veal, and Game Products",
sr_legacy_172481,sr_legacy,172481,羊前腱，可分离瘦肉和脂肪，外部脂肪修整至1/4英寸，Choice等级，生,"Lamb, foreshank, separable lean and fat, trimmed to 1/4"" fat, choice, raw",18.91,13.38,0.0,,,,,"Lamb, Veal, and Game Products",
sr_legacy_172482,sr_legacy,172482,羊前腱，可分离瘦肉和脂肪，外部脂肪修整至1/4英寸，Choice等级，熟，炖煮,"Lamb, foreshank, separable lean and fat, trimmed to 1/4"" fat, choice, cooked, braised",28.37,13.46,0.0,,,,,"Lamb, Veal, and Game Products",
sr_legacy_172483,sr_legacy,172483,羊前腱，仅可分离瘦肉，外部脂肪修整至1/4英寸，Choice等级，生,"Lamb, foreshank, separable lean only, trimmed to 1/4"" fat, choice, raw",21.08,3.29,0.0,,,,,"Lamb, Veal, and Game Products",
sr_legacy_172484,sr_legacy,172484,羊前腱，仅可分离瘦肉，外部脂肪修整至1/4英寸，Choice等级，熟，炖煮,"Lamb, foreshank, separable lean only, trimmed to 1/4"" fat, choice, cooked, braised",31.01,6.02,0.0,,,,,"Lamb, Veal, and Game Products",
sr_legacy_172485,sr_legacy,172485,羊腿小腿半边，可分离瘦肉和脂肪，外部脂肪修整至1/4英寸，Choice等级，熟，烤制,"Lamb, leg, shank half, separable lean and fat, trimmed to 1/4"" fat, choice, cooked, roasted",26.41,12.45,0.0,,,,,"Lamb, Veal, and Game Products",
sr_legacy_172486,sr_legacy,172486,羊腿小腿半边，仅可分离瘦肉，外部脂肪修整至1/4英寸，Choice等级，生,"Lamb, leg, shank half, separable lean only, trimmed to 1/4"" fat, choice, raw",20.52,4.19,0.0,,,,,"Lamb, Veal, and Game Products",
sr_legacy_172487,sr_legacy,172487,羊腿小腿半边，仅可分离瘦肉，外部脂肪修整至1/4英寸，Choice等级，熟，烤制,"Lamb, leg, shank half, separable lean only, trimmed to 1/4"" fat, choice, cooked, roasted",28.17,6.67,0.0,,,,,"Lamb, Veal, and Game Products",
sr_legacy_172488,sr_legacy,172488,羊腿沙朗半边，可分离瘦肉和脂肪，外部脂肪修整至1/4英寸，Choice等级，生,"Lamb, leg, sirloin half, separable lean and fat, trimmed to 1/4"" fat, choice, raw",16.94,22.11,0.0,,,,,"Lamb, Veal, and Game Products",
sr_legacy_172489,sr_legacy,172489,羊腰肉，可分离瘦肉和脂肪，外部脂肪修整至1/4英寸，Choice等级，熟，炙烤,"Lamb, loin, separable lean and fat, trimmed to 1/4"" fat, choice, cooked, broiled",25.17,23.08,0.0,,,,,"Lamb, Veal, and Game Products",
sr_legacy_172490,sr_legacy,172490,羊腰肉，可分离瘦肉和脂肪，外部脂肪修整至1/4英寸，Choice等级，熟，烤制,"Lamb, loin, separable lean and fat, trimmed to 1/4"" fat, choice, cooked, roasted",22.55,23.59,0.0,,,,,"Lamb, Veal, and Game Products",
sr_legacy_172491,sr_legacy,172491,羊腰肉，仅可分离瘦肉，外部脂肪修整至1/4英寸，Choice等级，生,"Lamb, loin, separable lean only, trimmed to 1/4"" fat, choice, raw",20.88,5.94,0.0,,,,,"Lamb, Veal, and Game Products",
sr_legacy_172492,sr_legacy,172492,羊腰肉，仅可分离瘦肉，外部脂肪修整至1/4英寸，Choice等级，熟，炙烤,"Lamb, loin, separable lean only, trimmed to 1/4"" fat, choice, cooked, broiled",29.99,9.73,0.0,,,,,"Lamb, Veal, and Game Products",
sr_legacy_172493,sr_legacy,172493,羔羊肋部肉，仅可分离瘦肉，外部脂肪修至 1/4 英寸，Choice 等级，生,"Lamb, rib, separable lean only, trimmed to 1/4"" fat, choice, raw",19.98,9.23,0.0,,,,,"Lamb, Veal, and Game Products",
sr_legacy_172494,sr_legacy,172494,羔羊肋部肉，仅可分离瘦肉，外部脂肪修至 1/4 英寸，Choice 等级，烤炙熟,"Lamb, rib, separable lean only, trimmed to 1/4"" fat, choice, cooked, broiled",27.74,12.95,0.0,,,,,"Lamb, Veal, and Game Products",
sr_legacy_172495,sr_legacy,172495,羔羊肋部肉，仅可分离瘦肉，外部脂肪修至 1/4 英寸，Choice 等级，烤熟,"Lamb, rib, separable lean only, trimmed to 1/4"" fat, choice, cooked, roasted",26.16,13.31,0.0,,,,,"Lamb, Veal, and Game Products",
sr_legacy_172496,sr_legacy,172496,羔羊整肩肉（肩臂和肩胛），可分离瘦肉和脂肪，外部脂肪修至 1/4 英寸，Choice 等级，生,"Lamb, shoulder, whole (arm and blade), separable lean and fat, trimmed to 1/4"" fat, choice, raw",16.58,21.45,0.0,,,,,"Lamb, Veal, and Game Products",
sr_legacy_172497,sr_legacy,172497,羔羊整肩肉（肩臂和肩胛），可分离瘦肉和脂肪，外部脂肪修至 1/4 英寸，Choice 等级，炖煮熟,"Lamb, shoulder, whole (arm and blade), separable lean and fat, trimmed to 1/4"" fat, choice, cooked, braised",28.68,24.55,0.0,,,,,"Lamb, Veal, and Game Products",
sr_legacy_172498,sr_legacy,172498,羔羊整肩肉（肩臂和肩胛），仅可分离瘦肉，外部脂肪修至 1/4 英寸，Choice 等级，烤炙熟,"Lamb, shoulder, whole (arm and blade), separable lean only, trimmed to 1/4"" fat, choice, cooked, broiled",27.12,10.5,0.0,,,,,"Lamb, Veal, and Game Products",
sr_legacy_172499,sr_legacy,172499,羔羊整肩肉（肩臂和肩胛），仅可分离瘦肉，外部脂肪修至 1/4 英寸，Choice 等级，烤熟,"Lamb, shoulder, whole (arm and blade), separable lean only, trimmed to 1/4"" fat, choice, cooked, roasted",24.94,10.77,0.0,,,,,"Lamb, Veal, and Game Products",
sr_legacy_172500,sr_legacy,172500,羔羊肩臂肉，可分离瘦肉和脂肪，外部脂肪修至 1/4 英寸，Choice 等级，生,"Lamb, shoulder, arm, separable lean and fat, trimmed to 1/4"" fat, choice, raw",16.79,20.9,0.0,,,,,"Lamb, Veal, and Game Products",
sr_legacy_172501,sr_legacy,172501,羔羊肩臂肉，可分离瘦肉和脂肪，外部脂肪修至 1/4 英寸，Choice 等级，炖煮熟,"Lamb, shoulder, arm, separable lean and fat, trimmed to 1/4"" fat, choice, cooked, braised",30.39,24.0,0.0,,,,,"Lamb, Veal, and Game Products",
sr_legacy_172502,sr_legacy,172502,羔羊肩臂肉，仅可分离瘦肉，外部脂肪修至 1/4 英寸，Choice 等级，烤炙熟,"Lamb, shoulder, arm, separable lean only, trimmed to 1/4"" fat, choice, cooked, broiled",27.71,9.02,0.0,,,,,"Lamb, Veal, and Game Products",
sr_legacy_172503,sr_legacy,172503,羔羊肩臂肉，仅可分离瘦肉，外部脂肪修至 1/4 英寸，Choice 等级，烤熟,"Lamb, shoulder, arm, separable lean only, trimmed to 1/4"" fat, choice, cooked, roasted",25.46,9.26,0.0,,,,,"Lamb, Veal, and Game Products",
sr_legacy_172504,sr_legacy,172504,羔羊肩胛肉，可分离瘦肉和脂肪，外部脂肪修至 1/4 英寸，Choice 等级，生,"Lamb, shoulder, blade, separable lean and fat, trimmed to 1/4"" fat, choice, raw",16.63,20.86,0.0,,,,,"Lamb, Veal, and Game Products",
sr_legacy_172505,sr_legacy,172505,羔羊肩胛肉，可分离瘦肉和脂肪，外部脂肪修至 1/4 英寸，Choice 等级，炖煮熟,"Lamb, shoulder, blade, separable lean and fat, trimmed to 1/4"" fat, choice, cooked, braised",28.51,24.73,0.0,,,,,"Lamb, Veal, and Game Products",
sr_legacy_172506,sr_legacy,172506,羔羊肩胛肉，仅可分离瘦肉，外部脂肪修至 1/4 英寸，Choice 等级，烤炙熟,"Lamb, shoulder, blade, separable lean only, trimmed to 1/4"" fat, choice, cooked, broiled",25.48,11.32,0.0,,,,,"Lamb, Veal, and Game Products",
sr_legacy_172507,sr_legacy,172507,羔羊肩胛肉，仅可分离瘦肉，外部脂肪修至 1/4 英寸，Choice 等级，烤熟,"Lamb, shoulder, blade, separable lean only, trimmed to 1/4"" fat, choice, cooked, roasted",24.61,11.57,0.0,,,,,"Lamb, Veal, and Game Products",
sr_legacy_172508,sr_legacy,172508,羔羊肉，炖肉或烤串用羊肉块（腿部和肩部），仅可分离瘦肉，外部脂肪修整至1/4英寸，生,"Lamb, cubed for stew or kabob (leg and shoulder), separable lean only, trimmed to 1/4"" fat, raw",20.21,5.28,0.0,,,,,"Lamb, Veal, and Game Products",
sr_legacy_172509,sr_legacy,172509,羔羊肉，炖肉或烤串用羊肉块（腿部和肩部），仅可分离瘦肉，外部脂肪修整至1/4英寸，熟，炖煮,"Lamb, cubed for stew or kabob (leg and shoulder), separable lean only, trimmed to 1/4"" fat, cooked, braised",33.69,8.8,0.0,,,,,"Lamb, Veal, and Game Products",
sr_legacy_172510,sr_legacy,172510,羔羊肉，炖肉或烤串用羊肉块（腿部和肩部），仅可分离瘦肉，外部脂肪修整至1/4英寸，熟，炙烤,"Lamb, cubed for stew or kabob (leg and shoulder), separable lean only, trimmed to 1/4"" fat, cooked, broiled",28.08,7.33,0.0,,,,,"Lamb, Veal, and Game Products",
sr_legacy_172511,sr_legacy,172511,新西兰进口，冷冻，羔羊肉，修整零售切块混合，可分离脂肪，生,"Lamb, New Zealand, imported, frozen, composite of trimmed retail cuts, separable fat, raw",6.92,67.63,0.0,,,,,"Lamb, Veal, and Game Products",
sr_legacy_172512,sr_legacy,172512,新西兰进口，冷冻，羔羊肉，修整零售切块混合，可分离脂肪，熟,"Lamb, New Zealand, imported, frozen, composite of trimmed retail cuts, separable fat, cooked",9.72,60.39,0.0,,,,,"Lamb, Veal, and Game Products",
sr_legacy_172513,sr_legacy,172513,新西兰进口，羊前腱，可分离瘦肉和脂肪，生,"Lamb, New Zealand, imported, fore-shank, separable lean and fat, raw",20.09,11.38,0.09,,,,,"Lamb, Veal, and Game Products",
sr_legacy_172514,sr_legacy,172514,新西兰进口，羊前腱，可分离瘦肉和脂肪，熟，炖煮,"Lamb, New Zealand, imported, fore-shank, separable lean and fat, cooked, braised",30.35,14.99,0.03,,,,,"Lamb, Veal, and Game Products",
sr_legacy_172515,sr_legacy,172515,新西兰进口羔羊腿排/肉排，带骨，仅可分离瘦肉，生,"Lamb, New Zealand, imported, leg chop/steak, bone-in, separable lean only, raw",21.1,4.64,0.0,,,,,"Lamb, Veal, and Game Products",
sr_legacy_172516,sr_legacy,172516,新西兰进口，冷冻，羔羊肉，整只羊腿（含小腿和沙朗），仅可分离瘦肉，熟，烤制,"Lamb, New Zealand, imported, frozen, leg, whole (shank and sirloin), separable lean only, cooked, roasted",27.68,7.01,0.0,,,,,"Lamb, Veal, and Game Products",
sr_legacy_172517,sr_legacy,172517,新西兰进口羔羊腰脊排，可分离瘦肉和脂肪，生,"Lamb, New Zealand, imported, loin chop, separable lean and fat, raw",15.4,26.19,0.22,,,,,"Lamb, Veal, and Game Products",
sr_legacy_172518,sr_legacy,172518,麝鼠肉，生,"Game meat, muskrat, raw",20.76,8.1,0.0,,,,,"Lamb, Veal, and Game Products",少见野味，中文按麝鼠肉处理
sr_legacy_172519,sr_legacy,172519,麝鼠肉，熟，烤制,"Game meat, muskrat, cooked, roasted",30.09,11.74,0.0,,,,,"Lamb, Veal, and Game Products",少见野味，中文按麝鼠肉处理
sr_legacy_172520,sr_legacy,172520,负鼠肉，熟，烤制,"Game meat, opossum, cooked, roasted",30.2,10.2,0.0,,,,,"Lamb, Veal, and Game Products",少见野味，中文按负鼠肉处理
sr_legacy_172521,sr_legacy,172521,家兔肉，综合切块，生,"Game meat, rabbit, domesticated, composite of cuts, raw",20.05,5.55,0.0,,,,,"Lamb, Veal, and Game Products",
sr_legacy_172522,sr_legacy,172522,家兔肉，综合切块，熟，烤制,"Game meat, rabbit, domesticated, composite of cuts, cooked, roasted",29.06,8.05,0.0,,,,,"Lamb, Veal, and Game Products",
sr_legacy_172523,sr_legacy,172523,松鼠肉，生,"Game meat, squirrel, raw",21.23,3.21,0.0,,,,,"Lamb, Veal, and Game Products",
sr_legacy_172524,sr_legacy,172524,松鼠肉，熟，烤制,"Game meat, squirrel, cooked, roasted",30.77,4.69,0.0,,,,,"Lamb, Veal, and Game Products",
sr_legacy_172525,sr_legacy,172525,羔羊脑，生,"Lamb, variety meats and by-products, brain, raw",10.4,8.58,0.0,,,,,"Lamb, Veal, and Game Products",
sr_legacy_172526,sr_legacy,172526,羔羊脑，炖煮熟,"Lamb, variety meats and by-products, brain, cooked, braised",12.55,10.17,0.0,,,,,"Lamb, Veal, and Game Products",
sr_legacy_172527,sr_legacy,172527,羔羊心，生,"Lamb, variety meats and by-products, heart, raw",16.47,5.68,0.21,,,,,"Lamb, Veal, and Game Products",
sr_legacy_172528,sr_legacy,172528,羔羊心，炖煮熟,"Lamb, variety meats and by-products, heart, cooked, braised",24.97,7.91,1.93,,,,,"Lamb, Veal, and Game Products",
sr_legacy_172529,sr_legacy,172529,小牛心，生,"Veal, variety meats and by-products, heart, raw",17.18,3.98,0.08,,,,,"Lamb, Veal, and Game Products",
sr_legacy_172530,sr_legacy,172530,小牛心，炖煮熟,"Veal, variety meats and by-products, heart, cooked, braised",29.12,6.75,0.13,,,,,"Lamb, Veal, and Game Products",
sr_legacy_172531,sr_legacy,172531,羔羊肝，生,"Lamb, variety meats and by-products, liver, raw",20.38,5.02,1.78,,,,,"Lamb, Veal, and Game Products",
sr_legacy_172532,sr_legacy,172532,羔羊肝，炖煮熟,"Lamb, variety meats and by-products, liver, cooked, braised",30.57,8.81,2.53,,,,,"Lamb, Veal, and Game Products",
sr_legacy_172533,sr_legacy,172533,羔羊肝，平底锅煎熟,"Lamb, variety meats and by-products, liver, cooked, pan-fried",25.53,12.65,3.78,,,,,"Lamb, Veal, and Game Products",
sr_legacy_172534,sr_legacy,172534,小牛肝，生,"Veal, variety meats and by-products, liver, raw",19.93,4.85,2.91,,,,,"Lamb, Veal, and Game Products",
sr_legacy_172535,sr_legacy,172535,小牛肝，炖煮熟,"Veal, variety meats and by-products, liver, cooked, braised",28.42,6.26,3.77,,,,,"Lamb, Veal, and Game Products",
sr_legacy_172536,sr_legacy,172536,小牛肺，炖煮熟,"Veal, variety meats and by-products, lungs, cooked, braised",18.74,2.64,0.0,,,,,"Lamb, Veal, and Game Products",
sr_legacy_172537,sr_legacy,172537,羔羊机械分离肉，生,"Lamb, variety meats and by-products, mechanically separated, raw",14.97,23.54,0.0,,,,,"Lamb, Veal, and Game Products",
sr_legacy_172538,sr_legacy,172538,羔羊胰腺，生,"Lamb, variety meats and by-products, pancreas, raw",14.84,9.82,0.0,,,,,"Lamb, Veal, and Game Products",内脏/副产品，术语需按实际食材核对
sr_legacy_172539,sr_legacy,172539,羔羊胰腺，炖煮熟,"Lamb, variety meats and by-products, pancreas, cooked, braised",22.83,15.12,0.0,,,,,"Lamb, Veal, and Game Products",内脏/副产品，术语需按实际食材核对
sr_legacy_172540,sr_legacy,172540,小牛脾，生,"Veal, variety meats and by-products, spleen, raw",18.3,2.2,0.0,,,,,"Lamb, Veal, and Game Products",
sr_legacy_172541,sr_legacy,172541,小牛脾，炖煮熟,"Veal, variety meats and by-products, spleen, cooked, braised",24.08,2.89,0.0,,,,,"Lamb, Veal, and Game Products",
sr_legacy_172542,sr_legacy,172542,小牛胸腺，生,"Veal, variety meats and by-products, thymus, raw",17.21,3.07,0.0,,,,,"Lamb, Veal, and Game Products",小牛内脏/副产品，术语需按实际食材核对
sr_legacy_172543,sr_legacy,172543,小牛胸腺，炖煮熟,"Veal, variety meats and by-products, thymus, cooked, braised",22.67,3.11,0.0,,,,,"Lamb, Veal, and Game Products",小牛内脏/副产品，术语需按实际食材核对
sr_legacy_172544,sr_legacy,172544,羊绞肉，熟，炙烤,"Lamb, ground, cooked, broiled",24.75,19.65,0.0,,,,,"Lamb, Veal, and Game Products",
sr_legacy_172545,sr_legacy,172545,羔羊肉，修整零售切块混合，可分离瘦肉和脂肪，外部脂肪修整至1/8英寸，Choice等级，生,"Lamb, composite of trimmed retail cuts, separable lean and fat, trimmed to 1/8"" fat, choice, raw",17.54,18.66,0.0,,,,,"Lamb, Veal, and Game Products",
sr_legacy_172546,sr_legacy,172546,羔羊肉，修整零售切块混合，可分离瘦肉和脂肪，外部脂肪修整至1/8英寸，Choice等级，熟,"Lamb, composite of trimmed retail cuts, separable lean and fat, trimmed to 1/8"" fat, choice, cooked",25.51,18.01,0.0,,,,,"Lamb, Veal, and Game Products",
sr_legacy_172547,sr_legacy,172547,羊前腱，可分离瘦肉和脂肪，外部脂肪修整至1/8英寸，Choice等级，生,"Lamb, foreshank, separable lean and fat, trimmed to 1/8"" fat, choice, raw",18.91,13.38,0.0,,,,,"Lamb, Veal, and Game Products",
sr_legacy_172548,sr_legacy,172548,羊腿小腿半边，可分离瘦肉和脂肪，外部脂肪修整至1/8英寸，Choice等级，熟，烤制,"Lamb, leg, shank half, separable lean and fat, trimmed to 1/8"" fat, choice, cooked, roasted",26.73,11.4,0.0,,,,,"Lamb, Veal, and Game Products",
sr_legacy_172549,sr_legacy,172549,羊腿沙朗半边，可分离瘦肉和脂肪，外部脂肪修整至1/8英寸，Choice等级，生,"Lamb, leg, sirloin half, separable lean and fat, trimmed to 1/8"" fat, choice, raw",17.21,20.8,0.0,,,,,"Lamb, Veal, and Game Products",
sr_legacy_172550,sr_legacy,172550,羊腿沙朗半边，可分离瘦肉和脂肪，外部脂肪修整至1/8英寸，Choice等级，熟，烤制,"Lamb, leg, sirloin half, separable lean and fat, trimmed to 1/8"" fat, choice, cooked, roasted",24.95,19.67,0.0,,,,,"Lamb, Veal, and Game Products",
sr_legacy_172551,sr_legacy,172551,羊腰肉，可分离瘦肉和脂肪，外部脂肪修整至1/8英寸，Choice等级，生,"Lamb, loin, separable lean and fat, trimmed to 1/8"" fat, choice, raw",17.18,22.75,0.0,,,,,"Lamb, Veal, and Game Products",
sr_legacy_172552,sr_legacy,172552,羔羊肋部肉，可分离瘦肉和脂肪，外部脂肪修至 1/8 英寸，Choice 等级，烤熟,"Lamb, rib, separable lean and fat, trimmed to 1/8"" fat, choice, cooked, roasted",21.82,27.53,0.0,,,,,"Lamb, Veal, and Game Products",
sr_legacy_172553,sr_legacy,172553,羔羊整肩肉（肩臂和肩胛），可分离瘦肉和脂肪，外部脂肪修至 1/8 英寸，Choice 等级，生,"Lamb, shoulder, whole (arm and blade), separable lean and fat, trimmed to 1/8"" fat, choice, raw",17.07,18.96,0.0,,,,,"Lamb, Veal, and Game Products",
sr_legacy_172554,sr_legacy,172554,羔羊整肩肉（肩臂和肩胛），可分离瘦肉和脂肪，外部脂肪修至 1/8 英寸，Choice 等级，炖煮熟,"Lamb, shoulder, whole (arm and blade), separable lean and fat, trimmed to 1/8"" fat, choice, cooked, braised",29.46,23.57,0.0,,,,,"Lamb, Veal, and Game Products",
sr_legacy_172555,sr_legacy,172555,羔羊整肩肉（肩臂和肩胛），可分离瘦肉和脂肪，外部脂肪修至 1/8 英寸，Choice 等级，烤炙熟,"Lamb, shoulder, whole (arm and blade), separable lean and fat, trimmed to 1/8"" fat, choice, cooked, broiled",23.84,18.39,0.0,,,,,"Lamb, Veal, and Game Products",
sr_legacy_172556,sr_legacy,172556,羔羊肩胛肉，可分离瘦肉和脂肪，外部脂肪修至 1/8 英寸，Choice 等级，生,"Lamb, shoulder, blade, separable lean and fat, trimmed to 1/8"" fat, choice, raw",17.01,18.97,0.0,,,,,"Lamb, Veal, and Game Products",
sr_legacy_172557,sr_legacy,172557,羔羊肩胛肉，可分离瘦肉和脂肪，外部脂肪修至 1/8 英寸，Choice 等级，炖煮熟,"Lamb, shoulder, blade, separable lean and fat, trimmed to 1/8"" fat, choice, cooked, braised",28.92,23.88,0.0,,,,,"Lamb, Veal, and Game Products",
sr_legacy_172558,sr_legacy,172558,羔羊肩胛肉，可分离瘦肉和脂肪，外部脂肪修至 1/8 英寸，Choice 等级，烤炙熟,"Lamb, shoulder, blade, separable lean and fat, trimmed to 1/8"" fat, choice, cooked, broiled",23.48,18.5,0.0,,,,,"Lamb, Veal, and Game Products",
sr_legacy_172559,sr_legacy,172559,羔羊肩胛肉，可分离瘦肉和脂肪，外部脂肪修至 1/8 英寸，Choice 等级，烤熟,"Lamb, shoulder, blade, separable lean and fat, trimmed to 1/8"" fat, choice, cooked, roasted",22.62,19.19,0.0,,,,,"Lamb, Veal, and Game Products",
sr_legacy_172560,sr_legacy,172560,新西兰进口，冷冻，羔羊肉，整只羊腿（含小腿和沙朗），可分离瘦肉和脂肪，外部脂肪修整至1/8英寸，生,"Lamb, New Zealand, imported, frozen, leg, whole (shank and sirloin), separable lean and fat, trimmed to 1/8"" fat, raw",18.76,13.37,0.0,,,,,"Lamb, Veal, and Game Products",
sr_legacy_172561,sr_legacy,172561,新西兰进口，冷冻，羔羊肉，整只羊腿（含小腿和沙朗），可分离瘦肉和脂肪，外部脂肪修整至1/8英寸，熟，烤制,"Lamb, New Zealand, imported, frozen, leg, whole (shank and sirloin), separable lean and fat, trimmed to 1/8"" fat, cooked, roasted",25.34,13.95,0.0,,,,,"Lamb, Veal, and Game Products",
sr_legacy_172562,sr_legacy,172562,新西兰进口，冷冻，羊腰肉，可分离瘦肉和脂肪，外部脂肪修整至1/8英寸，生,"Lamb, New Zealand, imported, frozen, loin, separable lean and fat, trimmed to 1/8"" fat, raw",17.18,22.1,0.0,,,,,"Lamb, Veal, and Game Products",
sr_legacy_172563,sr_legacy,172563,新西兰进口，冷冻，羊腰肉，可分离瘦肉和脂肪，外部脂肪修整至1/8英寸，熟，炙烤,"Lamb, New Zealand, imported, frozen, loin, separable lean and fat, trimmed to 1/8"" fat, cooked, broiled",24.41,21.28,0.0,,,,,"Lamb, Veal, and Game Products",
sr_legacy_172564,sr_legacy,172564,美洲野牛肉，上沙朗，仅可分离瘦肉，去除可见外部脂肪，生,"Game meat, bison, top sirloin, separable lean only, trimmed to 0"" fat, raw",21.4,2.4,0.0,,,,,"Lamb, Veal, and Game Products",
sr_legacy_172565,sr_legacy,172565,美洲野牛肉，肋眼，仅可分离瘦肉，去除可见外部脂肪，生,"Game meat, bison, ribeye, separable lean only, trimmed to 0"" fat, raw",22.1,2.4,0.0,,,,,"Lamb, Veal, and Game Products",
sr_legacy_172566,sr_legacy,172566,美洲野牛肉，肩胛肉，仅可分离瘦肉，去除可见外部脂肪，生,"Game meat, bison, shoulder clod, separable lean only, trimmed to 0"" fat, raw",21.1,2.1,0.0,,,,,"Lamb, Veal, and Game Products",
sr_legacy_172567,sr_legacy,172567,小牛胸肉脂肪，可分离脂肪，熟,"Veal, breast, separable fat, cooked",9.4,53.35,0.0,,,,,"Lamb, Veal, and Game Products",
sr_legacy_172568,sr_legacy,172568,小牛前后小腿，可分离瘦肉和脂肪，生,"Veal, shank (fore and hind), separable lean and fat, raw",19.15,3.48,0.0,,,,,"Lamb, Veal, and Game Products",
sr_legacy_172569,sr_legacy,172569,小牛前后小腿，可分离瘦肉和脂肪，炖煮熟,"Veal, shank (fore and hind), separable lean and fat, cooked, braised",31.54,6.2,0.0,,,,,"Lamb, Veal, and Game Products",
sr_legacy_172570,sr_legacy,172570,小牛前后小腿，仅可分离瘦肉，生,"Veal, shank (fore and hind), separable lean only, raw",19.28,2.83,0.0,,,,,"Lamb, Veal, and Game Products",
sr_legacy_172571,sr_legacy,172571,小牛前后小腿，仅可分离瘦肉，炖煮熟,"Veal, shank (fore and hind), separable lean only, cooked, braised",32.22,4.33,0.0,,,,,"Lamb, Veal, and Game Products",
sr_legacy_172572,sr_legacy,172572,澳大利亚进口，鲜，可分离脂肪，生,"Lamb, Australian, imported, fresh, separable fat, raw",6.27,68.87,0.0,,,,,"Lamb, Veal, and Game Products",
sr_legacy_172573,sr_legacy,172573,澳大利亚进口，鲜，可分离脂肪，熟,"Lamb, Australian, imported, fresh, separable fat, cooked",9.42,66.4,0.0,,,,,"Lamb, Veal, and Game Products",
sr_legacy_172574,sr_legacy,172574,澳大利亚进口，鲜，羊前腱，可分离瘦肉和脂肪，外部脂肪修整至1/8英寸，生,"Lamb, Australian, imported, fresh, foreshank, separable lean and fat, trimmed to 1/8"" fat, raw",18.85,12.68,0.0,,,,,"Lamb, Veal, and Game Products",
sr_legacy_172575,sr_legacy,172575,澳大利亚进口，鲜，羊前腱，可分离瘦肉和脂肪，外部脂肪修整至1/8英寸，熟，炖煮,"Lamb, Australian, imported, fresh, foreshank, separable lean and fat, trimmed to 1/8"" fat, cooked, braised",24.78,14.44,0.0,,,,,"Lamb, Veal, and Game Products",
sr_legacy_172576,sr_legacy,172576,澳大利亚进口，鲜，羔羊肉，整只羊腿（含小腿和沙朗），仅可分离瘦肉，外部脂肪修整至1/8英寸，生,"Lamb, Australian, imported, fresh, leg, whole (shank and sirloin), separable lean only, trimmed to 1/8"" fat, raw",20.46,5.23,0.0,,,,,"Lamb, Veal, and Game Products",
sr_legacy_172577,sr_legacy,172577,澳大利亚进口，鲜，羔羊肉，整只羊腿（含小腿和沙朗），仅可分离瘦肉，外部脂肪修整至1/8英寸，熟，烤制,"Lamb, Australian, imported, fresh, leg, whole (shank and sirloin), separable lean only, trimmed to 1/8"" fat, cooked, roasted",27.31,8.1,0.0,,,,,"Lamb, Veal, and Game Products",
sr_legacy_172578,sr_legacy,172578,澳大利亚进口，鲜，羊腿小腿半边，可分离瘦肉和脂肪，外部脂肪修整至1/8英寸，生,"Lamb, Australian, imported, fresh, leg, shank half, separable lean and fat, trimmed to 1/8"" fat, raw",18.59,13.48,0.0,,,,,"Lamb, Veal, and Game Products",
sr_legacy_172579,sr_legacy,172579,澳大利亚进口，鲜，羊腿小腿半边，可分离瘦肉和脂肪，外部脂肪修整至1/8英寸，熟，烤制,"Lamb, Australian, imported, fresh, leg, shank half, separable lean and fat, trimmed to 1/8"" fat, cooked, roasted",25.25,13.69,0.0,,,,,"Lamb, Veal, and Game Products",
sr_legacy_172580,sr_legacy,172580,澳大利亚进口，鲜，羊腿小腿半边，仅可分离瘦肉，外部脂肪修整至1/8英寸，生,"Lamb, Australian, imported, fresh, leg, shank half, separable lean only, trimmed to 1/8"" fat, raw",20.45,5.1,0.0,,,,,"Lamb, Veal, and Game Products",
sr_legacy_172581,sr_legacy,172581,澳大利亚进口，鲜，羊腿沙朗半边，仅可分离瘦肉，去骨，外部脂肪修整至1/8英寸，熟，烤制,"Lamb, Australian, imported, fresh, leg, sirloin half, boneless, separable lean only, trimmed to 1/8"" fat, cooked, roasted",27.75,10.65,0.0,,,,,"Lamb, Veal, and Game Products",
sr_legacy_172582,sr_legacy,172582,澳大利亚进口，鲜，羊腿沙朗排，可分离瘦肉和脂肪，去骨，外部脂肪修整至1/8英寸，生,"Lamb, Australian, imported, fresh, leg, sirloin chops, boneless, separable lean and fat, trimmed to 1/8"" fat, raw",18.33,14.38,0.0,,,,,"Lamb, Veal, and Game Products",
sr_legacy_172583,sr_legacy,172583,澳大利亚进口，鲜，羊腿沙朗排，可分离瘦肉和脂肪，去骨，外部脂肪修整至1/8英寸，熟，炙烤,"Lamb, Australian, imported, fresh, leg, sirloin chops, boneless, separable lean and fat, trimmed to 1/8"" fat, cooked, broiled",25.75,13.83,0.0,,,,,"Lamb, Veal, and Game Products",
sr_legacy_172584,sr_legacy,172584,澳大利亚进口，鲜，羊腿沙朗排，仅可分离瘦肉，去骨，外部脂肪修整至1/8英寸，生,"Lamb, Australian, imported, fresh, leg, sirloin chops, boneless, separable lean only, trimmed to 1/8"" fat, raw",20.43,4.91,0.0,,,,,"Lamb, Veal, and Game Products",
sr_legacy_172585,sr_legacy,172585,澳大利亚进口，鲜，羊腿中切片，仅可分离瘦肉，带骨，外部脂肪修整至1/8英寸，熟，炙烤,"Lamb, Australian, imported, fresh, leg, center slice, bone-in, separable lean only, trimmed to 1/8"" fat, cooked, broiled",26.75,7.68,0.0,,,,,"Lamb, Veal, and Game Products",
sr_legacy_172586,sr_legacy,172586,澳大利亚进口，鲜，羊腰肉，可分离瘦肉和脂肪，外部脂肪修整至1/8英寸，生,"Lamb, Australian, imported, fresh, loin, separable lean and fat, trimmed to 1/8"" fat, raw",19.32,13.38,0.0,,,,,"Lamb, Veal, and Game Products",
sr_legacy_172587,sr_legacy,172587,澳大利亚进口，鲜，羊腰肉，可分离瘦肉和脂肪，外部脂肪修整至1/8英寸，熟，炙烤,"Lamb, Australian, imported, fresh, loin, separable lean and fat, trimmed to 1/8"" fat, cooked, broiled",25.49,12.25,0.0,,,,,"Lamb, Veal, and Game Products",
sr_legacy_172588,sr_legacy,172588,澳大利亚进口，鲜，羊腰肉，仅可分离瘦肉，外部脂肪修整至1/8英寸，生,"Lamb, Australian, imported, fresh, loin, separable lean only, trimmed to 1/8"" fat, raw",21.0,6.24,0.0,,,,,"Lamb, Veal, and Game Products",
sr_legacy_172589,sr_legacy,172589,澳大利亚进口，鲜，羔羊肉，法式修骨肋排切片，仅可分离瘦肉，带骨，外部脂肪修整至1/8英寸，熟，烤架烤制,"Lamb, Australian, imported, fresh, rib chop, frenched, bone-in, separable lean only, trimmed to 1/8"" fat, cooked, grilled",32.16,11.68,0.0,,,,,"Lamb, Veal, and Game Products",Frenched 指法式修骨，保留为“法式修骨”
sr_legacy_172590,sr_legacy,172590,澳大利亚进口，鲜，羔羊肉，整肩（臂部和肩胛），可分离瘦肉和脂肪，外部脂肪修整至1/8英寸，生,"Lamb, Australian, imported, fresh, shoulder, whole (arm and blade), separable lean and fat, trimmed to 1/8"" fat, raw",16.68,20.47,0.0,,,,,"Lamb, Veal, and Game Products",
sr_legacy_172591,sr_legacy,172591,澳大利亚进口，鲜，羔羊肉，整肩（臂部和肩胛），可分离瘦肉和脂肪，外部脂肪修整至1/8英寸，熟,"Lamb, Australian, imported, fresh, shoulder, whole (arm and blade), separable lean and fat, trimmed to 1/8"" fat, cooked",23.58,21.65,0.0,,,,,"Lamb, Veal, and Game Products",
sr_legacy_172592,sr_legacy,172592,澳大利亚进口，鲜，羔羊肉，整肩（臂部和肩胛），仅可分离瘦肉，外部脂肪修整至1/8英寸，生,"Lamb, Australian, imported, fresh, shoulder, whole (arm and blade), separable lean only,   trimmed to 1/8"" fat, raw",19.36,8.01,0.0,,,,,"Lamb, Veal, and Game Products",
sr_legacy_172593,sr_legacy,172593,澳大利亚进口，鲜，羔羊肉，整肩（臂部和肩胛），仅可分离瘦肉，外部脂肪修整至1/8英寸，熟,"Lamb, Australian, imported, fresh, shoulder, whole (arm and blade), separable lean only, trimmed to 1/8"" fat, cooked",26.18,13.44,0.0,,,,,"Lamb, Veal, and Game Products",
sr_legacy_172594,sr_legacy,172594,澳大利亚进口，鲜，羊肩胛肉，可分离瘦肉和脂肪，外部脂肪修整至1/8英寸，生,"Lamb, Australian, imported, fresh, shoulder, blade, separable lean and fat, trimmed to 1/8"" fat, raw",16.48,21.28,0.0,,,,,"Lamb, Veal, and Game Products",
sr_legacy_172595,sr_legacy,172595,澳大利亚进口，鲜，羊肩胛肉，可分离瘦肉和脂肪，外部脂肪修整至1/8英寸，熟，炙烤,"Lamb, Australian, imported, fresh, shoulder, blade, separable lean and fat, trimmed to 1/8"" fat, cooked, broiled",21.71,22.03,0.0,,,,,"Lamb, Veal, and Game Products",
sr_legacy_172596,sr_legacy,172596,澳大利亚进口，鲜，羊肩胛肉，仅可分离瘦肉，外部脂肪修整至1/8英寸，生,"Lamb, Australian, imported, fresh, shoulder, blade, separable lean only, trimmed to 1/8"" fat, raw",19.1,9.09,0.0,,,,,"Lamb, Veal, and Game Products",
sr_legacy_172597,sr_legacy,172597,澳大利亚进口，鲜，羊肩胛肉，仅可分离瘦肉，外部脂肪修整至1/8英寸，熟，炙烤,"Lamb, Australian, imported, fresh, shoulder ,blade, separable lean only, trimmed to 1/8"" fat, cooked, broiled",23.83,14.38,0.0,,,,,"Lamb, Veal, and Game Products",
sr_legacy_172598,sr_legacy,172598,美洲野牛肉，肩胛肉，仅可分离瘦肉，生,"Game meat, bison, chuck, shoulder clod, separable lean only, raw",21.12,3.15,0.0,,,,,"Lamb, Veal, and Game Products",
sr_legacy_172599,sr_legacy,172599,美洲野牛肉，肋眼，仅可分离瘦肉，1英寸牛排切片，熟，炙烤,"Game meat, bison, ribeye, separable lean only, 1"" steak, cooked, broiled",29.45,5.67,0.0,,,,,"Lamb, Veal, and Game Products",
sr_legacy_172600,sr_legacy,172600,美洲野牛肉，后腿上肉，仅可分离瘦肉，1英寸牛排切片，熟，炙烤,"Game meat, bison, top round, separable lean only, 1"" steak, cooked, broiled",30.18,4.96,0.0,,,,,"Lamb, Veal, and Game Products",
sr_legacy_172601,sr_legacy,172601,美洲野牛肉，后腿上肉，仅可分离瘦肉，1英寸牛排切片，生,"Game meat, bison, top round, separable lean only, 1"" steak, raw",23.32,2.43,0.0,,,,,"Lamb, Veal, and Game Products",
sr_legacy_172602,sr_legacy,172602,鹿肉，绞肉，生,"Game meat, deer, ground, raw",21.78,7.13,0.0,,,,,"Lamb, Veal, and Game Products",
sr_legacy_172603,sr_legacy,172603,鹿肉，绞肉，熟，平底锅煎烤,"Game meat, deer, ground, cooked, pan-broiled",26.45,8.22,0.0,,,,,"Lamb, Veal, and Game Products",
sr_legacy_172604,sr_legacy,172604,鹿肉，腰肉，仅可分离瘦肉，1英寸牛排切片，熟，炙烤,"Game meat, deer, loin, separable lean only, 1"" steak, cooked, broiled",30.2,2.38,0.0,,,,,"Lamb, Veal, and Game Products",
sr_legacy_172605,sr_legacy,172605,鹿肉，肩胛肉，仅可分离瘦肉，熟，炖煮,"Game meat, deer, shoulder clod, separable lean only, cooked, braised",36.28,3.95,0.0,,,,,"Lamb, Veal, and Game Products",
sr_legacy_172606,sr_legacy,172606,澳大利亚小牛后小腿，带骨，仅可分离瘦肉，生,"Veal, Australian, shank, hind, bone-in, separable lean only, raw",20.37,4.47,0.0,,,,,"Lamb, Veal, and Game Products",
sr_legacy_172607,sr_legacy,172607,澳大利亚小牛后小腿，带骨，可分离瘦肉和脂肪，生,"Veal, Australian, shank, hind, bone-in, separable lean and fat, raw",19.78,7.2,0.0,,,,,"Lamb, Veal, and Game Products",
sr_legacy_172608,sr_legacy,172608,澳大利亚，羊绞肉，85%瘦肉/15%脂肪，生,"Lamb, Australian, ground,  85% lean / 15% fat, raw",17.14,20.71,0.0,,,,,"Lamb, Veal, and Game Products",
sr_legacy_172609,sr_legacy,172609,新西兰进口，肌间脂肪，熟,"Lamb, New Zealand, imported, Intermuscular fat, cooked",8.53,62.44,0.0,,,,,"Lamb, Veal, and Game Products",intermuscular fat 指肌间脂肪
sr_legacy_172610,sr_legacy,172610,新西兰进口，羊胸肉，仅可分离瘦肉，熟，炖煮,"Lamb, New Zealand, imported, breast, separable lean only, cooked, braised",28.16,17.53,0.0,,,,,"Lamb, Veal, and Game Products",
sr_legacy_172611,sr_legacy,172611,新西兰进口，羊胸肉，仅可分离瘦肉，生,"Lamb, New Zealand, imported, breast, separable lean only, raw",18.31,7.98,1.02,,,,,"Lamb, Veal, and Game Products",
sr_legacy_172612,sr_legacy,172612,新西兰进口，羊臀腰肉（chump），仅可分离瘦肉，去骨，熟，快速烤制,"Lamb, New Zealand, imported, chump, boneless, separable lean only, cooked, fast roasted",23.69,5.27,0.0,,,,,"Lamb, Veal, and Game Products",chump 为英式/澳新羊肉分割，按臀腰部位处理
sr_legacy_172613,sr_legacy,172613,新西兰进口羔羊皮下脂肪，熟,"Lamb, New Zealand, imported, subcutaneous fat, cooked",5.24,72.28,0.62,,,,,"Lamb, Veal, and Game Products",
sr_legacy_172614,sr_legacy,172614,新西兰进口羔羊肝，浸泡后煎熟,"Lamb, New Zealand, imported, liver, cooked, soaked and fried",25.8,6.56,1.48,,,,,"Lamb, Veal, and Game Products",
sr_legacy_172615,sr_legacy,172615,新西兰进口羔羊肝，生,"Lamb, New Zealand, imported, liver, raw",20.7,4.92,2.22,,,,,"Lamb, Veal, and Game Products",
sr_legacy_172616,sr_legacy,172616,新西兰进口，羊绞肉，熟，炖煮,"Lamb, New Zealand, imported, ground lamb, cooked, braised",22.6,11.34,0.0,,,,,"Lamb, Veal, and Game Products",
sr_legacy_172617,sr_legacy,172617,新西兰进口，羊绞肉，生,"Lamb, New Zealand, imported, ground lamb, raw",20.33,12.41,0.0,,,,,"Lamb, Veal, and Game Products",
sr_legacy_172618,sr_legacy,172618,新西兰进口羔羊睾丸，浸泡后煎熟,"Lamb, New Zealand, imported, testes, cooked, soaked and fried",21.01,4.56,0.0,,,,,"Lamb, Veal, and Game Products",
sr_legacy_172619,sr_legacy,172619,新西兰进口羔羊睾丸，生,"Lamb, New Zealand, imported, testes, raw",11.4,2.38,0.14,,,,,"Lamb, Veal, and Game Products",
sr_legacy_172620,sr_legacy,172620,新西兰进口羔羊舌，浸泡后炖煮熟,"Lamb, New Zealand, imported, tongue - swiss cut, cooked, soaked and simmered",17.51,22.04,0.86,,,,,"Lamb, Veal, and Game Products",
sr_legacy_172621,sr_legacy,172621,新西兰进口羔羊舌，生,"Lamb, New Zealand, imported, tongue - swiss cut, raw",14.27,18.61,0.0,,,,,"Lamb, Veal, and Game Products",
sr_legacy_172622,sr_legacy,172622,新西兰进口羔羊里脊，仅可分离瘦肉，快煎熟,"Lamb, New Zealand, imported, tenderloin, separable lean only, cooked, fast fried",27.94,4.81,0.0,,,,,"Lamb, Veal, and Game Products",
sr_legacy_172623,sr_legacy,172623,新西兰进口羔羊里脊，仅可分离瘦肉，生,"Lamb, New Zealand, imported, tenderloin, separable lean only, raw",20.53,3.81,0.0,,,,,"Lamb, Veal, and Game Products",
sr_legacy_172624,sr_legacy,172624,新西兰进口羔羊腰鞍肉，仅可分离瘦肉，快速烤熟,"Lamb, New Zealand, imported, loin saddle, separable lean only, cooked, fast roasted",25.53,6.7,0.0,,,,,"Lamb, Veal, and Game Products",loin saddle 为羊腰鞍部位
sr_legacy_172625,sr_legacy,172625,新西兰进口羔羊腰鞍肉，仅可分离瘦肉，生,"Lamb, New Zealand, imported, loin saddle, separable lean only, raw",20.86,5.32,0.0,,,,,"Lamb, Veal, and Game Products",loin saddle 为羊腰鞍部位
sr_legacy_172626,sr_legacy,172626,新西兰进口羔羊颈排，仅可分离瘦肉，炖煮熟,"Lamb, New Zealand, imported, neck chops, separable lean only, cooked, braised",31.4,15.36,0.0,,,,,"Lamb, Veal, and Game Products",
sr_legacy_172627,sr_legacy,172627,新西兰进口羔羊网套卷制去骨肩肉，仅可分离瘦肉，慢烤熟,"Lamb, New Zealand, imported, netted shoulder, rolled, boneless, separable lean only, cooked, slow roasted",25.14,10.91,0.0,,,,,"Lamb, Veal, and Game Products",
sr_legacy_172628,sr_legacy,172628,新西兰进口羔羊网套卷制去骨肩肉，仅可分离瘦肉，生,"Lamb, New Zealand, imported, netted shoulder, rolled, boneless, separable lean only, raw",20.2,6.88,0.0,,,,,"Lamb, Veal, and Game Products",
sr_legacy_172629,sr_legacy,172629,新西兰进口羔羊法式修整羊排架（完全露骨），仅可分离瘦肉，快速烤熟,"Lamb, New Zealand, imported, rack - fully frenched, separable lean only, cooked, fast roasted",24.39,8.38,0.0,,,,,"Lamb, Veal, and Game Products",Frenched 指法式修整、肋骨外露
sr_legacy_172630,sr_legacy,172630,新西兰进口，羊腹板肉，可分离瘦肉和脂肪，去骨，熟，炖煮,"Lamb, New Zealand, imported, flap, boneless, separable lean and fat, cooked, braised",20.48,32.63,0.14,,,,,"Lamb, Veal, and Game Products",
sr_legacy_172631,sr_legacy,172631,新西兰进口，羊腹板肉，可分离瘦肉和脂肪，去骨，生,"Lamb, New Zealand, imported, flap, boneless, separable lean and fat, raw",16.17,30.14,0.27,,,,,"Lamb, Veal, and Game Products",
sr_legacy_172632,sr_legacy,172632,新西兰进口，羊后腱，可分离瘦肉和脂肪，熟，炖煮,"Lamb, New Zealand, imported, hind-shank, separable lean and fat, cooked, braised",29.59,14.22,0.04,,,,,"Lamb, Veal, and Game Products",
sr_legacy_172633,sr_legacy,172633,新西兰进口，羊后腱，可分离瘦肉和脂肪，生,"Lamb, New Zealand, imported, hind-shank, separable lean and fat, raw",18.39,12.12,0.73,,,,,"Lamb, Veal, and Game Products",
sr_legacy_172634,sr_legacy,172634,新西兰进口羔羊去骨腰肉，可分离瘦肉和脂肪，快速烤熟,"Lamb, New Zealand, imported, loin, boneless, separable lean and fat, cooked, fast roasted",28.96,4.57,0.0,,,,,"Lamb, Veal, and Game Products",
sr_legacy_172635,sr_legacy,172635,新西兰进口羔羊去骨腰肉，可分离瘦肉和脂肪，生,"Lamb, New Zealand, imported, loin, boneless, separable lean and fat, raw",21.44,3.99,0.0,,,,,"Lamb, Veal, and Game Products",
sr_legacy_172636,sr_legacy,172636,新西兰进口羔羊颈排，可分离瘦肉和脂肪，炖煮熟,"Lamb, New Zealand, imported, neck chops, separable lean and fat, cooked, braised",28.53,21.43,0.03,,,,,"Lamb, Veal, and Game Products",
sr_legacy_172637,sr_legacy,172637,新西兰进口羔羊颈排，可分离瘦肉和脂肪，生,"Lamb, New Zealand, imported, neck chops, separable lean and fat, raw",17.43,17.9,0.14,,,,,"Lamb, Veal, and Game Products",
sr_legacy_172638,sr_legacy,172638,新西兰进口羔羊网套卷制去骨肩肉，可分离瘦肉和脂肪，慢烤熟,"Lamb, New Zealand, imported, netted shoulder, rolled, boneless, separable lean and fat, cooked, slow roasted",21.45,22.33,0.05,,,,,"Lamb, Veal, and Game Products",
sr_legacy_172639,sr_legacy,172639,新西兰进口羔羊里脊，可分离瘦肉和脂肪，快煎熟,"Lamb, New Zealand, imported, tenderloin, separable lean and fat, cooked, fast fried",27.87,5.0,0.0,,,,,"Lamb, Veal, and Game Products",
sr_legacy_172640,sr_legacy,172640,新西兰进口羔羊法式修整羊排架（完全露骨），可分离瘦肉和脂肪，快速烤熟,"Lamb, New Zealand, imported, rack - fully frenched, separable lean and fat, cooked, fast roasted",23.56,11.2,0.01,,,,,"Lamb, Veal, and Game Products",Frenched 指法式修整、肋骨外露
sr_legacy_172641,sr_legacy,172641,新西兰进口羔羊法式修整羊排架（完全露骨），可分离瘦肉和脂肪，生,"Lamb, New Zealand, imported, rack - fully frenched, separable lean and fat, raw",19.88,9.96,0.05,,,,,"Lamb, Veal, and Game Products",Frenched 指法式修整、肋骨外露
sr_legacy_172642,sr_legacy,172642,新西兰进口羔羊隧道去骨腿肉，去臀尖和小腿，可分离瘦肉和脂肪，慢烤熟,"Lamb, New Zealand, imported, tunnel-boned leg, chump off, shank off, separable lean and fat, cooked, slow roasted",23.41,12.68,0.03,,,,,"Lamb, Veal, and Game Products",tunnel-boned/chump 为新西兰羊腿切割术语，已按部位说明翻译
sr_legacy_172643,sr_legacy,172643,小牛后腿上圆肉排片，去盖肉，去骨，生,"Veal, leg, top round, cap off, cutlet, boneless, raw",22.07,2.07,0.0,,,,,"Lamb, Veal, and Game Products",
sr_legacy_172644,sr_legacy,172644,小牛腰排，仅可分离瘦肉，烤/煎烤熟,"Veal, loin, chop, separable lean only, cooked, grilled",29.75,4.44,0.07,,,,,"Lamb, Veal, and Game Products",
sr_legacy_172645,sr_legacy,172645,小牛小腿肉，仅可分离瘦肉，生,"Veal, shank, separable lean only, raw",19.77,1.64,0.0,,,,,"Lamb, Veal, and Game Products",
sr_legacy_172646,sr_legacy,172646,小牛前小腿 Osso Buco 切块，仅可分离瘦肉，炖煮熟,"Veal, foreshank, osso buco, separable lean only, cooked, braised",29.12,4.51,0.0,,,,,"Lamb, Veal, and Game Products",Osso Buco 为意式小牛前小腿横切部位，保留英文便于搜索
sr_legacy_172647,sr_legacy,172647,小牛肌间脂肪，熟,"Veal, seam fat only, cooked",11.16,50.17,2.11,,,,,"Lamb, Veal, and Game Products",
sr_legacy_172648,sr_legacy,172648,小牛小腿肉，可分离瘦肉和脂肪，生,"Veal, shank, separable lean and fat, raw",19.28,3.3,0.0,,,,,"Lamb, Veal, and Game Products",
sr_legacy_172649,sr_legacy,172649,小牛前小腿 Osso Buco 切块，可分离瘦肉和脂肪，炖煮熟,"Veal, foreshank, osso buco, separable lean and fat, cooked, braised",27.94,7.77,0.11,,,,,"Lamb, Veal, and Game Products",Osso Buco 为意式小牛前小腿横切部位，保留英文便于搜索
sr_legacy_172650,sr_legacy,172650,小牛腰排，可分离瘦肉和脂肪，烤/煎烤熟,"Veal, loin, chop, separable lean and fat, cooked, grilled",28.04,9.48,0.16,,,,,"Lamb, Veal, and Game Products",
sr_legacy_172651,sr_legacy,172651,小牛肩胛排，可分离瘦肉和脂肪，烤/煎烤熟,"Veal, shoulder, blade chop, separable lean and fat, cooked, grilled",25.72,10.57,0.15,,,,,"Lamb, Veal, and Game Products",
sr_legacy_172652,sr_legacy,172652,澳大利亚进口，鲜，羊里脊肉，仅可分离瘦肉，去骨，外部脂肪修整至1/8英寸，生,"Lamb, Australian, imported, fresh, tenderloin, boneless, separable lean only, trimmed to 1/8"" fat, raw",23.42,4.73,0.0,,,,,"Lamb, Veal, and Game Products",
sr_legacy_172653,sr_legacy,172653,澳大利亚进口，鲜，羊腿下部，仅可分离瘦肉，去骨，外部脂肪修整至1/8英寸，生,"Lamb, Australian, imported, fresh, leg, bottom, boneless, separable lean only, trimmed to 1/8"" fat, raw",22.28,5.24,0.0,,,,,"Lamb, Veal, and Game Products",
sr_legacy_172654,sr_legacy,172654,澳大利亚进口，鲜，羊腿，去蹄，仅可分离瘦肉，带骨，外部脂肪修整至1/8英寸，熟，烤制,"Lamb, Australian, imported, fresh, leg, trotter off, bone-in, separable lean only, trimmed to 1/8"" fat, cooked, roasted",32.08,9.59,0.0,,,,,"Lamb, Veal, and Game Products",trotter off 按去蹄处理
sr_legacy_172655,sr_legacy,172655,澳大利亚进口，鲜，羊腿，去蹄，仅可分离瘦肉，带骨，外部脂肪修整至1/8英寸，生,"Lamb, Australian, imported, fresh, leg, trotter off, bone-in, separable lean only, trimmed to 1/8"" fat, raw",23.11,4.33,0.0,,,,,"Lamb, Veal, and Game Products",trotter off 按去蹄处理
sr_legacy_172656,sr_legacy,172656,澳大利亚进口，鲜，肌间缝脂肪，熟,"Lamb, Australian, imported, fresh, seam fat, cooked",13.81,54.72,1.55,,,,,"Lamb, Veal, and Game Products",seam fat 指肌间缝脂肪
sr_legacy_172657,sr_legacy,172657,澳大利亚进口，鲜，肌间缝脂肪，生,"Lamb, Australian, imported, fresh, seam fat, raw",15.65,44.01,0.0,,,,,"Lamb, Veal, and Game Products",seam fat 指肌间缝脂肪
sr_legacy_172658,sr_legacy,172658,澳大利亚进口，鲜，羊腿下部，可分离瘦肉和脂肪，去骨，外部脂肪修整至1/8英寸，熟，烤制,"Lamb, Australian, imported, fresh, leg, bottom, boneless, separable lean and fat, trimmed to 1/8"" fat, cooked, roasted",27.54,12.04,0.0,,,,,"Lamb, Veal, and Game Products",
sr_legacy_172659,sr_legacy,172659,澳大利亚进口，鲜，羊腿下部，可分离瘦肉和脂肪，去骨，外部脂肪修整至1/8英寸，生,"Lamb, Australian, imported, fresh, leg, bottom, boneless, separable lean and fat, trimmed to 1/8"" fat, raw",20.97,11.43,0.0,,,,,"Lamb, Veal, and Game Products",
sr_legacy_172660,sr_legacy,172660,澳大利亚进口，鲜，羊里脊肉，可分离瘦肉和脂肪，去骨，外部脂肪修整至1/8英寸，生,"Lamb, Australian, imported, fresh, tenderloin, boneless, separable lean and fat, trimmed to 1/8"" fat, raw",23.23,5.52,0.0,,,,,"Lamb, Veal, and Game Products",
sr_legacy_172661,sr_legacy,172661,澳大利亚进口，鲜，羔羊肉，法式修骨肋排切片，去外层脂肪，仅可分离瘦肉，带骨，去除可见外部脂肪，熟，烤架烤制,"Lamb, Australian, imported, fresh, rib chop, frenched, denuded, bone-in, separable lean only, trimmed to 0"" fat, cooked, grilled",33.17,11.5,0.0,,,,,"Lamb, Veal, and Game Products",Frenched 指法式修骨，保留为“法式修骨”
sr_legacy_172662,sr_legacy,172662,澳大利亚进口，鲜，羔羊肉，法式修骨羊排架烤肉，去外层脂肪，可分离瘦肉和脂肪，带骨，去除可见外部脂肪，熟，烤制,"Lamb, Australian, imported, fresh, rack, roast, frenched, denuded, bone-in, separable lean and fat, trimmed to 0"" fat, cooked, roasted",25.95,9.91,0.0,,,,,"Lamb, Veal, and Game Products",Frenched 指法式修骨，保留为“法式修骨”
sr_legacy_172663,sr_legacy,172663,澳大利亚进口，鲜，羔羊肉，法式修骨羊排架烤肉，可分离瘦肉和脂肪，带骨，外部脂肪修整至1/8英寸，熟，烤制,"Lamb, Australian, imported, fresh, rack, roast, frenched, bone-in, separable lean and fat, trimmed to 1/8"" fat, cooked, roasted",25.96,20.77,0.0,,,,,"Lamb, Veal, and Game Products",Frenched 指法式修骨，保留为“法式修骨”
sr_legacy_172664,sr_legacy,172664,肉桂葡萄干贝果,"Bagels, cinnamon-raisin",9.8,1.7,55.2,,,,,Baked Products,
sr_legacy_172665,sr_legacy,172665,肉桂葡萄干贝果，烤过,"Bagels, cinnamon-raisin, toasted",10.6,1.8,59.3,,,,,Baked Products,
sr_legacy_172666,sr_legacy,172666,燕麦麸贝果,"Bagels, oat bran",10.7,1.2,53.3,,,,,Baked Products,
sr_legacy_172667,sr_legacy,172667,冷冻美式比司吉，已烘烤,"Biscuits, plain or buttermilk, frozen, baked",6.2,11.03,53.87,,,,,Baked Products,
sr_legacy_172670,sr_legacy,172670,自制美式比司吉，原味或酪乳味,"Biscuits, plain or buttermilk, prepared from recipe",7.0,16.3,44.6,,,,,Baked Products,
sr_legacy_172672,sr_legacy,172672,裂麦面包,"Bread, cracked-wheat",8.7,3.9,49.5,,,,,Baked Products,
sr_legacy_172673,sr_legacy,172673,鸡蛋面包,"Bread, egg",9.5,6.0,47.8,,,,,Baked Products,
sr_legacy_172674,sr_legacy,172674,鸡蛋面包，烤过,"Bread, egg, toasted",10.5,6.6,52.6,,,,,Baked Products,
sr_legacy_172675,sr_legacy,172675,法式或维也纳面包，含酸面团,"Bread, french or vienna (includes sourdough)",10.75,2.42,51.88,,,,,Baked Products,
sr_legacy_172676,sr_legacy,172676,燕麦麸面包,"Bread, oat bran",10.4,4.4,39.8,,,,,Baked Products,
sr_legacy_172677,sr_legacy,172677,燕麦麸面包，烤过,"Bread, oat bran, toasted",11.4,4.8,43.7,,,,,Baked Products,
sr_legacy_172678,sr_legacy,172678,燕麦面包,"Bread, oatmeal",8.4,4.4,48.5,,,,,Baked Products,
sr_legacy_172679,sr_legacy,172679,燕麦面包，烤过,"Bread, oatmeal, toasted",9.2,4.8,52.7,,,,,Baked Products,
sr_legacy_172680,sr_legacy,172680,强化葡萄干面包,"Bread, raisin, enriched",7.9,4.4,52.3,,,,,Baked Products,
sr_legacy_172681,sr_legacy,172681,强化葡萄干面包，烤过,"Bread, raisin, enriched, toasted",8.6,4.8,56.9,,,,,Baked Products,
sr_legacy_172682,sr_legacy,172682,低热量燕麦麸面包,"Bread, reduced-calorie, oat bran",8.0,3.2,41.3,,,,,Baked Products,
sr_legacy_172683,sr_legacy,172683,低热量燕麦麸面包，烤过,"Bread, reduced-calorie, oat bran, toasted",9.5,3.8,49.2,,,,,Baked Products,
sr_legacy_172684,sr_legacy,172684,黑麦面包,"Bread, rye",8.5,3.3,48.3,,,,,Baked Products,
sr_legacy_172685,sr_legacy,172685,黑麦面包，烤过,"Bread, rye, toasted",9.4,3.6,53.1,,,,,Baked Products,
sr_legacy_172686,sr_legacy,172686,小麦面包,"Bread, wheat",10.67,4.53,47.54,,,,,Baked Products,
sr_legacy_172687,sr_legacy,172687,小麦面包，烤过,"Bread, wheat, toasted",12.96,4.27,55.77,,,,,Baked Products,
sr_legacy_172688,sr_legacy,172688,全麦面包，商业制作,"Bread, whole-wheat, commercially prepared",12.45,3.5,42.71,,,,,Baked Products,
sr_legacy_172689,sr_legacy,172689,全麦面包，商业制作，烤过,"Bread, whole-wheat, commercially prepared, toasted",16.27,4.07,51.16,,,,,Baked Products,
sr_legacy_172690,sr_legacy,172690,全麦面包，自制,"Bread, whole-wheat, prepared from recipe",8.4,5.4,51.4,,,,,Baked Products,
sr_legacy_172691,sr_legacy,172691,全麦面包，自制，烤过,"Bread, whole-wheat, prepared from recipe, toasted",9.2,5.9,56.4,,,,,Baked Products,
sr_legacy_172692,sr_legacy,172692,玉米面包填料干混合料,"Bread, stuffing, cornbread, dry mix",10.0,4.2,76.7,,,,,Baked Products,
sr_legacy_172693,sr_legacy,172693,玉米面包填料干混合料，已制作,"Bread, stuffing, cornbread, dry mix, prepared",2.9,8.8,21.9,,,,,Baked Products,
sr_legacy_172739,sr_legacy,172739,黑麦脆饼,"Crackers, crispbread, rye",7.9,1.3,82.2,,,,,Baked Products,
sr_legacy_172740,sr_legacy,172740,原味 Matzo 饼,"Crackers, matzo, plain",10.0,1.4,83.7,,,,,Baked Products,Matzo 为犹太无酵饼
sr_legacy_172741,sr_legacy,172741,鸡蛋 Matzo 饼,"Crackers, matzo, egg",12.3,2.1,78.6,,,,,Baked Products,Matzo 为犹太无酵饼
sr_legacy_172742,sr_legacy,172742,全麦 Matzo 饼,"Crackers, matzo, whole-wheat",13.1,1.5,78.9,,,,,Baked Products,Matzo 为犹太无酵饼
sr_legacy_172743,sr_legacy,172743,黑麦夹心饼干，奶酪馅,"Crackers, rye, sandwich-type with cheese filling",9.2,22.3,60.8,,,,,Baked Products,
sr_legacy_172744,sr_legacy,172744,原味黑麦威化饼干,"Crackers, rye, wafers, plain",9.6,0.9,80.4,,,,,Baked Products,
sr_legacy_172745,sr_legacy,172745,调味黑麦威化饼干,"Crackers, rye, wafers, seasoned",9.0,9.2,73.8,,,,,Baked Products,
sr_legacy_172746,sr_legacy,172746,盐味苏打饼干，含牡蛎饼干、苏打饼、汤饼干,"Crackers, saltines (includes oyster, soda, soup)",9.46,8.64,74.05,,,,,Baked Products,
sr_legacy_172747,sr_legacy,172747,小麦夹心饼干，奶酪馅,"Crackers, wheat, sandwich, with cheese filling",9.8,25.0,58.2,,,,,Baked Products,
sr_legacy_172748,sr_legacy,172748,小麦夹心饼干，花生酱馅,"Crackers, wheat, sandwich, with peanut butter filling",13.5,26.7,53.8,,,,,Baked Products,
sr_legacy_172749,sr_legacy,172749,全麦饼干,"Crackers, whole-wheat",10.58,14.13,69.55,,,,,Baked Products,
sr_legacy_172750,sr_legacy,172750,饼干粉,"Cracker, meal",9.3,1.7,80.9,,,,,Baked Products,
sr_legacy_172793,sr_legacy,172793,原味餐包，商业制作，含半烤即食餐包,"Rolls, dinner, plain, commercially prepared (includes brown-and-serve)",10.86,6.47,52.04,,,,,Baked Products,
sr_legacy_172794,sr_legacy,172794,全麦餐包,"Rolls, dinner, whole-wheat",8.7,4.7,51.1,,,,,Baked Products,
sr_legacy_172795,sr_legacy,172795,法式小餐包,"Rolls, french",8.6,4.3,50.2,,,,,Baked Products,
sr_legacy_172796,sr_legacy,172796,汉堡或热狗面包，原味,"Rolls, hamburger or hotdog, plain",9.77,3.91,50.12,,,,,Baked Products,
sr_legacy_172797,sr_legacy,172797,汉堡或热狗面包，多谷物,"Rolls, hamburger or hotdog, mixed-grain",9.6,6.0,44.6,,,,,Baked Products,
sr_legacy_172802,sr_legacy,172802,馄饨皮，含春卷皮,Wonton wrappers (includes egg roll wrappers),9.8,1.5,57.9,,,,,Baked Products,
sr_legacy_172806,sr_legacy,172806,干面包屑，调味，磨碎,"Bread, crumbs, dry, grated, seasoned",14.13,5.48,68.49,,,,,Baked Products,
sr_legacy_172809,sr_legacy,172809,高蛋白面包，含麸质，烤过,"Bread, protein, (includes gluten), toasted",13.2,2.4,48.1,,,,,Baked Products,
sr_legacy_172810,sr_legacy,172810,原味餐包，自制，使用低脂牛奶,"Rolls, dinner, plain, prepared from recipe, made with low fat (2%) milk",8.5,7.3,53.4,,,,,Baked Products,
sr_legacy_172812,sr_legacy,172812,鸡蛋洋葱 Matzo 饼,"Crackers, matzo, egg and onion",10.0,3.9,77.1,,,,,Baked Products,Matzo 为犹太无酵饼
sr_legacy_172816,sr_legacy,172816,白皮塔饼，未强化,"Bread, pita, white, unenriched",9.1,1.2,55.7,,,,,Baked Products,
sr_legacy_172817,sr_legacy,172817,未强化葡萄干面包,"Bread, raisin, unenriched",7.9,4.4,52.3,,,,,Baked Products,
sr_legacy_172818,sr_legacy,172818,低钠无盐白面包，商业制作,"Bread, white, commercially prepared, low sodium, no salt",8.2,3.6,49.6,,,,,Baked Products,
sr_legacy_172822,sr_legacy,172822,原味梅尔巴吐司饼干，无盐,"Crackers, melba toast, plain, without salt",12.1,3.2,76.6,,,,,Baked Products,
sr_legacy_172823,sr_legacy,172823,低盐全麦饼干,"Crackers, whole-wheat, low salt",8.8,17.2,68.6,,,,,Baked Products,
sr_legacy_172826,sr_legacy,172826,低钠无盐白面包，商业制作，烤过,"Bread, white, commercially prepared, toasted, low sodium no salt",9.0,4.0,54.4,,,,,Baked Products,
sr_legacy_172829,sr_legacy,172829,鹌鹑胸肉，仅肉，生,"Quail, breast, meat only, raw",22.59,2.99,0,,,,,Poultry Products,quail 指鹌鹑。
sr_legacy_172830,sr_legacy,172830,肉鸡，旋转烤，BBQ，翅，带皮肉,"Chicken, broiler, rotisserie, BBQ, wing, meat and skin",23.42,18.04,0.6,,,,,Poultry Products,broiler/fryer 指美国 USDA 肉鸡分类，中文统一译为“肉鸡”。；rotisserie 指旋转烤制。
sr_legacy_172832,sr_legacy,172832,鸸鹋，肉末，生,"Emu, ground, raw",22.77,4.03,0,,,,,Poultry Products,Emu 指鸸鹋。
sr_legacy_172833,sr_legacy,172833,鸸鹋，肉末，熟，平底锅煎烤,"Emu, ground, cooked, pan-broiled",28.43,4.65,0,,,,,Poultry Products,Emu 指鸸鹋。
sr_legacy_172834,sr_legacy,172834,鸸鹋，臀肉整块，熟，高温烤制,"Emu, full rump, cooked, broiled",33.67,2.68,0,,,,,Poultry Products,Emu 指鸸鹋。
sr_legacy_172835,sr_legacy,172835,鸸鹋，内侧腿肉，生,"Emu, inside drum, raw",22.22,1.49,0,,,,,Poultry Products,Emu 指鸸鹋。
sr_legacy_172836,sr_legacy,172836,鸸鹋，内侧腿肉，熟，高温烤制,"Emu, inside drums, cooked, broiled",32.38,2.01,0,,,,,Poultry Products,Emu 指鸸鹋。
sr_legacy_172837,sr_legacy,172837,鸸鹋，外侧腿肉，生,"Emu, outside drum, raw",23.08,0.48,0,,,,,Poultry Products,Emu 指鸸鹋。
sr_legacy_172838,sr_legacy,172838,鸸鹋，蚝形肉，生,"Emu, oyster, raw",22.81,4.86,0,,,,,Poultry Products,Emu 指鸸鹋。
sr_legacy_172839,sr_legacy,172839,鸵鸟，内侧腿肉，生,"Ostrich, inside leg, raw",22.39,1.72,0,,,,,Poultry Products,ostrich 指鸵鸟。
sr_legacy_172840,sr_legacy,172840,鸵鸟，内侧腿肉，熟,"Ostrich, inside leg, cooked",29.01,1.94,0,,,,,Poultry Products,ostrich 指鸵鸟。
sr_legacy_172841,sr_legacy,172841,鸵鸟，内侧肉条，生,"Ostrich, inside strip, raw",23.69,2.87,0,,,,,Poultry Products,ostrich 指鸵鸟。
sr_legacy_172842,sr_legacy,172842,鸵鸟，内侧肉条，熟,"Ostrich, inside strip, cooked",29.37,4.26,0,,,,,Poultry Products,ostrich 指鸵鸟。
sr_legacy_172843,sr_legacy,172843,鸵鸟，蚝形肉，熟,"Ostrich, oyster, cooked",28.81,3.97,0,,,,,Poultry Products,ostrich 指鸵鸟。
sr_legacy_172844,sr_legacy,172844,鸵鸟，后腿圆肉，生,"Ostrich, round, raw",21.99,2.4,0,,,,,Poultry Products,ostrich 指鸵鸟。
sr_legacy_172845,sr_legacy,172845,鸵鸟，里脊，生,"Ostrich, tenderloin, raw",22.07,3.19,0,,,,,Poultry Products,ostrich 指鸵鸟。
sr_legacy_172846,sr_legacy,172846,鸵鸟，修整尖端肉，生,"Ostrich, tip trimmed, raw",21.85,2.3,0,,,,,Poultry Products,ostrich 指鸵鸟。
sr_legacy_172847,sr_legacy,172847,火鸡，肉末，无脂，生,"Turkey, ground, fat free, raw",23.57,1.95,0,,,,,Poultry Products,
sr_legacy_172848,sr_legacy,172848,火鸡肉末，无脂，平底锅煎烤碎肉粒,"Turkey, ground, fat free, pan-broiled crumbles",31.69,2.71,0,,,,,Poultry Products,
sr_legacy_172849,sr_legacy,172849,火鸡，肉末，无脂，肉饼，高温烤制,"Turkey, ground, fat free, patties, broiled",28.99,2.48,0,,,,,Poultry Products,
sr_legacy_172850,sr_legacy,172850,火鸡，肉末，93% 瘦肉，7% 脂肪，生,"Turkey, ground, 93% lean, 7% fat, raw",18.73,8.34,0,,,,,Poultry Products,
sr_legacy_172851,sr_legacy,172851,火鸡肉末，93% 瘦肉，7% 脂肪，平底锅煎烤碎肉粒,"Turkey, ground, 93% lean, 7% fat, pan-broiled crumbles",27.1,11.6,0,,,,,Poultry Products,
sr_legacy_172852,sr_legacy,172852,肉鸡，深色肉，小腿，仅肉，熟，焖炖,"Chicken, broilers or fryers, dark meat, drumstick, meat only, cooked, braised",23.93,5.95,0,,,,,Poultry Products,broiler/fryer 指美国 USDA 肉鸡分类，中文统一译为“肉鸡”。
sr_legacy_172853,sr_legacy,172853,肉鸡，深色肉，大腿，仅肉，熟，焖炖,"Chicken, broilers or fryers, dark meat, thigh, meat only, cooked, braised",24.55,8.63,0,,,,,Poultry Products,broiler/fryer 指美国 USDA 肉鸡分类，中文统一译为“肉鸡”。
sr_legacy_172854,sr_legacy,172854,鸡小腿和大腿皮，熟，焖炖,"Chicken, skin (drumsticks and thighs), cooked, braised",14.61,42.76,0,,,,,Poultry Products,
sr_legacy_172855,sr_legacy,172855,鸡小腿和大腿皮，生,"Chicken, skin (drumsticks and thighs), raw",9.58,44.23,0.79,,,,,Poultry Products,
sr_legacy_172856,sr_legacy,172856,鸡深色肉，小腿，仅肉，添加保水液，熟，烤制,"Chicken, dark meat, drumstick, meat only, with added solution, cooked, roasted",25.34,5,0,,,,,Poultry Products,with added solution 指添加盐水/保水液的产品。
sr_legacy_172857,sr_legacy,172857,鸡深色肉，小腿，仅肉，添加保水液，熟，焖炖,"Chicken, dark meat, drumstick, meat only, with added solution, cooked, braised",22.99,6.33,0,,,,,Poultry Products,with added solution 指添加盐水/保水液的产品。
sr_legacy_172858,sr_legacy,172858,鸡深色肉，大腿，仅肉，添加保水液，熟，焖炖,"Chicken, dark meat, thigh, meat only, with added solution, cooked, braised",23,7.96,0,,,,,Poultry Products,with added solution 指添加盐水/保水液的产品。
sr_legacy_172859,sr_legacy,172859,鸡深色肉，大腿，仅肉，添加保水液，生,"Chicken, dark meat, thigh, meat only, with added solution, raw",19.11,3.69,0,,,,,Poultry Products,with added solution 指添加盐水/保水液的产品。
sr_legacy_172860,sr_legacy,172860,鸡深色肉，小腿，带皮肉，添加保水液，生,"Chicken, dark meat, drumstick, meat and skin, with added solution, raw",18.03,8.24,0,,,,,Poultry Products,with added solution 指添加盐水/保水液的产品。
sr_legacy_172861,sr_legacy,172861,鸡深色肉，小腿，带皮肉，添加保水液，熟，烤制,"Chicken, dark meat, drumstick, meat and skin, with added solution, cooked, roasted",24.72,9,0.05,,,,,Poultry Products,with added solution 指添加盐水/保水液的产品。
sr_legacy_172862,sr_legacy,172862,鸡深色肉，大腿，带皮肉，添加保水液，熟，焖炖,"Chicken, dark meat, thigh, meat and skin, with added solution, cooked, braised",20.7,14.62,0.21,,,,,Poultry Products,with added solution 指添加盐水/保水液的产品。
sr_legacy_172863,sr_legacy,172863,鸡深色肉，大腿，带皮肉，添加保水液，生,"Chicken, dark meat, thigh, meat and skin, with added solution, raw",16.56,14.58,0,,,,,Poultry Products,with added solution 指添加盐水/保水液的产品。
sr_legacy_172864,sr_legacy,172864,整只火鸡，浅色肉，仅肉，添加保水液，生,"Turkey from whole, light meat, meat only, with added solution, raw",21.54,1.66,0,,,,,Poultry Products,with added solution 指添加盐水/保水液的产品。
sr_legacy_172865,sr_legacy,172865,整只火鸡，浅色肉，仅肉，添加保水液，熟，烤制,"Turkey from whole, light meat, meat only, with added solution, cooked, roasted",26.97,2.08,0,,,,,Poultry Products,with added solution 指添加盐水/保水液的产品。
sr_legacy_172866,sr_legacy,172866,火鸡整只取皮（浅色和深色部位），添加保水液，生,"Turkey, skin from whole (light and dark), with added solution, raw",12.29,36.8,0.21,,,,,Poultry Products,with added solution 指添加盐水/保水液的产品。
sr_legacy_172867,sr_legacy,172867,火鸡整只取皮（浅色和深色部位），添加保水液，烤制,"Turkey, skin from whole, (light and dark), with added solution, roasted",22.15,40.31,0,,,,,Poultry Products,with added solution 指添加盐水/保水液的产品。
sr_legacy_172868,sr_legacy,172868,火鸡，整只，仅肉，添加保水液，生,"Turkey, whole, meat only, with added solution, raw",20.87,2.39,0.14,,,,,Poultry Products,with added solution 指添加盐水/保水液的产品。
sr_legacy_172869,sr_legacy,172869,火鸡，整只，仅肉，添加保水液，烤制,"Turkey, whole, meat only, with added solution, roasted",26.61,3.7,0,,,,,Poultry Products,with added solution 指添加盐水/保水液的产品。
sr_legacy_172870,sr_legacy,172870,火鸡，整只，带皮肉，添加保水液，生,"Turkey, whole, meat and skin, with added solution, raw",19.03,9.1,0.15,,,,,Poultry Products,with added solution 指添加盐水/保水液的产品。
sr_legacy_172871,sr_legacy,172871,火鸡，整只，带皮肉，添加保水液，烤制,"Turkey, whole, meat and skin, with added solution, roasted",26.09,8.01,0,,,,,Poultry Products,with added solution 指添加盐水/保水液的产品。
sr_legacy_172872,sr_legacy,172872,火鸡，零售分割部位，翅，仅肉，熟，烤制,"Turkey, retail parts, wing, meat only, cooked, roasted",30.17,5.51,0,,,,,Poultry Products,
sr_legacy_172873,sr_legacy,172873,火鸡皮，来自零售分割深色肉部位，生,"Turkey, skin, from retail parts, from dark meat, raw",14.35,35.83,0,,,,,Poultry Products,
sr_legacy_172874,sr_legacy,172874,火鸡皮，来自零售分割深色肉部位，熟，烤制,"Turkey, skin, from retail parts, from dark meat, cooked, roasted",24.58,35.03,0,,,,,Poultry Products,
sr_legacy_172875,sr_legacy,172875,火鸡，零售分割部位，小腿，仅肉，生,"Turkey, retail parts, drumstick, meat only, raw",20.52,3.97,0,,,,,Poultry Products,
sr_legacy_172876,sr_legacy,172876,火鸡胸肉，整只取部位，仅肉，添加保水液，生,"Turkey, breast, from whole bird, meat only, with added solution, raw",21.54,1.66,0.14,,,,,Poultry Products,with added solution 指添加盐水/保水液的产品。
sr_legacy_172877,sr_legacy,172877,火鸡，零售分割部位，大腿，仅肉，熟，烤制,"Turkey, retail parts, thigh, meat only, cooked, roasted",25.14,6.25,0.46,,,,,Poultry Products,
sr_legacy_172878,sr_legacy,172878,火鸡，零售分割部位，小腿，仅肉，熟，烤制,"Turkey, retail parts, drumstick, meat only, cooked, roasted",28.61,6.52,0,,,,,Poultry Products,
sr_legacy_173021,sr_legacy,173021,无花果，生,"Figs, raw",0.75,0.3,19.18,,,,,Fruits and Fruit Juices,
sr_legacy_173022,sr_legacy,173022,无花果，罐装，水浸，含固形物和液体,"Figs, canned, water pack, solids and liquids",0.4,0.1,13.99,,,,,Fruits and Fruit Juices,
sr_legacy_173030,sr_legacy,173030,醋栗，生,"Gooseberries, raw",0.88,0.58,10.18,,,,,Fruits and Fruit Juices,
sr_legacy_173032,sr_legacy,173032,枸杞，干,"Goji berries, dried",14.26,0.39,77.06,,,,,Fruits and Fruit Juices,Goji berries 对应枸杞。
sr_legacy_173033,sr_legacy,173033,葡萄柚（西柚），生，粉红、红色和白色品种,"Grapefruit, raw, pink and red and white, all areas",0.63,0.1,8.08,,,,,Fruits and Fruit Juices,
sr_legacy_173034,sr_legacy,173034,白葡萄柚（西柚），生，佛罗里达,"Grapefruit, raw, white, Florida",0.63,0.1,8.19,,,,,Fruits and Fruit Juices,葡萄柚也常称西柚，中文名保留两种称呼。
sr_legacy_173035,sr_legacy,173035,葡萄柚瓣罐头，水浸，含固形物和液体,"Grapefruit, sections, canned, water pack, solids and liquids",0.58,0.1,9.15,,,,,Fruits and Fruit Juices,
sr_legacy_173036,sr_legacy,173036,葡萄柚瓣罐头，果汁浸，含固形物和液体,"Grapefruit, sections, canned, juice pack, solids and liquids",0.7,0.09,9.21,,,,,Fruits and Fruit Juices,
sr_legacy_173038,sr_legacy,173038,粉红或红色葡萄柚汁，添加钙,"Grapefruit juice, pink or red, with added calcium",0.51,0.68,7.74,,,,,Fruits and Fruit Juices,
sr_legacy_173039,sr_legacy,173039,白葡萄柚汁，生,"Grapefruit juice, white, raw",0.5,0.1,9.2,,,,,Fruits and Fruit Juices,
sr_legacy_173040,sr_legacy,173040,圆叶葡萄（Muscadine），生,"Grapes, muscadine, raw",0.81,0.47,13.93,,,,,Fruits and Fruit Juices,Muscadine 为圆叶葡萄，保留英文方便核对。
sr_legacy_173043,sr_legacy,173043,灯笼果（Cape gooseberry / Poha），生,"Groundcherries, (cape-gooseberries or poha), raw",1.9,0.7,11.2,,,,,Fruits and Fruit Juices,Groundcherry/Cape gooseberry/Poha 名称较多，保留英文别名方便搜索。
sr_legacy_173044,sr_legacy,173044,番石榴，普通品种，生,"Guavas, common, raw",2.55,0.95,14.32,,,,,Fruits and Fruit Juices,
sr_legacy_173045,sr_legacy,173045,草莓番石榴，生,"Guavas, strawberry, raw",0.58,0.6,17.36,,,,,Fruits and Fruit Juices,
sr_legacy_173046,sr_legacy,173046,牛小份上腰肉烤块，无骨，仅可分离瘦肉，外部脂肪修整至1/8英寸，各等级，熟，烤制,"Beef, top loin petite roast, boneless, separable lean only, trimmed to 1/8"" fat, all grades, cooked, roasted",28.33,8.76,0.82,,,,,Beef Products,top loin 近似纽约客/上腰肉，保留中文主名称
sr_legacy_173047,sr_legacy,173047,牛小份上腰肉烤块，无骨，仅可分离瘦肉，外部脂肪修整至1/8英寸，Choice级，熟，烤制,"Beef, top loin petite roast, boneless, separable lean only, trimmed to 1/8"" fat, choice, cooked, roasted",28.24,9.97,0.88,,,,,Beef Products,top loin 近似纽约客/上腰肉，保留中文主名称
sr_legacy_173048,sr_legacy,173048,牛小份上腰肉烤块，无骨，仅可分离瘦肉，外部脂肪修整至1/8英寸，Select级，熟，烤制,"Beef, top loin petite roast, boneless, separable lean only, trimmed to 1/8"" fat, select, cooked, roasted",28.48,6.95,0.74,,,,,Beef Products,top loin 近似纽约客/上腰肉，保留中文主名称
sr_legacy_173049,sr_legacy,173049,牛小份上腰肉烤块/菲力，无骨，仅可分离瘦肉，外部脂肪修整至1/8英寸，各等级，生,"Beef, top loin petite roast/filet, boneless, separable lean only, trimmed to 1/8"" fat, all grades, raw",22.61,5.84,0.0,,,,,Beef Products,top loin 近似纽约客/上腰肉，保留中文主名称
sr_legacy_173050,sr_legacy,173050,牛上沙朗菲力，去骨，仅可分离瘦肉，去除外部脂肪，Select 等级，熟，煎烤,"Beef, loin, top sirloin filet, boneless, separable lean only, trimmed to 0"" fat, select, cooked, grilled",30.78,4.68,0.0,,,,,Beef Products,
sr_legacy_173051,sr_legacy,173051,牛小份上沙朗烤块，去骨，仅可分离瘦肉，去除外部脂肪，各等级，熟，烤制,"Beef, loin, top sirloin petite roast, boneless, separable lean only, trimmed to 0"" fat, all grades, cooked, roasted",29.12,5.92,0.0,,,,,Beef Products,
sr_legacy_173052,sr_legacy,173052,牛小份上沙朗烤块，去骨，仅可分离瘦肉，去除外部脂肪，Select 等级，熟，烤制,"Beef, loin, top sirloin petite roast, boneless, separable lean only, trimmed to 0"" fat, select, cooked, roasted",29.35,5.25,0.0,,,,,Beef Products,
sr_legacy_173053,sr_legacy,173053,牛小份上沙朗烤块/菲力，去骨，仅可分离瘦肉，去除外部脂肪，各等级，生,"Beef, loin, top sirloin petite roast/filet, boneless, separable lean only, trimmed to 0"" fat, all grades, raw",23.04,3.98,0.0,,,,,Beef Products,petite roast/filet 按小份烤块/菲力处理
sr_legacy_173054,sr_legacy,173054,牛肋眼盖肉牛排，去骨，仅可分离瘦肉，去除外部脂肪，各等级，熟，煎烤,"Beef, ribeye cap steak, boneless, separable lean only, trimmed to 0"" fat, all grades, cooked, grilled",24.66,15.7,1.53,,,,,Beef Products,
sr_legacy_173055,sr_legacy,173055,牛肋眼盖肉牛排，去骨，仅可分离瘦肉，去除外部脂肪，Choice 等级，熟，煎烤,"Beef, ribeye cap steak, boneless, separable lean only, trimmed to 0"" fat, choice, cooked, grilled",24.24,17.21,1.81,,,,,Beef Products,
sr_legacy_173056,sr_legacy,173056,牛肋眼盖肉牛排，去骨，仅可分离瘦肉，去除外部脂肪，Select 等级，熟，煎烤,"Beef, ribeye cap steak, boneless, separable lean only, trimmed to 0"" fat, select, cooked, grilled",25.28,13.43,1.1,,,,,Beef Products,
sr_legacy_173057,sr_legacy,173057,牛肋眼盖肉牛排，去骨，仅可分离瘦肉，去除外部脂肪，各等级，生,"Beef, ribeye cap steak, boneless, separable lean only, trimmed to 0"" fat, all grades, raw",19.7,10.6,1.51,,,,,Beef Products,
sr_legacy_173058,sr_legacy,173058,牛小份肋眼烤块，无骨，仅可分离瘦肉，去除外部脂肪，各等级，熟，烤制,"Beef, ribeye petite roast, boneless, separable lean only, trimmed to 0"" fat, all grades, cooked, roasted",28.15,7.31,0.0,,,,,Beef Products,
sr_legacy_173059,sr_legacy,173059,牛小份肋眼烤块，无骨，仅可分离瘦肉，去除外部脂肪，Choice级，熟，烤制,"Beef, ribeye petite roast, boneless, separable lean only, trimmed to 0"" fat, choice, cooked, roasted",28.0,8.42,0.0,,,,,Beef Products,
sr_legacy_173060,sr_legacy,173060,牛小份肋眼烤块，无骨，仅可分离瘦肉，去除外部脂肪，Select级，熟，烤制,"Beef, ribeye petite roast, boneless, separable lean only, trimmed to 0"" fat, select, cooked, roasted",28.37,5.65,0.0,,,,,Beef Products,
sr_legacy_173061,sr_legacy,173061,牛上沙朗盖肉牛排，去骨，可分离瘦肉和脂肪，外部脂肪修整至1/8英寸，各等级，熟，煎烤,"Beef, loin, top sirloin cap steak, boneless, separable lean and fat, trimmed to 1/8"" fat, all grades, cooked, grilled",26.0,15.0,0.8,,,,,Beef Products,
sr_legacy_173062,sr_legacy,173062,牛上沙朗盖肉牛排，去骨，可分离瘦肉和脂肪，外部脂肪修整至1/8英寸，Select 等级，生,"Beef, loin, top sirloin cap steak, boneless, separable lean and fat, trimmed to 1/8"" fat, select, raw",20.1,10.9,0.0,,,,,Beef Products,
sr_legacy_173063,sr_legacy,173063,牛上腰肉菲力，无骨，可分离瘦肉和脂肪，外部脂肪修整至1/8英寸，各等级，熟，煎烤,"Beef, top loin filet, boneless, separable lean and fat, trimmed to 1/8"" fat, all grades, cooked, grilled",27.4,14.1,0.6,,,,,Beef Products,top loin 近似纽约客/上腰肉，保留中文主名称
sr_legacy_173064,sr_legacy,173064,牛上腰肉菲力，无骨，可分离瘦肉和脂肪，外部脂肪修整至1/8英寸，Choice级，熟，煎烤,"Beef, top loin filet, boneless, separable lean and fat, trimmed to 1/8"" fat, choice, cooked, grilled",26.8,15.9,0.6,,,,,Beef Products,top loin 近似纽约客/上腰肉，保留中文主名称
sr_legacy_173065,sr_legacy,173065,牛上腰肉菲力，无骨，可分离瘦肉和脂肪，外部脂肪修整至1/8英寸，Select级，熟，煎烤,"Beef, top loin filet, boneless, separable lean and fat, trimmed to 1/8"" fat, select, cooked, grilled",28.3,11.6,0.4,,,,,Beef Products,top loin 近似纽约客/上腰肉，保留中文主名称
sr_legacy_173066,sr_legacy,173066,牛小份上腰肉烤块/菲力，无骨，可分离瘦肉和脂肪，外部脂肪修整至1/8英寸，Choice级，生,"Beef, top loin petite roast/filet, boneless, separable lean and fat, trimmed to 1/8"" fat, choice, raw",20.8,12.6,0.6,,,,,Beef Products,top loin 近似纽约客/上腰肉，保留中文主名称
sr_legacy_173067,sr_legacy,173067,牛小份上腰肉烤块/菲力，无骨，可分离瘦肉和脂肪，外部脂肪修整至1/8英寸，Select级，生,"Beef, top loin petite roast/filet, boneless, separable lean and fat, trimmed to 1/8"" fat, select, raw",21.6,9.3,0.0,,,,,Beef Products,top loin 近似纽约客/上腰肉，保留中文主名称
sr_legacy_173068,sr_legacy,173068,澳大利亚进口草饲牛绞肉，85%瘦肉/15%脂肪，生,"Beef, Australian, imported, grass-fed, ground, 85% lean / 15% fat, raw",17.72,18.12,0,,,,,Beef Products,
sr_legacy_173069,sr_legacy,173069,牛上腰脊（纽约客）牛排，去骨，带边肉，仅可分离瘦肉，外部脂肪修整至1/8英寸，Choice 等级，熟，煎烤,"Beef, loin, top loin steak, boneless, lip-on, separable lean only, trimmed to 1/8"" fat, choice, cooked, grilled",28.66,10.34,0.0,,,,,Beef Products,lip-on/lip off 按带边肉/去边肉处理
sr_legacy_173070,sr_legacy,173070,牛上腰脊（纽约客）牛排，去骨，带边肉，仅可分离瘦肉，外部脂肪修整至1/8英寸，Select 等级，熟，煎烤,"Beef, loin, top loin steak, boneless, lip-on, separable lean only, trimmed to 1/8"" fat, select, cooked, grilled",29.67,7.26,0.0,,,,,Beef Products,lip-on/lip off 按带边肉/去边肉处理
sr_legacy_173071,sr_legacy,173071,牛上腰脊（纽约客）牛排，去骨，带边肉，仅可分离瘦肉，外部脂肪修整至1/8英寸，各等级，熟，煎烤,"Beef, loin, top loin steak, boneless, lip-on, separable lean only, trimmed to 1/8"" fat, all grades, cooked, grilled",29.06,9.11,0.0,,,,,Beef Products,lip-on/lip off 按带边肉/去边肉处理
sr_legacy_173072,sr_legacy,173072,牛上腰脊（纽约客）牛排，去骨，带边肉，可分离瘦肉和脂肪，外部脂肪修整至1/8英寸，Choice 等级，生,"Beef, loin, top loin steak, boneless, lip-on, separable lean and fat, trimmed to 1/8"" fat, choice, raw",21.13,13.36,0.0,,,,,Beef Products,lip-on/lip off 按带边肉/去边肉处理
sr_legacy_173073,sr_legacy,173073,新西兰进口牛腩尖端，仅可分离瘦肉，熟，炖煮,"Beef, New Zealand, imported, brisket point end, separable lean only, cooked, braised",34.51,7.05,0.0,,,,,Beef Products,
sr_legacy_173074,sr_legacy,173074,新西兰进口牛腩尖端，仅可分离瘦肉，生,"Beef, New Zealand, imported, brisket point end, separable lean only, raw",20.92,4.62,0.0,,,,,Beef Products,
sr_legacy_173075,sr_legacy,173075,新西兰进口牛肩眼卷，仅可分离瘦肉，生,"Beef, New Zealand, imported, chuck eye roll, separable lean only, raw",20.46,5.41,0.0,,,,,Beef Products,
sr_legacy_173076,sr_legacy,173076,新西兰进口牛肩眼卷，仅可分离瘦肉，熟，炖煮,"Beef, New Zealand, imported, chuck eye roll, separable lean only, cooked, braised",32.08,8.89,0.0,,,,,Beef Products,
sr_legacy_173077,sr_legacy,173077,新西兰进口牛腹胁肉，仅可分离瘦肉，熟，炖煮,"Beef, New Zealand, imported, flank, separable lean only, cooked, braised",30.75,7.92,0.0,,,,,Beef Products,
sr_legacy_173078,sr_legacy,173078,新西兰进口牛腹胁肉，仅可分离瘦肉，生,"Beef, New Zealand, imported, flank, separable lean only, raw",20.53,6.67,0.0,,,,,Beef Products,
sr_legacy_173079,sr_legacy,173079,新西兰进口牛后腿外侧扁平肉，仅可分离瘦肉，熟，炖煮,"Beef, New Zealand, imported, flat, separable lean only, cooked, braised",33.22,10.3,0.0,,,,,Beef Products,flat 具体部位在新西兰切法中较专门，按后腿外侧扁平肉处理
sr_legacy_173080,sr_legacy,173080,新西兰进口牛后腿外侧扁平肉，仅可分离瘦肉，生,"Beef, New Zealand, imported, flat, separable lean only, raw",21.3,7.69,0.0,,,,,Beef Products,flat 具体部位在新西兰切法中较专门，按后腿外侧扁平肉处理
sr_legacy_173081,sr_legacy,173081,新西兰进口牛心，熟，水煮,"Beef, New Zealand, imported, variety meats and by-products, heart, cooked, boiled",31.29,6.0,0.0,,,,,Beef Products,variety meats and by-products 已按牛内脏/副产品处理
sr_legacy_173082,sr_legacy,173082,新西兰进口牛肌间脂肪，熟,"Beef, New Zealand, imported, intermuscular fat, cooked",7.9,57.22,3.39,,,,,Beef Products,
sr_legacy_173083,sr_legacy,173083,新西兰进口牛肌间脂肪，生,"Beef, New Zealand, imported, intermuscular fat, raw",6.97,63.78,0.01,,,,,Beef Products,
sr_legacy_173084,sr_legacy,173084,新西兰进口牛肾，熟，水煮,"Beef, New Zealand, imported, variety meats and by-products, kidney, cooked, boiled",27.28,5.27,0.0,,,,,Beef Products,variety meats and by-products 已按牛内脏/副产品处理
sr_legacy_173085,sr_legacy,173085,新西兰进口牛霖，熟，快速煎制,"Beef, New Zealand, imported, knuckle, cooked, fast fried",27.51,7.58,0.0,,,,,Beef Products,
sr_legacy_173086,sr_legacy,173086,新西兰进口加工用牛肉，生,"Beef, New Zealand, imported, manufacturing beef, raw",21.23,3.68,0.23,,,,,Beef Products,
sr_legacy_173087,sr_legacy,173087,新西兰进口牛板腱肉，仅可分离瘦肉，熟，炖煮,"Beef, New Zealand, imported, oyster blade, separable lean only, cooked, braised",29.87,8.46,0.0,,,,,Beef Products,oyster blade 按板腱肉处理
sr_legacy_173088,sr_legacy,173088,新西兰进口牛板腱肉，仅可分离瘦肉，生,"Beef, New Zealand, imported, oyster blade, separable lean only, raw",21.83,7.56,0.0,,,,,Beef Products,oyster blade 按板腱肉处理
sr_legacy_173089,sr_legacy,173089,新西兰进口预处理牛肋排，熟，快速烤制,"Beef, New Zealand, imported, ribs prepared, cooked, fast roasted",27.23,9.74,0.09,,,,,Beef Products,
sr_legacy_173090,sr_legacy,173090,新西兰进口牛皮下脂肪，熟,"Beef, New Zealand, imported, subcutaneous fat, cooked",6.5,78.3,0.0,,,,,Beef Products,
sr_legacy_173091,sr_legacy,173091,新西兰进口牛皮下脂肪，生,"Beef, New Zealand, imported, subcutaneous fat, raw",8.5,72.38,0.0,,,,,Beef Products,
sr_legacy_173092,sr_legacy,173092,新西兰进口牛胸腺/胰腺（sweetbread），熟，水煮,"Beef, New Zealand, imported, sweetbread, cooked, boiled",12.53,29.79,0.0,,,,,Beef Products,sweetbread 通常指牛胸腺或胰腺
sr_legacy_173093,sr_legacy,173093,新西兰进口牛胸腺/胰腺（sweetbread），生,"Beef, New Zealand, imported, sweetbread, raw",11.51,28.6,0.0,,,,,Beef Products,sweetbread 通常指牛胸腺或胰腺
sr_legacy_173094,sr_legacy,173094,新西兰进口牛里脊（菲力），仅可分离瘦肉，熟，快速煎制,"Beef, New Zealand, imported, tenderloin, separable lean only, cooked, fast fried",29.37,9.01,0.27,,,,,Beef Products,
sr_legacy_173095,sr_legacy,173095,新西兰进口牛肚，熟，水煮,"Beef, New Zealand, imported, variety meats and by-products, tripe cooked, boiled",19.0,2.98,0.0,,,,,Beef Products,variety meats and by-products 已按牛内脏/副产品处理
sr_legacy_173096,sr_legacy,173096,新西兰进口牛肚，生,"Beef, New Zealand, imported, variety meats and by-products, tripe uncooked, raw",14.86,1.98,0.0,,,,,Beef Products,variety meats and by-products 已按牛内脏/副产品处理
sr_legacy_173097,sr_legacy,173097,新西兰进口牛肩胛心肉，可分离瘦肉和脂肪，熟，快速烤制,"Beef, New Zealand, imported, bolar blade, separable lean and fat, cooked, fast roasted",31.3,11.37,0.0,,,,,Beef Products,bolar blade 按肩胛心肉处理
sr_legacy_173098,sr_legacy,173098,新西兰进口牛肩胛心肉，可分离瘦肉和脂肪，生,"Beef, New Zealand, imported, bolar blade, separable lean and fat, raw",21.29,8.22,0.0,,,,,Beef Products,bolar blade 按肩胛心肉处理
sr_legacy_173099,sr_legacy,173099,新西兰进口牛肩眼卷，可分离瘦肉和脂肪，熟，炖煮,"Beef, New Zealand, imported, chuck eye roll, separable lean and fat, cooked, braised",29.92,14.74,0.0,,,,,Beef Products,
sr_legacy_173100,sr_legacy,173100,新西兰进口牛肩眼卷，可分离瘦肉和脂肪，生,"Beef, New Zealand, imported, chuck eye roll, separable lean and fat, raw",19.38,11.45,0.0,,,,,Beef Products,
sr_legacy_173101,sr_legacy,173101,新西兰进口牛肋眼卷，可分离瘦肉和脂肪，熟，快速烤制,"Beef, New Zealand, imported, cube roll, separable lean and fat, cooked, fast roasted",27.79,19.45,0.03,,,,,Beef Products,cube roll 按肋眼卷处理
sr_legacy_173102,sr_legacy,173102,新西兰进口牛肋眼卷，可分离瘦肉和脂肪，生,"Beef, New Zealand, imported, cube roll, separable lean and fat, raw",18.22,16.31,1.26,,,,,Beef Products,cube roll 按肋眼卷处理
sr_legacy_173103,sr_legacy,173103,新西兰进口牛后腿外侧扁平肉，可分离瘦肉和脂肪，生,"Beef, New Zealand, imported, flat, separable lean and fat, raw",20.57,10.55,0.0,,,,,Beef Products,flat 具体部位在新西兰切法中较专门，按后腿外侧扁平肉处理
sr_legacy_173104,sr_legacy,173104,新西兰进口牛后腱子肉，可分离瘦肉和脂肪，熟，炖煮,"Beef, New Zealand, imported, hind shin, separable lean and fat, cooked, braised",29.82,8.5,0.07,,,,,Beef Products,
sr_legacy_173105,sr_legacy,173105,新西兰进口牛后腱子肉，可分离瘦肉和脂肪，生,"Beef, New Zealand, imported, hind shin, separable lean and fat, raw",20.61,7.2,0.0,,,,,Beef Products,
sr_legacy_173106,sr_legacy,173106,新西兰进口牛板腱肉，可分离瘦肉和脂肪，熟，炖煮,"Beef, New Zealand, imported, oyster blade, separable lean and fat, cooked, braised",29.79,8.68,0.0,,,,,Beef Products,oyster blade 按板腱肉处理
sr_legacy_173107,sr_legacy,173107,新西兰进口牛西冷/外脊，可分离瘦肉和脂肪，生,"Beef, New Zealand, imported, striploin, separable lean and fat, raw",18.49,19.53,0.6,,,,,Beef Products,
sr_legacy_173108,sr_legacy,173108,新西兰进口牛里脊（菲力），可分离瘦肉和脂肪，熟，快速煎制,"Beef, New Zealand, imported, tenderloin, separable lean and fat, cooked, fast fried",29.26,9.35,0.27,,,,,Beef Products,
sr_legacy_173109,sr_legacy,173109,新西兰进口牛里脊（菲力），可分离瘦肉和脂肪，生,"Beef, New Zealand, imported, tenderloin, separable lean and fat, raw",21.04,6.88,0.0,,,,,Beef Products,
sr_legacy_173110,sr_legacy,173110,牛绞肉，93%瘦肉/7%脂肪，生,"Beef, ground, 93% lean meat / 7% fat, raw",20.85,7,0,,,,,Beef Products,
sr_legacy_173111,sr_legacy,173111,牛肉末，97%瘦肉/3%脂肪，生,"Beef, ground, 97% lean meat / 3% fat, raw",21.98,3.0,0.0,,,,,Beef Products,
sr_legacy_173112,sr_legacy,173112,牛绞肉，97%瘦肉/3%脂肪，牛肉饼，熟，上火烤制,"Beef, ground, 97% lean meat / 3% fat, patty, cooked, broiled",26.36,4.46,0,,,,,Beef Products,
sr_legacy_173113,sr_legacy,173113,牛肉饼，97%瘦肉/3%脂肪，熟，平底锅煎烤,"Beef, ground, 97% lean meat /3% fat, patty, cooked, pan-broiled",26.03,3.65,0.0,,,,,Beef Products,
sr_legacy_173114,sr_legacy,173114,牛绞肉，97%瘦肉/3%脂肪，肉糕，熟，烘烤,"Beef, ground, 97% lean meat / 3% fat, loaf, cooked, baked",27.58,4.06,0,,,,,Beef Products,
sr_legacy_173115,sr_legacy,173115,牛后腿下圆肉牛排，仅可分离瘦肉，外部脂肪修整至1/8英寸，Choice级，熟，炖煮,"Beef, round, bottom round, steak, separable lean only, trimmed to 1/8"" fat, choice, cooked, braised",34.22,9.02,0.0,,,,,Beef Products,
sr_legacy_173116,sr_legacy,173116,牛短腰脊上腰肉（纽约客）牛排，仅可分离瘦肉，外部脂肪修整至1/8英寸，Choice级，生,"Beef, short loin, top loin, steak, separable lean only, trimmed to 1/8"" fat, choice, raw",22.78,6.43,0.0,,,,,Beef Products,top loin 近似纽约客/上腰肉，保留中文主名称
sr_legacy_173117,sr_legacy,173117,牛里脊（菲力）牛排，仅可分离瘦肉，外部脂肪修整至1/8英寸，Choice级，熟，上火烤制,"Beef, tenderloin, steak, separable lean only, trimmed to 1/8"" fat, choice, cooked, broiled",29.01,9.1,0.0,,,,,Beef Products,
sr_legacy_173118,sr_legacy,173118,牛上沙朗牛排，仅可分离瘦肉，外部脂肪修整至1/8英寸，Choice级，熟，上火烤制,"Beef, top sirloin, steak, separable lean only, trimmed to 1/8"" fat, choice, cooked, broiled",29.51,6.72,0.0,,,,,Beef Products,
sr_legacy_173119,sr_legacy,173119,牛短腰脊上腰肉（纽约客）牛排，仅可分离瘦肉，外部脂肪修整至1/8英寸，Choice级，熟，上火烤制,"Beef, short loin, top loin, steak, separable lean only, trimmed to 1/8"" fat, choice, cooked, broiled",29.16,8.45,0.0,,,,,Beef Products,top loin 近似纽约客/上腰肉，保留中文主名称
sr_legacy_173120,sr_legacy,173120,牛后腿眼肉烤块，仅可分离瘦肉，外部脂肪修整至1/8英寸，Select级，生,"Beef, round, eye of round, roast, separable lean only, trimmed to 1/8"" fat, select, raw",22.31,2.62,0.0,,,,,Beef Products,
sr_legacy_173121,sr_legacy,173121,牛后腿上圆肉牛排，仅可分离瘦肉，外部脂肪修整至1/8英寸，Select级，生,"Beef, round, top round, steak, separable lean only, trimmed to 1/8"" fat, select, raw",23.13,3.37,0.0,,,,,Beef Products,
sr_legacy_173122,sr_legacy,173122,牛后腿下圆肉烤块，仅可分离瘦肉，外部脂肪修整至1/8英寸，Select级，生,"Beef, round, bottom round, roast, separable lean only, trimmed to 1/8"" fat, select, raw",22.18,3.66,0.0,,,,,Beef Products,
sr_legacy_173123,sr_legacy,173123,牛肋小端（第10–12肋），仅可分离瘦肉，外部脂肪修整至1/8英寸，各等级，熟，炙烤,"Beef, rib, small end (ribs 10-12), separable lean only, trimmed to 1/8"" fat, all grades, cooked, broiled",29.58,7.63,0.0,,,,,Beef Products,
sr_legacy_173124,sr_legacy,173124,牛下沙朗三角肉（tri-tip）烤肉，仅瘦肉，去除外部脂肪，Select级，生,"Beef, bottom sirloin, tri-tip roast, separable lean only, trimmed to 0"" fat, select, raw",21.34,4.21,0,,,,,Beef Products,
sr_legacy_173125,sr_legacy,173125,牛后腿尖圆肉烤块，仅可分离瘦肉，去除外部脂肪，各等级，生,"Beef, round, tip round, roast, separable lean only, trimmed to 0"" fat, all grades, raw",21.07,3.95,0.0,,,,,Beef Products,
sr_legacy_173126,sr_legacy,173126,牛后腿尖圆肉烤块，仅可分离瘦肉，去除外部脂肪，Choice级，生,"Beef, round, tip round, roast, separable lean only, trimmed to 0"" fat, choice, raw",20.76,4.55,0.0,,,,,Beef Products,
sr_legacy_173127,sr_legacy,173127,牛后腿尖圆肉烤块，仅可分离瘦肉，去除外部脂肪，Select级，生,"Beef, round, tip round, roast, separable lean only, trimmed to 0"" fat, select, raw",21.38,3.35,0.0,,,,,Beef Products,
sr_legacy_173128,sr_legacy,173128,牛胸肉（brisket）扁平部，可分离瘦肉和脂肪，外部脂肪修至1/8英寸，Choice级，生,"Beef, brisket, flat half, separable lean and fat, trimmed to 1/8"" fat, choice, raw",18.12,22.15,0.12,,,,,Beef Products,
sr_legacy_173129,sr_legacy,173129,牛胸肉（brisket）扁平部，可分离瘦肉和脂肪，外部脂肪修至1/8英寸，Select级，生,"Beef, brisket, flat half, separable lean and fat, trimmed to 1/8"" fat, select, raw",17.77,22.21,0,,,,,Beef Products,
sr_legacy_173130,sr_legacy,173130,牛胸肉（brisket）扁平部，可分离瘦肉和脂肪，外部脂肪修至1/8英寸，Choice级，熟，炖煮,"Beef, brisket, flat half, separable lean and fat, trimmed to 1/8"" fat, choice, cooked, braised",28.66,19.47,0,,,,,Beef Products,
sr_legacy_173241,sr_legacy,173241,玉米 Tortilla 墨西哥薄饼，待烤或待炸，无加盐,"Tortillas, ready-to-bake or -fry, corn, without added salt",5.7,2.5,46.6,,,,,Baked Products,
sr_legacy_173242,sr_legacy,173242,面粉 Tortilla 墨西哥薄饼，待烤或待炸，不加钙,"Tortillas, ready-to-bake or -fry, flour, without added calcium",8.7,7.1,55.6,,,,,Baked Products,
sr_legacy_173258,sr_legacy,173258,Nabisco Ritz 饼干,"Nabisco, Nabisco Ritz Crackers",7.23,23.21,63.51,,,,,Baked Products,保留品牌名 Nabisco Ritz
sr_legacy_173262,sr_legacy,173262,精制高粱粉，未强化,"Sorghum flour, refined, unenriched",9.53,1.24,76.85,,,,,Cereal Grains and Pasta,
sr_legacy_173263,sr_legacy,173263,UNCLE BEN'S 半熟化糙米，熟,"Rice, brown, parboiled, cooked, UNCLE BENS",3.09,0.85,31.33,,,,,Cereal Grains and Pasta,保留品牌名 UNCLE BEN'S
sr_legacy_173265,sr_legacy,173265,无麸质意面，玉米粉和米粉，熟,"Pasta, gluten-free, corn and rice flour, cooked",3.2,1.0,38.05,,,,,Cereal Grains and Pasta,
sr_legacy_173349,sr_legacy,173349,牛肩肉锅烤块或牛排，无骨，可分离瘦肉和脂肪，去除外部脂肪，各等级，生,"Beef, shoulder pot roast or steak, boneless, separable lean and fat, trimmed to 0"" fat, all grades, raw",21.39,4.97,0.0,,,,,Beef Products,
sr_legacy_173350,sr_legacy,173350,牛短腰脊 Porterhouse 牛排，可分离瘦肉和脂肪，外部脂肪修整至1/8英寸，各等级，生,"Beef, short loin, porterhouse steak, separable lean and fat, trimmed to 1/8"" fat, all grades, raw",20.49,14.06,0.0,,,,,Beef Products,Porterhouse 为牛短腰脊大块带骨牛排，保留英文方便核对
sr_legacy_173351,sr_legacy,173351,牛短腰脊 T骨牛排，可分离瘦肉和脂肪，外部脂肪修整至1/8英寸，各等级，熟，煎烤,"Beef, short loin, t-bone steak, separable lean and fat, trimmed to 1/8"" fat, all grades, cooked, grilled",24.6,20.36,0.0,,,,,Beef Products,T-bone 为常见牛排名称，保留英文方便搜索
sr_legacy_173352,sr_legacy,173352,牛短腰脊 T骨牛排，可分离瘦肉和脂肪，外部脂肪修整至1/8英寸，Select级，生,"Beef, short loin, t-bone steak, separable lean and fat, trimmed to 1/8"" fat, select, raw",20.28,14.19,0.0,,,,,Beef Products,T-bone 为常见牛排名称，保留英文方便搜索
sr_legacy_173353,sr_legacy,173353,牛短腰脊 T骨牛排，可分离瘦肉和脂肪，外部脂肪修整至1/8英寸，Select级，熟，煎烤,"Beef, short loin, t-bone steak, separable lean and fat, trimmed to 1/8"" fat, select, cooked, grilled",25.18,19.22,0.0,,,,,Beef Products,T-bone 为常见牛排名称，保留英文方便搜索
sr_legacy_173354,sr_legacy,173354,牛霖侧部牛排，可分离瘦肉和脂肪，去除外部脂肪，Choice级，生,"Beef, round, knuckle, tip side, steak, separable lean and fat, trimmed to 0"" fat, choice, raw",21.41,4.66,0.0,,,,,Beef Products,knuckle 按牛霖/后腿膝圆部位处理
sr_legacy_173355,sr_legacy,173355,牛肩胛肉块肩嫩肉圆片，可分离瘦肉和脂肪，去除外部脂肪，Choice级，熟，烤架烤制,"Beef, chuck, shoulder clod, shoulder tender, medallion, separable lean and fat, trimmed to 0"" fat, choice, cooked, grilled",26.07,7.68,0,,,,,Beef Products,
sr_legacy_173356,sr_legacy,173356,牛肩胛肉块肩嫩肉圆片，可分离瘦肉和脂肪，去除外部脂肪，Select级，生,"Beef, chuck, shoulder clod, shoulder tender, medallion, separable lean and fat, trimmed to 0"" fat, select, raw",20.93,5.79,0,,,,,Beef Products,
sr_legacy_173357,sr_legacy,173357,牛肩胛肉块肩上部和中心部牛排，可分离瘦肉和脂肪，去除外部脂肪，Choice级，生,"Beef, chuck, shoulder clod, shoulder top and center steaks, separable lean and fat, trimmed to 0"" fat, choice, raw",20.39,6.12,0,,,,,Beef Products,
sr_legacy_173358,sr_legacy,173358,牛肩胛肉块肩上部和中心部牛排，可分离瘦肉和脂肪，去除外部脂肪，Choice级，熟，烤架烤制,"Beef, chuck, shoulder clod, shoulder top and center steaks, separable lean and fat, trimmed to 0"" fat, choice, cooked, grilled",26.07,8.11,0,,,,,Beef Products,
sr_legacy_173359,sr_legacy,173359,牛肩胛肉块上板腱牛排，可分离瘦肉和脂肪，去除外部脂肪，Select级，生,"Beef, chuck, shoulder clod, top blade, steak, separable lean and fat, trimmed to 0"" fat, select, raw",19.38,9.22,0,,,,,Beef Products,
sr_legacy_173360,sr_legacy,173360,牛肩胛肉块上板腱牛排，可分离瘦肉和脂肪，去除外部脂肪，Select级，熟，烤架烤制,"Beef, chuck, shoulder clod, top blade, steak, separable lean and fat, trimmed to 0"" fat, select, cooked, grilled",25.29,11.52,0,,,,,Beef Products,
sr_legacy_173361,sr_legacy,173361,牛霖中心部牛排，可分离瘦肉和脂肪，去除外部脂肪，Choice级，生,"Beef, round, knuckle, tip center, steak, separable lean and fat, trimmed to 0"" fat, choice, raw",20.74,6.85,0.0,,,,,Beef Products,knuckle 按牛霖/后腿膝圆部位处理
sr_legacy_173362,sr_legacy,173362,牛霖中心部牛排，可分离瘦肉和脂肪，去除外部脂肪，Choice级，熟，煎烤,"Beef, round, knuckle, tip center, steak, separable lean and fat, trimmed to 0"" fat, choice, cooked, grilled",26.88,8.13,0.0,,,,,Beef Products,knuckle 按牛霖/后腿膝圆部位处理
sr_legacy_173363,sr_legacy,173363,牛霖中心部牛排，可分离瘦肉和脂肪，去除外部脂肪，Select级，生,"Beef, round, knuckle, tip center, steak, separable lean and fat, trimmed to 0"" fat, select, raw",20.98,5.21,0.0,,,,,Beef Products,knuckle 按牛霖/后腿膝圆部位处理
sr_legacy_173364,sr_legacy,173364,牛外后腿下圆肉牛排，可分离瘦肉和脂肪，去除外部脂肪，Select级，熟，煎烤,"Beef, round, outside round, bottom round, steak, separable lean and fat, trimmed to 0"" fat, select, cooked, grilled",28.01,5.17,0.0,,,,,Beef Products,
sr_legacy_173365,sr_legacy,173365,牛肩胛肉块肩嫩肉圆片，可分离瘦肉和脂肪，去除外部脂肪，所有等级，生,"Beef, chuck, shoulder clod, shoulder tender, medallion, separable lean and fat, trimmed to 0"" fat, all grades, raw",20.54,6.22,0,,,,,Beef Products,
sr_legacy_173366,sr_legacy,173366,牛肩胛肉块肩嫩肉圆片，可分离瘦肉和脂肪，去除外部脂肪，所有等级，熟，烤架烤制,"Beef, chuck, shoulder clod, shoulder tender, medallion, separable lean and fat, trimmed to 0"" fat, all grades, cooked, grilled",26.22,7.2,0,,,,,Beef Products,
sr_legacy_173367,sr_legacy,173367,牛霖侧部牛排，可分离瘦肉和脂肪，去除外部脂肪，各等级，生,"Beef, round, knuckle, tip side, steak, separable lean and fat, trimmed to 0"" fat, all grades, raw",21.69,4.0,0.0,,,,,Beef Products,knuckle 按牛霖/后腿膝圆部位处理
sr_legacy_173368,sr_legacy,173368,牛肩胛肉块上板腱牛排，可分离瘦肉和脂肪，去除外部脂肪，所有等级，熟，烤架烤制,"Beef, chuck, shoulder clod, top blade, steak, separable lean and fat, trimmed to 0"" fat, all grades, cooked, grilled",24.93,12.79,0,,,,,Beef Products,
sr_legacy_173369,sr_legacy,173369,牛霖中心部牛排，可分离瘦肉和脂肪，去除外部脂肪，各等级，生,"Beef, round, knuckle, tip center, steak, separable lean and fat, trimmed to 0"" fat, all grades, raw",20.93,5.89,0.0,,,,,Beef Products,knuckle 按牛霖/后腿膝圆部位处理
sr_legacy_173370,sr_legacy,173370,牛霖中心部牛排，可分离瘦肉和脂肪，去除外部脂肪，各等级，熟，煎烤,"Beef, round, knuckle, tip center, steak, separable lean and fat, trimmed to 0"" fat, all grades, cooked, grilled",27.12,6.78,0.0,,,,,Beef Products,knuckle 按牛霖/后腿膝圆部位处理
sr_legacy_173371,sr_legacy,173371,牛外后腿下圆肉牛排，可分离瘦肉和脂肪，去除外部脂肪，各等级，生,"Beef, round, outside round, bottom round, steak, separable lean and fat, trimmed to 0"" fat, all grades, raw",21.59,5.53,0.0,,,,,Beef Products,
sr_legacy_173372,sr_legacy,173372,牛肋眼烤块，去骨，带边肉，仅可分离瘦肉，外部脂肪修整至1/8英寸，Select 等级，熟，烤制,"Beef, rib eye roast, boneless, lip-on, separable lean only, trimmed to 1/8"" fat, select, cooked, roasted",28.72,9.68,0.0,,,,,Beef Products,lip-on/lip off 按带边肉/去边肉处理
sr_legacy_173373,sr_legacy,173373,牛腹板内裙牛排，去骨，仅可分离瘦肉，去除外部脂肪，各等级，熟，煎烤,"Beef, plate steak, boneless, inside skirt, separable lean only, trimmed to 0"" fat, all grades, cooked, grilled",29.99,12.69,0.0,,,,,Beef Products,
sr_legacy_173374,sr_legacy,173374,牛腹板内裙牛排，去骨，仅可分离瘦肉，去除外部脂肪，各等级，生,"Beef, plate steak, boneless, inside skirt, separable lean only, trimmed to 0"" fat, all grades, raw",21.17,8.82,0.0,,,,,Beef Products,
sr_legacy_173375,sr_legacy,173375,牛腹板内裙牛排，去骨，仅可分离瘦肉，去除外部脂肪，Choice 等级，熟，煎烤,"Beef, plate steak, boneless, inside skirt, separable lean only, trimmed to 0"" fat, choice, cooked, grilled",29.56,13.72,0.0,,,,,Beef Products,
sr_legacy_173376,sr_legacy,173376,牛腹板外裙牛排，去骨，仅可分离瘦肉，去除外部脂肪，各等级，生,"Beef, plate steak, boneless, outside skirt, separable lean only, trimmed to 0"" fat, all grades, raw",18.74,14.53,0.19,,,,,Beef Products,
sr_legacy_173377,sr_legacy,173377,牛腹板外裙牛排，去骨，仅可分离瘦肉，去除外部脂肪，Choice 等级，熟，煎烤,"Beef, plate steak, boneless, outside skirt, separable lean only, trimmed to 0"" fat, choice, cooked, grilled",27.03,20.28,0.0,,,,,Beef Products,
sr_legacy_173378,sr_legacy,173378,牛腹板外裙牛排，去骨，仅可分离瘦肉，去除外部脂肪，Choice 等级，生,"Beef, plate steak, boneless, outside skirt, separable lean only, trimmed to 0"" fat, choice, raw",18.47,15.26,0.17,,,,,Beef Products,
sr_legacy_173379,sr_legacy,173379,牛腹板外裙牛排，去骨，仅可分离瘦肉，去除外部脂肪，Select 等级，熟，煎烤,"Beef, plate steak, boneless, outside skirt, separable lean only, trimmed to 0"" fat, select, cooked, grilled",28.65,17.1,0.0,,,,,Beef Products,
sr_legacy_173380,sr_legacy,173380,牛肋眼牛排，去骨，去边肉，仅可分离瘦肉，去除外部脂肪，Choice 等级，生,"Beef, rib eye steak, boneless, lip off, separable lean only, trimmed to 0"" fat, choice, raw",21.44,8.5,0.0,,,,,Beef Products,lip-on/lip off 按带边肉/去边肉处理
sr_legacy_173381,sr_legacy,173381,牛肋眼牛排，去骨，去边肉，仅可分离瘦肉，去除外部脂肪，Select 等级，熟，煎烤,"Beef, rib eye steak, boneless, lip off, separable lean only, trimmed to 0"" fat, select, cooked, grilled",29.18,8.31,0.0,,,,,Beef Products,lip-on/lip off 按带边肉/去边肉处理
sr_legacy_173382,sr_legacy,173382,牛肋眼牛排，去骨，去边肉，仅可分离瘦肉，去除外部脂肪，Select 等级，生,"Beef, rib eye steak, boneless, lip off, separable lean only, trimmed to 0"" fat, select, raw",22.46,5.78,0.0,,,,,Beef Products,lip-on/lip off 按带边肉/去边肉处理
sr_legacy_173383,sr_legacy,173383,牛背肋排，带骨，仅可分离瘦肉，去除外部脂肪，各等级，熟，炖煮,"Beef, rib, back ribs, bone-in, separable lean only, trimmed to 0"" fat, all grades, cooked, braised",28.36,20.57,0.0,,,,,Beef Products,
sr_legacy_173384,sr_legacy,173384,牛背肋排，带骨，仅可分离瘦肉，去除外部脂肪，Select 等级，生,"Beef, rib, back ribs, bone-in, separable lean only, trimmed to 0"" fat, select, raw",19.71,15.73,0.2,,,,,Beef Products,
sr_legacy_173385,sr_legacy,173385,牛肋眼牛排，带骨，带边肉，可分离瘦肉和脂肪，外部脂肪修整至1/8英寸，Choice 等级，熟，煎烤,"Beef, rib eye steak, bone-in, lip-on, separable lean and fat, trimmed to 1/8"" fat, choice, cooked, grilled",22.71,24.7,0.0,,,,,Beef Products,lip-on/lip off 按带边肉/去边肉处理
sr_legacy_173386,sr_legacy,173386,牛肋眼牛排，带骨，带边肉，可分离瘦肉和脂肪，外部脂肪修整至1/8英寸，Select 等级，熟，煎烤,"Beef, rib eye steak, bone-in, lip-on, separable lean and fat, trimmed to 1/8"" fat, select, cooked, grilled",23.19,23.47,0.0,,,,,Beef Products,lip-on/lip off 按带边肉/去边肉处理
sr_legacy_173387,sr_legacy,173387,牛肋眼牛排，带骨，带边肉，可分离瘦肉和脂肪，外部脂肪修整至1/8英寸，各等级，熟，煎烤,"Beef, rib eye steak, bone-in, lip-on, separable lean and fat, trimmed to 1/8"" fat, all grades, cooked, grilled",22.9,24.2,0.0,,,,,Beef Products,lip-on/lip off 按带边肉/去边肉处理
sr_legacy_173388,sr_legacy,173388,牛肋眼烤块，带骨，带边肉，可分离瘦肉和脂肪，外部脂肪修整至1/8英寸，Choice 等级，熟，烤制,"Beef, rib eye roast, bone-in, lip-on, separable lean and fat, trimmed to 1/8"" fat, choice, cooked, roasted",23.53,23.61,0.0,,,,,Beef Products,lip-on/lip off 按带边肉/去边肉处理
sr_legacy_173389,sr_legacy,173389,牛肋眼牛排/烤块，带骨，带边肉，可分离瘦肉和脂肪，外部脂肪修整至1/8英寸，Select 等级，生,"Beef, rib eye steak/roast, bone-in, lip-on, separable lean and fat, trimmed to 1/8"" fat, select, raw",18.44,19.34,0.0,,,,,Beef Products,lip-on/lip off 按带边肉/去边肉处理
sr_legacy_173390,sr_legacy,173390,牛肋眼牛排，去骨，带边肉，可分离瘦肉和脂肪，外部脂肪修整至1/8英寸，Choice 等级，熟，煎烤,"Beef, rib eye steak, boneless, lip-on, separable lean and fat, trimmed to 1/8"" fat, choice, cooked, grilled",22.92,23.52,0.0,,,,,Beef Products,lip-on/lip off 按带边肉/去边肉处理
sr_legacy_173391,sr_legacy,173391,牛肋眼牛排，去骨，带边肉，可分离瘦肉和脂肪，外部脂肪修整至1/8英寸，Select 等级，熟，煎烤,"Beef, rib eye steak, boneless, lip-on, separable lean and fat, trimmed to 1/8"" fat, select, cooked, grilled",24.83,19.25,0.0,,,,,Beef Products,lip-on/lip off 按带边肉/去边肉处理
sr_legacy_173392,sr_legacy,173392,牛肋眼牛排，去骨，带边肉，可分离瘦肉和脂肪，外部脂肪修整至1/8英寸，各等级，熟，煎烤,"Beef, rib eye steak, boneless, lip-on, separable lean and fat, trimmed to 1/8"" fat, all grades, cooked, grilled",23.69,21.81,0.0,,,,,Beef Products,lip-on/lip off 按带边肉/去边肉处理
sr_legacy_173393,sr_legacy,173393,牛肋眼牛排/烤块，去骨，带边肉，可分离瘦肉和脂肪，外部脂肪修整至1/8英寸，Choice 等级，生,"Beef, rib eye steak/roast, boneless, lip-on, separable lean and fat, trimmed to 1/8"" fat, choice, raw",18.39,19.95,0.0,,,,,Beef Products,lip-on/lip off 按带边肉/去边肉处理
sr_legacy_173394,sr_legacy,173394,牛肋眼牛排/烤块，去骨，带边肉，可分离瘦肉和脂肪，外部脂肪修整至1/8英寸，Select 等级，生,"Beef, rib eye steak/roast, boneless, lip-on, separable lean and fat, trimmed to 1/8"" fat, select, raw",19.55,16.9,0.0,,,,,Beef Products,lip-on/lip off 按带边肉/去边肉处理
sr_legacy_173395,sr_legacy,173395,牛腹板内裙牛排，去骨，可分离瘦肉和脂肪，去除外部脂肪，各等级，熟，煎烤,"Beef, plate steak, boneless, inside skirt, separable lean and fat, trimmed to 0"" fat, all grades, cooked, grilled",29.36,14.2,0.0,,,,,Beef Products,
sr_legacy_173396,sr_legacy,173396,牛腹板内裙牛排，去骨，可分离瘦肉和脂肪，去除外部脂肪，Choice 等级，熟，煎烤,"Beef, plate steak, boneless, inside skirt, separable lean and fat, trimmed to 0"" fat, choice, cooked, grilled",28.9,15.3,0.0,,,,,Beef Products,
sr_legacy_173397,sr_legacy,173397,牛腹板外裙牛排，去骨，可分离瘦肉和脂肪，去除外部脂肪，各等级，熟，煎烤,"Beef, plate steak, boneless, outside skirt, separable lean and fat, trimmed to 0"" fat, all grades, cooked, grilled",27.06,20.47,0.0,,,,,Beef Products,
sr_legacy_173398,sr_legacy,173398,牛腹板外裙牛排，去骨，可分离瘦肉和脂肪，去除外部脂肪，Choice 等级，熟，煎烤,"Beef, plate steak, boneless, outside skirt, separable lean and fat, trimmed to 0"" fat, choice, cooked, grilled",26.46,21.62,0.0,,,,,Beef Products,
sr_legacy_173399,sr_legacy,173399,牛腹板外裙牛排，去骨，可分离瘦肉和脂肪，去除外部脂肪，Select 等级，熟，煎烤,"Beef, plate steak, boneless, outside skirt, separable lean and fat, trimmed to 0"" fat, select, cooked, grilled",27.95,18.75,0.0,,,,,Beef Products,
sr_legacy_173400,sr_legacy,173400,牛腹板外裙牛排，去骨，可分离瘦肉和脂肪，去除外部脂肪，各等级，生,"Beef, plate steak, boneless, outside skirt, separable lean and fat, trimmed to 0"" fat, all grades, raw",17.98,17.59,0.35,,,,,Beef Products,
sr_legacy_173401,sr_legacy,173401,牛肋眼牛排，去骨，去边肉，可分离瘦肉和脂肪，去除外部脂肪，Select 等级，熟，煎烤,"Beef, rib eye steak, boneless, lip off, separable lean and fat, trimmed to 0"" fat, select, cooked, grilled",26.29,15.9,0.0,,,,,Beef Products,lip-on/lip off 按带边肉/去边肉处理
sr_legacy_173402,sr_legacy,173402,牛肋眼牛排，去骨，去边肉，可分离瘦肉和脂肪，去除外部脂肪，各等级，生,"Beef, rib eye steak, boneless, lip off, separable lean and fat, trimmed to 0"" fat, all grades, raw",19.26,16.71,0.12,,,,,Beef Products,lip-on/lip off 按带边肉/去边肉处理
sr_legacy_173403,sr_legacy,173403,牛肋眼牛排，去骨，去边肉，可分离瘦肉和脂肪，去除外部脂肪，Choice 等级，生,"Beef, rib eye steak, boneless, lip off, separable lean and fat, trimmed to 0"" fat, choice, raw",18.69,18.43,0.2,,,,,Beef Products,lip-on/lip off 按带边肉/去边肉处理
sr_legacy_173404,sr_legacy,173404,牛肋眼牛排，去骨，去边肉，可分离瘦肉和脂肪，去除外部脂肪，Select 等级，生,"Beef, rib eye steak, boneless, lip off, separable lean and fat, trimmed to 0"" fat, select, raw",20.12,14.14,0.0,,,,,Beef Products,lip-on/lip off 按带边肉/去边肉处理
sr_legacy_173405,sr_legacy,173405,牛背肋排，带骨，可分离瘦肉和脂肪，去除外部脂肪，Choice 等级，生,"Beef, rib, back ribs, bone-in, separable lean and fat, trimmed to 0"" fat, choice, raw",15.75,29.89,0.9,,,,,Beef Products,
sr_legacy_173406,sr_legacy,173406,牛背肋排，带骨，可分离瘦肉和脂肪，去除外部脂肪，Select 等级，生,"Beef, rib, back ribs, bone-in, separable lean and fat, trimmed to 0"" fat, select, raw",16.75,26.23,0.6,,,,,Beef Products,
sr_legacy_173407,sr_legacy,173407,牛小份上沙朗烤块，去骨，仅可分离瘦肉，去除外部脂肪，Choice 等级，熟，烤制,"Beef, loin, top sirloin petite roast, boneless, separable lean only, trimmed to 0"" fat, choice, cooked, roasted",28.97,6.37,0.0,,,,,Beef Products,
sr_legacy_173408,sr_legacy,173408,牛小份上沙朗烤块/菲力，去骨，仅可分离瘦肉，去除外部脂肪，Choice 等级，生,"Beef, loin, top sirloin petite roast/filet, boneless, separable lean only, trimmed to 0"" fat, choice, raw",23.03,4.4,0.0,,,,,Beef Products,petite roast/filet 按小份烤块/菲力处理
sr_legacy_173409,sr_legacy,173409,牛上沙朗盖肉牛排，去骨，仅可分离瘦肉，外部脂肪修整至1/8英寸，Select 等级，生,"Beef, loin, top sirloin cap steak, boneless, separable lean only, trimmed to 1/8"" fat, select, raw",21.44,4.68,0.0,,,,,Beef Products,
sr_legacy_173410,sr_legacy,173410,黄油，加盐,"Butter, salted",0.85,81.11,0.06,,,,,Dairy and Egg Products,
sr_legacy_173411,sr_legacy,173411,打发黄油，加盐,"Butter, whipped, with salt",0.49,78.3,0.0,,,,,Dairy and Egg Products,
sr_legacy_173412,sr_legacy,173412,无水黄油油（Butter oil）,"Butter oil, anhydrous",0.28,99.48,0.0,,,,,Dairy and Egg Products,Butter oil 为无水奶油脂，可搜索“无水黄油/Butter oil”
sr_legacy_173413,sr_legacy,173413,葛缕子奶酪（Caraway cheese）,"Cheese, caraway",25.18,29.2,3.06,,,,,Dairy and Egg Products,含葛缕子/香芹籽风味
sr_legacy_173414,sr_legacy,173414,切达奶酪,"Cheese, cheddar (Includes foods for USDA's Food Distribution Program)",22.87,33.31,3.37,,,,,Dairy and Egg Products,
sr_legacy_173415,sr_legacy,173415,Cheshire 奶酪,"Cheese, cheshire",23.37,30.6,4.78,,,,,Dairy and Egg Products,英国 Cheshire 奶酪，保留英文便于核对
sr_legacy_173416,sr_legacy,173416,Colby 奶酪,"Cheese, colby",23.76,32.11,2.57,,,,,Dairy and Egg Products,Colby 为美式奶酪品种
sr_legacy_173417,sr_legacy,173417,乡村奶酪，低脂，1%乳脂,"Cheese, cottage, lowfat, 1% milkfat",12.39,1.02,2.72,,,,,Dairy and Egg Products,
sr_legacy_173418,sr_legacy,173418,奶油奶酪,"Cheese, cream",6.15,34.44,5.52,,,,,Dairy and Egg Products,
sr_legacy_173419,sr_legacy,173419,Edam 奶酪,"Cheese, edam",24.99,28.57,1.43,,,,,Dairy and Egg Products,Edam 常译伊丹奶酪
sr_legacy_173420,sr_legacy,173420,菲达奶酪,"Cheese, feta",14.21,21.49,3.88,,,,,Dairy and Egg Products,
sr_legacy_173421,sr_legacy,173421,蛋黄，生，冷冻，巴氏杀菌,"Egg, yolk, raw, frozen, pasteurized",15.53,25.6,0.81,,,,,Dairy and Egg Products,
sr_legacy_173422,sr_legacy,173422,蛋黄，生，冷冻，加糖，巴氏杀菌,"Egg, yolk, raw, frozen, sugared, pasteurized",13.87,22.82,10.95,,,,,Dairy and Egg Products,
sr_legacy_173423,sr_legacy,173423,全蛋，熟，煎,"Egg, whole, cooked, fried",13.61,14.84,0.83,,,,,Dairy and Egg Products,
sr_legacy_173424,sr_legacy,173424,全蛋，熟，水煮,"Egg, whole, cooked, hard-boiled",12.58,10.61,1.12,,,,,Dairy and Egg Products,
sr_legacy_173425,sr_legacy,173425,全蛋，干制，稳定化，低葡萄糖,"Egg, whole, dried, stabilized, glucose reduced",48.17,43.95,2.38,,,,,Dairy and Egg Products,
sr_legacy_173426,sr_legacy,173426,蛋白，干制，片状，稳定化，低葡萄糖,"Egg, white, dried, flakes, stabilized, glucose reduced",76.92,0.04,4.17,,,,,Dairy and Egg Products,
sr_legacy_173427,sr_legacy,173427,蛋白，干制，粉末，稳定化，低葡萄糖,"Egg, white, dried, powder, stabilized, glucose reduced",82.4,0.04,4.47,,,,,Dairy and Egg Products,
sr_legacy_173428,sr_legacy,173428,蛋黄，干制,"Egg, yolk, dried",33.63,59.13,0.66,,,,,Dairy and Egg Products,
sr_legacy_173429,sr_legacy,173429,鸡蛋替代品，粉末,"Egg substitute, powder",55.5,13.0,21.8,,,,,Dairy and Egg Products,
sr_legacy_173430,sr_legacy,173430,黄油，无盐,"Butter, without salt",0.85,81.11,0.06,,,,,Dairy and Egg Products,
sr_legacy_173431,sr_legacy,173431,帕玛森奶酪，刨丝,"Cheese, parmesan, shredded",37.86,27.34,3.41,,,,,Dairy and Egg Products,
sr_legacy_173432,sr_legacy,173432,脱脂牛奶，液态，未添加维生素A和D,"Milk, nonfat, fluid, without added vitamin A and vitamin D (fat free or skim)",3.37,0.18,4.86,,,,,Dairy and Egg Products,
sr_legacy_173433,sr_legacy,173433,山羊奶酪，半软质,"Cheese, goat, semisoft type",21.58,29.84,0.12,,,,,Dairy and Egg Products,
sr_legacy_173434,sr_legacy,173434,CHOBANI 希腊酸奶，2%脂肪，青柠味,"Yogurt, Greek, 2% fat, key lime blend, CHOBANI",7.75,1.47,11.91,,,,,Dairy and Egg Products,Key lime 为青柠/酸橙风味
sr_legacy_173435,sr_legacy,173435,山羊奶酪，软质,"Cheese, goat, soft type",18.52,21.08,0.0,,,,,Dairy and Egg Products,
sr_legacy_173436,sr_legacy,173436,蛋黄，生，冷冻，加盐，巴氏杀菌,"Egg, yolk, raw, frozen, salted, pasteurized",14.07,22.93,1.77,,,,,Dairy and Egg Products,
sr_legacy_173437,sr_legacy,173437,墨西哥 Queso Asadero 奶酪,"Cheese, mexican, queso asadero",22.6,25.0,4.13,,,,,Dairy and Egg Products,墨西哥熔融型奶酪
sr_legacy_173438,sr_legacy,173438,墨西哥 Queso Chihuahua 奶酪,"Cheese, mexican, queso chihuahua",21.56,29.68,5.56,,,,,Dairy and Egg Products,墨西哥 Chihuahua 奶酪，保留英文便于核对
sr_legacy_173439,sr_legacy,173439,低脂切达或 Colby 奶酪,"Cheese, low fat, cheddar or colby",24.35,7.0,1.91,,,,,Dairy and Egg Products,
sr_legacy_173440,sr_legacy,173440,低钠切达或 Colby 奶酪,"Cheese, low-sodium, cheddar or colby",24.35,32.62,1.91,,,,,Dairy and Egg Products,
sr_legacy_173441,sr_legacy,173441,液态牛奶，1%脂肪，未添加维生素A和D,"Milk, fluid, 1% fat, without added vitamin A and vitamin D",3.37,0.97,4.99,,,,,Dairy and Egg Products,
sr_legacy_173442,sr_legacy,173442,酸奶油，减脂,"Sour cream, reduced fat",7.0,14.1,7.0,,,,,Dairy and Egg Products,
sr_legacy_173443,sr_legacy,173443,酸奶油，轻脂,"Sour cream, light",3.5,10.6,7.1,,,,,Dairy and Egg Products,
sr_legacy_173444,sr_legacy,173444,酸奶油，无脂,"Sour cream, fat free",3.1,0.0,15.6,,,,,Dairy and Egg Products,
sr_legacy_173451,sr_legacy,173451,水果味低脂酸奶，含低热量甜味剂,"Yogurt, fruit, lowfat, with low calorie sweetener",4.86,1.41,18.6,,,,,Dairy and Egg Products,
sr_legacy_173452,sr_legacy,173452,帕玛森奶酪，干磨碎，减脂,"Cheese, parmesan, dry grated, reduced fat",20.0,20.0,1.37,,,,,Dairy and Egg Products,
sr_legacy_173453,sr_legacy,173453,奶油替代品，液态，调味,"Cream substitute, flavored, liquid",0.69,13.5,35.07,,,,,Dairy and Egg Products,
sr_legacy_173454,sr_legacy,173454,全脂奶粉，未添加维生素D,"Milk, dry, whole, without added vitamin D",26.32,26.71,38.42,,,,,Dairy and Egg Products,
sr_legacy_173455,sr_legacy,173455,美式再制奶酪产品，低脂，强化维生素D,"Cheese product, pasteurized process, American, reduced fat, fortified with vitamin D",17.6,14.1,10.6,,,,,Dairy and Egg Products,Cheese product 为再制奶酪产品
sr_legacy_173456,sr_legacy,173456,水果味酸奶，低脂，每8盎司含9克蛋白质，强化维生素D,"Yogurt, fruit, low fat, 9 grams protein per 8 ounce, fortified with vitamin D",3.98,1.15,18.64,,,,,Dairy and Egg Products,
sr_legacy_173457,sr_legacy,173457,水果味酸奶，低脂，每8盎司含10克蛋白质，强化维生素D,"Yogurt, fruit, low fat, 10 grams protein per 8 ounce, fortified with vitamin D",4.37,1.08,19.05,,,,,Dairy and Egg Products,
sr_legacy_173458,sr_legacy,173458,水果味酸奶，无脂，强化维生素D,"Yogurt, fruit variety, nonfat, fortified with vitamin D",4.4,0.2,19.0,,,,,Dairy and Egg Products,
sr_legacy_173459,sr_legacy,173459,Muscle Milk 牛奶基蛋白粉,"Protein supplement, milk based, Muscle Milk, powder",45.71,17.14,18.5,,,,,Dairy and Egg Products,保留品牌 Muscle Milk
sr_legacy_173460,sr_legacy,173460,Muscle Milk Light 牛奶基蛋白粉,"Protein supplement, milk based, Muscle Milk Light, powder",50.0,12.0,22.0,,,,,Dairy and Egg Products,保留品牌 Muscle Milk Light
sr_legacy_173461,sr_legacy,173461,Dulce de Leche 牛奶焦糖酱,Dulce de Leche,6.84,7.35,55.35,,,,,Dairy and Egg Products,拉美牛奶焦糖酱，保留原名便于搜索
sr_legacy_173462,sr_legacy,173462,鸡蛋替代品，液态或冷冻，无脂,"Egg substitute, liquid or frozen, fat free",10.0,0.0,2.0,,,,,Dairy and Egg Products,
sr_legacy_173563,sr_legacy,173563,Cupuassu 油,"Oil, cupu assu",0.0,100.0,0.0,,,,,Fats and Oils,少见植物油，保留英文便于核对
sr_legacy_173564,sr_legacy,173564,鸡油,"Fat, chicken",0.0,99.8,0.0,,,,,Fats and Oils,
sr_legacy_173565,sr_legacy,173565,大豆油和棉籽油混合油，部分氢化,"Oil, soybean, salad or cooking, (partially hydrogenated) and cottonseed",0.0,100.0,0.0,,,,,Fats and Oils,
sr_legacy_173570,sr_legacy,173570,Ucuhuba 脂,"Oil, ucuhuba butter",0.0,100.0,0.0,,,,,Fats and Oils,少见植物脂，保留英文便于核对
sr_legacy_173571,sr_legacy,173571,火鸡油,"Fat, turkey",0.0,99.8,0.0,,,,,Fats and Oils,
sr_legacy_173572,sr_legacy,173572,鹅油,"Fat, goose",0.0,99.8,0.0,,,,,Fats and Oils,
sr_legacy_173573,sr_legacy,173573,牛油果油,"Oil, avocado",0.0,100.0,0.0,,,,,Fats and Oils,
sr_legacy_173576,sr_legacy,173576,燕麦油,"Oil, oat",0.0,100.0,0.0,,,,,Fats and Oils,
sr_legacy_173577,sr_legacy,173577,鳕鱼肝油,"Fish oil, cod liver",0.0,100.0,0.0,,,,,Fats and Oils,
sr_legacy_173578,sr_legacy,173578,沙丁鱼油,"Fish oil, sardine",0.0,100.0,0.0,,,,,Fats and Oils,
sr_legacy_173581,sr_legacy,173581,低脂黄油条，加盐,"Butter, light, stick, with salt",3.3,55.1,0.0,,,,,Fats and Oils,
sr_legacy_173611,sr_legacy,173611,肉鸡小腿，带皮肉，熟，裹粉油炸,"Chicken, broilers or fryers, drumstick, meat and skin, cooked, fried, flour",26.96,13.72,1.63,,,,,Poultry Products,broiler/fryer 指美国 USDA 肉鸡分类，中文统一译为“肉鸡”。
sr_legacy_173612,sr_legacy,173612,肉鸡小腿，带皮肉，熟，烤制,"Chicken, broilers or fryers, drumstick, meat and skin, cooked, roasted",23.35,10.15,0,,,,,Poultry Products,broiler/fryer 指美国 USDA 肉鸡分类，中文统一译为“肉鸡”。
sr_legacy_173613,sr_legacy,173613,肉鸡小腿，带皮肉，熟，炖制,"Chicken, broilers or fryers, drumstick, meat and skin, cooked, stewed",25.32,10.64,0,,,,,Poultry Products,broiler/fryer 指美国 USDA 肉鸡分类，中文统一译为“肉鸡”。
sr_legacy_173614,sr_legacy,173614,肉鸡，深色肉，小腿，仅肉，生,"Chicken, broilers or fryers, dark meat, drumstick, meat only, raw",19.41,3.71,0,,,,,Poultry Products,broiler/fryer 指美国 USDA 肉鸡分类，中文统一译为“肉鸡”。
sr_legacy_173615,sr_legacy,173615,肉鸡腿部，带皮肉，熟，挂浆油炸,"Chicken, broilers or fryers, leg, meat and skin, cooked, fried, batter",21.77,16.17,8.72,,,,,Poultry Products,broiler/fryer 指美国 USDA 肉鸡分类，中文统一译为“肉鸡”。
sr_legacy_173616,sr_legacy,173616,肉鸡腿部，带皮肉，熟，裹粉油炸,"Chicken, broilers or fryers, leg, meat and skin, cooked, fried, flour",26.84,14.43,2.5,,,,,Poultry Products,broiler/fryer 指美国 USDA 肉鸡分类，中文统一译为“肉鸡”。
sr_legacy_173617,sr_legacy,173617,肉鸡腿部，带皮肉，熟，烤制,"Chicken, broilers or fryers, leg, meat and skin, cooked, roasted",24.03,8.99,0,,,,,Poultry Products,broiler/fryer 指美国 USDA 肉鸡分类，中文统一译为“肉鸡”。
sr_legacy_173618,sr_legacy,173618,肉鸡腿部，带皮肉，熟，炖制,"Chicken, broilers or fryers, leg, meat and skin, cooked, stewed",24.17,12.92,0,,,,,Poultry Products,broiler/fryer 指美国 USDA 肉鸡分类，中文统一译为“肉鸡”。
sr_legacy_173619,sr_legacy,173619,肉鸡腿部，仅肉，生,"Chicken, broilers or fryers, leg, meat only, raw",19.16,4.22,0,,,,,Poultry Products,broiler/fryer 指美国 USDA 肉鸡分类，中文统一译为“肉鸡”。
sr_legacy_173620,sr_legacy,173620,肉鸡颈部，带皮肉，熟，挂浆油炸,"Chicken, broilers or fryers, neck, meat and skin, cooked, fried, batter",19.82,23.52,8.7,,,,,Poultry Products,broiler/fryer 指美国 USDA 肉鸡分类，中文统一译为“肉鸡”。
sr_legacy_173621,sr_legacy,173621,肉鸡颈部，带皮肉，熟，裹粉油炸,"Chicken, broilers or fryers, neck, meat and skin, cooked, fried, flour",24.01,23.61,4.24,,,,,Poultry Products,broiler/fryer 指美国 USDA 肉鸡分类，中文统一译为“肉鸡”。
sr_legacy_173622,sr_legacy,173622,肉鸡颈部，带皮肉，熟，小火煮,"Chicken, broilers or fryers, neck, meat and skin, cooked simmered",19.61,18.1,0,,,,,Poultry Products,broiler/fryer 指美国 USDA 肉鸡分类，中文统一译为“肉鸡”。
sr_legacy_173623,sr_legacy,173623,肉鸡颈部，仅肉，生,"Chicken, broilers or fryers, neck, meat only, raw",17.55,8.78,0,,,,,Poultry Products,broiler/fryer 指美国 USDA 肉鸡分类，中文统一译为“肉鸡”。
sr_legacy_173624,sr_legacy,173624,肉鸡大腿，带皮肉，熟，裹粉油炸,"Chicken, broilers or fryers, thigh, meat and skin, cooked, fried, flour",26.75,14.98,3.18,,,,,Poultry Products,broiler/fryer 指美国 USDA 肉鸡分类，中文统一译为“肉鸡”。
sr_legacy_173625,sr_legacy,173625,肉鸡大腿，带皮肉，熟，烤制,"Chicken, broilers or fryers, thigh, meat and skin, cooked, roasted",23.26,14.71,0,,,,,Poultry Products,broiler/fryer 指美国 USDA 肉鸡分类，中文统一译为“肉鸡”。
sr_legacy_173626,sr_legacy,173626,肉鸡大腿，带皮肉，熟，炖制,"Chicken, broilers or fryers, thigh, meat and skin, cooked, stewed",23.26,14.74,0,,,,,Poultry Products,broiler/fryer 指美国 USDA 肉鸡分类，中文统一译为“肉鸡”。
sr_legacy_173627,sr_legacy,173627,肉鸡，深色肉，大腿，仅肉，生,"Chicken, broilers or fryers, dark meat, thigh, meat only, raw",19.66,4.12,0,,,,,Poultry Products,broiler/fryer 指美国 USDA 肉鸡分类，中文统一译为“肉鸡”。
sr_legacy_173628,sr_legacy,173628,肉鸡翅，带皮肉，熟，挂浆油炸,"Chicken, broilers or fryers, wing, meat and skin, cooked, fried, batter",19.87,21.81,10.94,,,,,Poultry Products,broiler/fryer 指美国 USDA 肉鸡分类，中文统一译为“肉鸡”。
sr_legacy_173629,sr_legacy,173629,肉鸡翅，带皮肉，熟，裹粉油炸,"Chicken, broilers or fryers, wing, meat and skin, cooked, fried, flour",26.11,22.16,2.39,,,,,Poultry Products,broiler/fryer 指美国 USDA 肉鸡分类，中文统一译为“肉鸡”。
sr_legacy_173630,sr_legacy,173630,肉鸡翅，带皮肉，熟，烤制,"Chicken, broilers or fryers, wing, meat and skin, cooked, roasted",23.79,16.87,0,,,,,Poultry Products,broiler/fryer 指美国 USDA 肉鸡分类，中文统一译为“肉鸡”。
sr_legacy_173631,sr_legacy,173631,肉鸡翅，带皮肉，熟，炖制,"Chicken, broilers or fryers, wing, meat and skin, cooked, stewed",22.78,16.82,0,,,,,Poultry Products,broiler/fryer 指美国 USDA 肉鸡分类，中文统一译为“肉鸡”。
sr_legacy_173632,sr_legacy,173632,肉鸡翅，仅肉，生,"Chicken, broilers or fryers, wing, meat only, raw",21.97,3.54,0,,,,,Poultry Products,broiler/fryer 指美国 USDA 肉鸡分类，中文统一译为“肉鸡”。
sr_legacy_173633,sr_legacy,173633,烤鸡用鸡，带皮肉、内脏杂碎和颈部，熟，烤制,"Chicken, roasting, meat and skin and giblets and neck, cooked, roasted",23.96,13.07,0.05,,,,,Poultry Products,
sr_legacy_173635,sr_legacy,173635,烤鸡用鸡，带皮肉，熟，烤制,"Chicken, roasting, meat and skin, cooked, roasted",23.97,13.39,0,,,,,Poultry Products,
sr_legacy_173636,sr_legacy,173636,烤鸡用鸡，仅肉，生,"Chicken, roasting, meat only, raw",20.33,2.7,0,,,,,Poultry Products,
sr_legacy_173637,sr_legacy,173637,烤鸡用鸡，浅色肉，仅肉，熟，烤制,"Chicken, roasting, light meat, meat only, cooked, roasted",27.13,4.07,0,,,,,Poultry Products,
sr_legacy_173638,sr_legacy,173638,烤鸡用鸡，深色肉，仅肉，生,"Chicken, roasting, dark meat, meat only, raw",18.74,3.61,0,,,,,Poultry Products,
sr_legacy_173639,sr_legacy,173639,烤鸡用鸡，深色肉，仅肉，熟，烤制,"Chicken, roasting, dark meat, meat only, cooked, roasted",23.25,8.75,0,,,,,Poultry Products,
sr_legacy_173640,sr_legacy,173640,炖鸡用鸡，带皮肉、内脏杂碎和颈部，生,"Chicken, stewing, meat and skin, and giblets and neck, raw",17.48,19.52,0.19,,,,,Poultry Products,
sr_legacy_173641,sr_legacy,173641,炖鸡用鸡，内脏杂碎，生,"Chicken, stewing, giblets, raw",17.89,9.21,2.13,,,,,Poultry Products,
sr_legacy_173642,sr_legacy,173642,炖鸡用鸡，内脏杂碎，熟，小火煮,"Chicken, stewing, giblets, cooked, simmered",25.73,9.3,0.11,,,,,Poultry Products,
sr_legacy_173643,sr_legacy,173643,炖鸡用鸡，浅色肉，仅肉，生,"Chicken, stewing, light meat, meat only, raw",23.1,4.21,0,,,,,Poultry Products,
sr_legacy_173644,sr_legacy,173644,炖鸡用鸡，浅色肉，仅肉，熟，炖制,"Chicken, stewing, light meat, meat only, cooked, stewed",33.04,7.98,0,,,,,Poultry Products,
sr_legacy_173645,sr_legacy,173645,阉鸡，带皮肉，生,"Chicken, capons, meat and skin, raw",18.77,17.07,0,,,,,Poultry Products,capon 指阉鸡。
sr_legacy_173646,sr_legacy,173646,阉鸡，带皮肉，熟，烤制,"Chicken, capons, meat and skin, cooked, roasted",28.96,11.65,0,,,,,Poultry Products,capon 指阉鸡。
sr_legacy_173668,sr_legacy,173668,大西洋鲱鱼，腌熏,"Fish, herring, Atlantic, kippered",24.58,12.37,0.0,,,,,Finfish and Shellfish Products,
sr_legacy_173669,sr_legacy,173669,太平洋鲱鱼，生,"Fish, herring, Pacific, raw",16.39,13.88,0.0,,,,,Finfish and Shellfish Products,
sr_legacy_173670,sr_legacy,173670,鳕鳚鱼（ling），生,"Fish, ling, raw",18.99,0.64,0.0,,,,,Finfish and Shellfish Products,少见鱼名，保留英文 ling 便于核对
sr_legacy_173671,sr_legacy,173671,长鳕（lingcod），生,"Fish, lingcod, raw",17.66,1.06,0.0,,,,,Finfish and Shellfish Products,少见鱼名，保留英文 lingcod 便于核对
sr_legacy_173672,sr_legacy,173672,太平洋鲭鱼和竹荚鱼，混合品种，生,"Fish, mackerel, Pacific and jack, mixed species, raw",20.07,7.89,0.0,,,,,Finfish and Shellfish Products,
sr_legacy_173673,sr_legacy,173673,马鲛鱼（Spanish mackerel），生,"Fish, mackerel, spanish, raw",19.29,6.3,0.0,,,,,Finfish and Shellfish Products,
sr_legacy_173674,sr_legacy,173674,马鲛鱼（Spanish mackerel），熟，干热烹调（烤/煎）,"Fish, mackerel, spanish, cooked, dry heat",23.59,6.32,0.0,,,,,Finfish and Shellfish Products,
sr_legacy_173675,sr_legacy,173675,虱目鱼，生,"Fish, milkfish, raw",20.53,6.73,0.0,,,,,Finfish and Shellfish Products,
sr_legacy_173676,sr_legacy,173676,安康鱼，生,"Fish, monkfish, raw",14.48,1.52,0.0,,,,,Finfish and Shellfish Products,
sr_legacy_173677,sr_legacy,173677,海鳚鱼（ocean pout），生,"Fish, pout, ocean, raw",16.64,0.91,0.0,,,,,Finfish and Shellfish Products,少见鱼名，保留英文 pout 便于核对
sr_legacy_173678,sr_legacy,173678,鲈鱼，混合品种，生,"Fish, perch, mixed species, raw",19.39,0.92,0.0,,,,,Finfish and Shellfish Products,
sr_legacy_173679,sr_legacy,173679,鲈鱼，混合品种，熟，干热烹调（烤/煎）,"Fish, perch, mixed species, cooked, dry heat",24.86,1.18,0.0,,,,,Finfish and Shellfish Products,
sr_legacy_173680,sr_legacy,173680,北方狗鱼，生,"Fish, pike, northern, raw",19.26,0.69,0.0,,,,,Finfish and Shellfish Products,
sr_legacy_173681,sr_legacy,173681,阿拉斯加狭鳕，熟，干热烹调（烤/煎），可能含保水添加剂,"Fish, pollock, Alaska, cooked, dry heat (may contain additives to retain moisture)",23.48,1.18,0.0,,,,,Finfish and Shellfish Products,原名标注可能含保水添加剂
sr_legacy_173682,sr_legacy,173682,佛罗里达鲳鲹（pompano），生,"Fish, pompano, florida, raw",18.48,9.47,0.0,,,,,Finfish and Shellfish Products,少见鱼名，保留英文 pompano 便于核对
sr_legacy_173683,sr_legacy,173683,佛罗里达鲳鲹（pompano），熟，干热烹调（烤/煎）,"Fish, pompano, florida, cooked, dry heat",23.69,12.14,0.0,,,,,Finfish and Shellfish Products,少见鱼名，保留英文 pompano 便于核对
sr_legacy_173684,sr_legacy,173684,太平洋岩鱼，混合品种，生,"Fish, rockfish, Pacific, mixed species, raw",18.36,1.34,0.0,,,,,Finfish and Shellfish Products,
sr_legacy_173685,sr_legacy,173685,银鳕鱼/黑鳕（sablefish），烟熏,"Fish, sablefish, smoked",17.65,20.14,0.0,,,,,Finfish and Shellfish Products,
sr_legacy_173686,sr_legacy,173686,大西洋三文鱼（鲑鱼），野生，生,"Fish, salmon, Atlantic, wild, raw",19.84,6.34,0.0,,,,,Finfish and Shellfish Products,
sr_legacy_173687,sr_legacy,173687,帝王三文鱼（奇努克鲑），烟熏,"Fish, salmon, chinook, smoked",18.28,4.32,0.0,,,,,Finfish and Shellfish Products,
sr_legacy_173688,sr_legacy,173688,帝王三文鱼（奇努克鲑），生,"Fish, salmon, chinook, raw",19.93,10.43,0.0,,,,,Finfish and Shellfish Products,
sr_legacy_173689,sr_legacy,173689,狗鲑/秋鲑，生,"Fish, salmon, chum, raw",20.14,3.77,0.0,,,,,Finfish and Shellfish Products,
sr_legacy_173690,sr_legacy,173690,粉红三文鱼（粉鲑），罐装，整罐内容物,"Fish, salmon, pink, canned, total can contents",19.68,4.97,0.0,,,,,Finfish and Shellfish Products,
sr_legacy_173691,sr_legacy,173691,红鲑三文鱼（Sockeye），生,"Fish, salmon, sockeye, raw",22.25,4.69,0.0,,,,,Finfish and Shellfish Products,
sr_legacy_173692,sr_legacy,173692,红鲑三文鱼（Sockeye），熟，干热烹调（烤/煎）,"Fish, salmon, sockeye, cooked, dry heat",26.48,5.57,0.0,,,,,Finfish and Shellfish Products,
sr_legacy_173693,sr_legacy,173693,红鲑三文鱼（Sockeye），罐装，沥干固形物,"Fish, salmon, sockeye, canned, drained solids",23.59,7.39,0.0,,,,,Finfish and Shellfish Products,
sr_legacy_173694,sr_legacy,173694,海鲈鱼，混合品种，熟，干热烹调（烤/煎）,"Fish, sea bass, mixed species, cooked, dry heat",23.63,2.56,0.0,,,,,Finfish and Shellfish Products,
sr_legacy_173695,sr_legacy,173695,海鳟，混合品种，生,"Fish, seatrout, mixed species, raw",16.74,3.61,0.0,,,,,Finfish and Shellfish Products,
sr_legacy_173696,sr_legacy,173696,美洲西鲱（shad），生,"Fish, shad, american, raw",16.93,13.77,0.0,,,,,Finfish and Shellfish Products,
sr_legacy_173697,sr_legacy,173697,鲨鱼，混合品种，生,"Fish, shark, mixed species, raw",20.98,4.51,0.0,,,,,Finfish and Shellfish Products,
sr_legacy_173698,sr_legacy,173698,鲷鱼，混合品种，生,"Fish, snapper, mixed species, raw",20.51,1.34,0.0,,,,,Finfish and Shellfish Products,
sr_legacy_173699,sr_legacy,173699,鲷鱼，混合品种，熟，干热烹调（烤/煎）,"Fish, snapper, mixed species, cooked, dry heat",26.3,1.72,0.0,,,,,Finfish and Shellfish Products,
sr_legacy_173700,sr_legacy,173700,斑点石首鱼（spot），生,"Fish, spot, raw",18.51,4.9,0.0,,,,,Finfish and Shellfish Products,
sr_legacy_173701,sr_legacy,173701,鲟鱼，混合品种，生,"Fish, sturgeon, mixed species, raw",16.14,4.04,0.0,,,,,Finfish and Shellfish Products,
sr_legacy_173702,sr_legacy,173702,鱼糜,"Fish, surimi",15.18,0.9,6.85,,,,,Finfish and Shellfish Products,鱼糜制品，保留 surimi 便于核对
sr_legacy_173703,sr_legacy,173703,剑鱼，生,"Fish, swordfish, raw",19.66,6.65,0.0,,,,,Finfish and Shellfish Products,
sr_legacy_173704,sr_legacy,173704,剑鱼，熟，干热烹调（烤/煎）,"Fish, swordfish, cooked, dry heat",23.45,7.93,0.0,,,,,Finfish and Shellfish Products,
sr_legacy_173705,sr_legacy,173705,方头鱼（tilefish），生,"Fish, tilefish, raw",17.5,2.31,0.0,,,,,Finfish and Shellfish Products,少见鱼名，保留英文 tilefish 便于核对
sr_legacy_173706,sr_legacy,173706,蓝鳍金枪鱼，鲜，生,"Fish, tuna, fresh, bluefin, raw",23.33,4.9,0.0,,,,,Finfish and Shellfish Products,
sr_legacy_173707,sr_legacy,173707,蓝鳍金枪鱼，鲜，熟，干热烹调（烤/煎）,"Fish, tuna, fresh, bluefin, cooked, dry heat",29.91,6.28,0.0,,,,,Finfish and Shellfish Products,
sr_legacy_173708,sr_legacy,173708,淡色金枪鱼，油浸罐装，沥干固形物,"Fish, tuna, light, canned in oil, drained solids",29.13,8.21,0.0,,,,,Finfish and Shellfish Products,
sr_legacy_173709,sr_legacy,173709,淡色金枪鱼，水浸罐装，含 USDA 食品分发项目食品,"Fish, tuna, light, canned in water, drained solids (Includes foods for USDA's Food Distribution Program)",19.44,0.96,0.0,,,,,Finfish and Shellfish Products,USDA Food Distribution Program 说明保留
sr_legacy_173710,sr_legacy,173710,欧洲多宝鱼/大菱鲆，生,"Fish, turbot, european, raw",16.05,2.95,0.0,,,,,Finfish and Shellfish Products,
sr_legacy_173711,sr_legacy,173711,白鱼，混合品种，生,"Fish, whitefish, mixed species, raw",19.09,5.86,0.0,,,,,Finfish and Shellfish Products,
sr_legacy_173712,sr_legacy,173712,白鱼，混合品种，烟熏,"Fish, whitefish, mixed species, smoked",23.4,0.93,0.0,,,,,Finfish and Shellfish Products,
sr_legacy_173713,sr_legacy,173713,牙鳕/白姑鱼（whiting），混合品种，生,"Fish, whiting, mixed species, raw",18.31,1.31,0.0,,,,,Finfish and Shellfish Products,少见鱼名，保留英文 whiting 便于核对
sr_legacy_173714,sr_legacy,173714,沟鲶（channel catfish），野生，熟，干热烹调（烤/煎）,"Fish, catfish, channel, wild, cooked, dry heat",18.47,2.85,0.0,,,,,Finfish and Shellfish Products,
sr_legacy_173715,sr_legacy,173715,银鲑三文鱼（Coho），养殖，生,"Fish, salmon, coho, farmed, raw",21.27,7.67,0.0,,,,,Finfish and Shellfish Products,
sr_legacy_173716,sr_legacy,173716,银鲑三文鱼（Coho），养殖，熟，干热烹调（烤/煎）,"Fish, salmon, coho, farmed, cooked, dry heat",24.3,8.23,0.0,,,,,Finfish and Shellfish Products,
sr_legacy_173717,sr_legacy,173717,虹鳟，养殖，生,"Fish, trout, rainbow, farmed, raw",19.94,6.18,0.0,,,,,Finfish and Shellfish Products,
sr_legacy_173718,sr_legacy,173718,虹鳟，养殖，熟，干热烹调（烤/煎）,"Fish, trout, rainbow, farmed, cooked, dry heat",23.8,7.38,0.0,,,,,Finfish and Shellfish Products,
sr_legacy_173719,sr_legacy,173719,银鲑三文鱼（Coho），野生，熟，干热烹调（烤/煎）,"Fish, salmon, coho, wild, cooked, dry heat",23.45,4.3,0.0,,,,,Finfish and Shellfish Products,
sr_legacy_173720,sr_legacy,173720,海螺（conch），烘烤或炙烤,"Mollusks, conch, baked or broiled",26.3,1.2,1.7,,,,,Finfish and Shellfish Products,
sr_legacy_173721,sr_legacy,173721,三文鱼块，裹面衣，冷冻，加热后,"Salmon nuggets, breaded, frozen, heated",12.69,11.72,13.96,,,,,Finfish and Shellfish Products,
sr_legacy_173722,sr_legacy,173722,三文鱼块，按购买状态烹调后，未加热,"Salmon nuggets, cooked as purchased, unheated",11.97,10.43,11.85,,,,,Finfish and Shellfish Products,
sr_legacy_173723,sr_legacy,173723,红鲑三文鱼（Sockeye），罐装，沥干固形物，去皮去骨,"Salmon, sockeye, canned, drained solids, without skin and bones",26.33,5.87,0.0,,,,,Finfish and Shellfish Products,
sr_legacy_173724,sr_legacy,173724,粉红三文鱼（粉鲑），罐装，沥干固形物，去皮去骨,"Fish, Salmon, pink, canned, drained solids, without skin and bones",24.62,4.21,0.0,,,,,Finfish and Shellfish Products,
sr_legacy_173725,sr_legacy,173725,阿拉斯加狭鳕，生,"Fish, pollock, Alaska, raw",17.17,0.82,0.0,,,,,Finfish and Shellfish Products,
sr_legacy_173726,sr_legacy,173726,阿拉斯加狭鳕，熟,"Fish, pollock, Alaska, cooked",19.42,0.99,0.0,,,,,Finfish and Shellfish Products,
sr_legacy_173727,sr_legacy,173727,红豆（赤小豆），成熟籽粒，生,"Beans, adzuki, mature seeds, raw",19.87,0.53,62.9,,,,,Legumes and Legume Products,adzuki 采用中文常用名“红豆/赤小豆”
sr_legacy_173728,sr_legacy,173728,红豆（赤小豆），成熟籽粒，煮熟，不加盐,"Beans, adzuki, mature seeds, cooked, boiled, without salt",7.52,0.1,24.77,,,,,Legumes and Legume Products,adzuki 采用中文常用名“红豆/赤小豆”
sr_legacy_173731,sr_legacy,173731,家庭自制焗豆,"Beans, baked, home prepared",5.54,5.15,21.63,,,,,Legumes and Legume Products,
sr_legacy_173732,sr_legacy,173732,焗豆罐头，含猪肉和甜味酱汁,"Beans, baked, canned, with pork and sweet sauce",4.52,0.89,21.57,,,,,Legumes and Legume Products,
sr_legacy_173733,sr_legacy,173733,焗豆罐头，含猪肉和番茄酱汁,"Beans, baked, canned, with pork and tomato sauce",5.15,0.93,18.69,,,,,Legumes and Legume Products,
sr_legacy_173734,sr_legacy,173734,黑豆，成熟籽粒，生,"Beans, black, mature seeds, raw",21.6,1.42,62.36,,,,,Legumes and Legume Products,
sr_legacy_173735,sr_legacy,173735,黑豆，成熟籽粒，煮熟，不加盐,"Beans, black, mature seeds, cooked, boiled, without salt",8.86,0.54,23.71,,,,,Legumes and Legume Products,
sr_legacy_173736,sr_legacy,173736,花豆（Cranberry/Roman 豆），成熟籽粒，煮熟，不加盐,"Beans, cranberry (roman), mature seeds, cooked, boiled, without salt",9.34,0.46,24.46,,,,,Legumes and Legume Products,Cranberry/Roman bean 按常用名花豆处理
sr_legacy_173737,sr_legacy,173737,花豆（Cranberry/Roman 豆），成熟籽粒，罐装,"Beans, cranberry (roman), mature seeds, canned",5.54,0.28,15.12,,,,,Legumes and Legume Products,Cranberry/Roman bean 按常用名花豆处理
sr_legacy_173738,sr_legacy,173738,菜豆（French bean），成熟籽粒，生,"Beans, french, mature seeds, raw",18.81,2.02,64.11,,,,,Legumes and Legume Products,French bean 直译容易误解，保留英文便于核对
sr_legacy_173739,sr_legacy,173739,菜豆（French bean），成熟籽粒，煮熟，不加盐,"Beans, french, mature seeds, cooked, boiled, without salt",7.05,0.76,24.02,,,,,Legumes and Legume Products,French bean 直译容易误解，保留英文便于核对
sr_legacy_173740,sr_legacy,173740,腰豆，各类型，成熟籽粒，煮熟，不加盐,"Beans, kidney, all types, mature seeds, cooked, boiled, without salt",8.67,0.5,22.8,,,,,Legumes and Legume Products,
sr_legacy_173741,sr_legacy,173741,腰豆，各类型，成熟籽粒，罐装,"Beans, kidney, all types, mature seeds, canned",5.22,0.6,14.5,,,,,Legumes and Legume Products,
sr_legacy_173742,sr_legacy,173742,加州红腰豆，成熟籽粒，生,"Beans, kidney, california red, mature seeds, raw",24.37,0.25,59.8,,,,,Legumes and Legume Products,
sr_legacy_173743,sr_legacy,173743,加州红腰豆，成熟籽粒，煮熟，不加盐,"Beans, kidney, california red, mature seeds, cooked, boiled, without salt",9.13,0.09,22.41,,,,,Legumes and Legume Products,
sr_legacy_173744,sr_legacy,173744,红腰豆，成熟籽粒，生,"Beans, kidney, red, mature seeds, raw",22.53,1.06,61.29,,,,,Legumes and Legume Products,
sr_legacy_173745,sr_legacy,173745,海军豆，成熟籽粒，生,"Beans, navy, mature seeds, raw",22.33,1.5,60.75,,,,,Legumes and Legume Products,Navy bean 译为海军豆
sr_legacy_173746,sr_legacy,173746,海军豆，成熟籽粒，煮熟，不加盐,"Beans, navy, mature seeds, cooked, boiled, without salt",8.23,0.62,26.05,,,,,Legumes and Legume Products,Navy bean 译为海军豆
sr_legacy_173747,sr_legacy,173747,海军豆，成熟籽粒，罐装,"Beans, navy, mature seeds, canned",7.53,0.43,20.45,,,,,Legumes and Legume Products,Navy bean 译为海军豆
sr_legacy_173748,sr_legacy,173748,粉红豆，成熟籽粒，生,"Beans, pink, mature seeds, raw",20.96,1.13,64.19,,,,,Legumes and Legume Products,Pink bean 为豆类品种名
sr_legacy_173749,sr_legacy,173749,小白豆，成熟籽粒，生,"Beans, small white, mature seeds, raw",21.11,1.18,62.25,,,,,Legumes and Legume Products,
sr_legacy_173750,sr_legacy,173750,小白豆，成熟籽粒，煮熟，不加盐,"Beans, small white, mature seeds, cooked, boiled, without salt",8.97,0.64,25.81,,,,,Legumes and Legume Products,
sr_legacy_173751,sr_legacy,173751,黄色菜豆，成熟籽粒，生,"Beans, yellow, mature seeds, raw",22,2.6,60.7,,,,,Legumes and Legume Products,为避免与 soybean 黄豆混淆，译为黄色菜豆
sr_legacy_173752,sr_legacy,173752,黄色菜豆，成熟籽粒，煮熟，不加盐,"Beans, yellow, mature seeds, cooked, boiled, without salt",9.16,1.08,25.28,,,,,Legumes and Legume Products,为避免与 soybean 黄豆混淆，译为黄色菜豆
sr_legacy_173753,sr_legacy,173753,蚕豆，成熟籽粒，煮熟，不加盐,"Broadbeans (fava beans), mature seeds, cooked, boiled, without salt",7.6,0.4,19.65,,,,,Legumes and Legume Products,Broadbean/Fava bean 译为蚕豆
sr_legacy_173754,sr_legacy,173754,蚕豆，成熟籽粒，罐装,"Broadbeans (fava beans), mature seeds, canned",5.47,0.22,12.41,,,,,Legumes and Legume Products,Broadbean/Fava bean 译为蚕豆
sr_legacy_173755,sr_legacy,173755,角豆粉,Carob flour,4.62,0.65,88.88,,,,,Legumes and Legume Products,Carob 译为角豆
sr_legacy_173756,sr_legacy,173756,鹰嘴豆，成熟籽粒，生,"Chickpeas (garbanzo beans, bengal gram), mature seeds, raw",20.47,6.04,62.95,,,,,Legumes and Legume Products,Garbanzo/Bengal gram 均为鹰嘴豆别名
sr_legacy_173757,sr_legacy,173757,鹰嘴豆，成熟籽粒，煮熟，不加盐,"Chickpeas (garbanzo beans, bengal gram), mature seeds, cooked, boiled, without salt",8.86,2.59,27.42,,,,,Legumes and Legume Products,Garbanzo/Bengal gram 均为鹰嘴豆别名
sr_legacy_173758,sr_legacy,173758,黑眼豆（豇豆），成熟籽粒，生,"Cowpeas, common (blackeyes, crowder, southern), mature seeds, raw",23.52,1.26,60.03,,,,,Legumes and Legume Products,Blackeyes/crowder/southern 均为 cowpea 类型，中文以黑眼豆/豇豆便于搜索
sr_legacy_173759,sr_legacy,173759,黑眼豆（豇豆），成熟籽粒，煮熟，不加盐,"Cowpeas, common (blackeyes, crowder, southern), mature seeds, cooked, boiled, without salt",7.73,0.53,20.76,,,,,Legumes and Legume Products,Blackeyes/crowder/southern 均为 cowpea 类型，中文以黑眼豆/豇豆便于搜索
sr_legacy_173760,sr_legacy,173760,黑眼豆（豇豆），成熟籽粒，罐装，原味,"Cowpeas, common (blackeyes, crowder, southern), mature seeds, canned, plain",4.74,0.55,13.63,,,,,Legumes and Legume Products,Blackeyes/crowder/southern 均为 cowpea 类型，中文以黑眼豆/豇豆便于搜索
sr_legacy_173761,sr_legacy,173761,黑眼豆（豇豆），成熟籽粒，罐装，含猪肉,"Cowpeas, common (blackeyes, crowder, southern), mature seeds, canned with pork",2.74,1.6,16.53,,,,,Legumes and Legume Products,Blackeyes/crowder/southern 均为 cowpea 类型，中文以黑眼豆/豇豆便于搜索
sr_legacy_173765,sr_legacy,173765,豆奶，所有口味，强化型,"Soymilk (All flavors), enhanced",2.94,1.99,3.45,,,,,Legumes and Legume Products,Soymilk 译为豆奶/豆浆；此处保留饮品语境为豆奶
sr_legacy_173766,sr_legacy,173766,原味或香草味豆奶，Light，添加钙和维生素 A、D,"Soymilk, original and vanilla, light, with added calcium, vitamins A and D",2.38,0.77,3.51,,,,,Legumes and Legume Products,Light 为低热量/轻盈型产品标识，保留英文便于核对
sr_legacy_173769,sr_legacy,173769,低脂豆奶，所有口味，添加钙和维生素 A、D,"Soymilk (All flavors), lowfat, with added calcium, vitamins A and D",1.65,0.62,7.2,,,,,Legumes and Legume Products,
sr_legacy_173789,sr_legacy,173789,红豆（赤小豆），成熟籽粒，煮熟，加盐,"Beans, adzuki, mature seed, cooked, boiled, with salt",7.52,0.1,24.77,,,,,Legumes and Legume Products,adzuki 采用中文常用名“红豆/赤小豆”
sr_legacy_173790,sr_legacy,173790,大北豆，成熟籽粒，煮熟，加盐,"Beans, great northern, mature seeds, cooked, boiled, with salt",8.33,0.45,21.09,,,,,Legumes and Legume Products,Great Northern bean 译为大北豆
sr_legacy_173791,sr_legacy,173791,大北豆，成熟籽粒，罐装，低钠,"Beans, great northern, mature seeds, canned, low sodium",7.37,0.39,21.02,,,,,Legumes and Legume Products,Great Northern bean 译为大北豆
sr_legacy_173792,sr_legacy,173792,腰豆，各类型，成熟籽粒，煮熟，加盐,"Beans, kidney, all types, mature seeds, cooked, boiled, with salt",8.67,0.5,22.8,,,,,Legumes and Legume Products,
sr_legacy_173793,sr_legacy,173793,加州红腰豆，成熟籽粒，煮熟，加盐,"Beans, kidney, california red, mature seeds, cooked, boiled, with salt",9.13,0.09,22.41,,,,,Legumes and Legume Products,
sr_legacy_173794,sr_legacy,173794,海军豆，成熟籽粒，煮熟，加盐,"Beans, navy, mature seeds, cooked, boiled, with salt",8.23,0.62,26.05,,,,,Legumes and Legume Products,Navy bean 译为海军豆
sr_legacy_173795,sr_legacy,173795,粉红豆，成熟籽粒，煮熟，加盐,"Beans, pink, mature seeds, cooked, boiled, with salt",9.06,0.49,27.91,,,,,Legumes and Legume Products,Pink bean 为豆类品种名
sr_legacy_173796,sr_legacy,173796,斑豆，成熟籽粒，煮熟，加盐,"Beans, pinto, mature seeds, cooked, boiled, with salt",9.01,0.65,26.22,,,,,Legumes and Legume Products,Pinto bean 译为斑豆
sr_legacy_173797,sr_legacy,173797,斑豆，成熟籽粒，罐装，沥干固形物，清水冲洗,"Beans, pinto, mature seeds, canned, drained solids, rinsed in tap water",7.04,0.97,20.77,,,,,Legumes and Legume Products,Pinto bean 译为斑豆
sr_legacy_173798,sr_legacy,173798,蚕豆，成熟籽粒，煮熟，加盐,"Broadbeans (fava beans), mature seeds, cooked, boiled, with salt",7.6,0.4,19.65,,,,,Legumes and Legume Products,Broadbean/Fava bean 译为蚕豆
sr_legacy_173799,sr_legacy,173799,鹰嘴豆，成熟籽粒，煮熟，加盐,"Chickpeas (garbanzo beans, bengal gram), mature seeds, cooked, boiled, with salt",8.86,2.59,27.42,,,,,Legumes and Legume Products,Garbanzo/Bengal gram 均为鹰嘴豆别名
sr_legacy_173800,sr_legacy,173800,鹰嘴豆，成熟籽粒，罐装，沥干固形物,"Chickpeas (garbanzo beans, bengal gram), mature seeds, canned, drained solids",7.05,2.77,22.53,,,,,Legumes and Legume Products,Garbanzo/Bengal gram 均为鹰嘴豆别名
sr_legacy_173801,sr_legacy,173801,鹰嘴豆，成熟籽粒，罐装，沥干，清水冲洗,"Chickpeas (garbanzo beans, bengal gram), mature seeds, canned, drained, rinsed in tap water",7.04,2.47,22.87,,,,,Legumes and Legume Products,Garbanzo/Bengal gram 均为鹰嘴豆别名
sr_legacy_173802,sr_legacy,173802,大粒利马豆，成熟籽粒，煮熟，加盐,"Lima beans, large, mature seeds, cooked, boiled, with salt",7.8,0.38,20.88,,,,,Legumes and Legume Products,Lima bean 译为利马豆
sr_legacy_173803,sr_legacy,173803,小粒利马豆，成熟籽粒，煮熟，加盐,"Lima beans, thin seeded (baby), mature seeds, cooked, boiled, with salt",8.04,0.38,23.31,,,,,Legumes and Legume Products,thin seeded/baby 指小粒利马豆
sr_legacy_173804,sr_legacy,173804,羽扇豆，成熟籽粒，煮熟，加盐,"Lupins, mature seeds, cooked, boiled, with salt",15.57,2.92,9.29,,,,,Legumes and Legume Products,Lupin 译为羽扇豆
sr_legacy_173805,sr_legacy,173805,蛾豆（Moth bean），成熟籽粒，煮熟，加盐,"Mothbeans, mature seeds, cooked, boiled, with salt",7.81,0.55,20.96,,,,,Legumes and Legume Products,Moth bean 为南亚豆类，保留英文便于核对
sr_legacy_173806,sr_legacy,173806,花生，各类型，干烤，不加盐,"Peanuts, all types, dry-roasted, without salt",24.35,49.66,21.26,,,,,Legumes and Legume Products,
sr_legacy_173807,sr_legacy,173807,西班牙花生，油炸/油烤，不加盐,"Peanuts, spanish, oil-roasted, without salt",28.01,49.04,17.45,,,,,Legumes and Legume Products,Spanish peanut 为花生品种名
sr_legacy_173808,sr_legacy,173808,瓦伦西亚花生，油炸/油烤，不加盐,"Peanuts, valencia, oil-roasted, without salt",27.04,51.24,16.3,,,,,Legumes and Legume Products,Valencia peanut 为花生品种名
sr_legacy_173809,sr_legacy,173809,弗吉尼亚花生，油炸/油烤，不加盐,"Peanuts, virginia, oil-roasted, without salt",25.87,48.62,19.86,,,,,Legumes and Legume Products,Virginia peanut 为花生品种名
sr_legacy_173810,sr_legacy,173810,新西兰进口羔羊腰脊排，仅可分离瘦肉，生,"Lamb, New Zealand, imported, loin chop, separable lean only, raw",19.98,6.88,0.0,,,,,"Lamb, Veal, and Game Products",
sr_legacy_173811,sr_legacy,173811,新西兰进口，冷冻，羊腰肉，仅可分离瘦肉，熟，炙烤,"Lamb, New Zealand, imported, frozen, loin, separable lean only, cooked, broiled",29.31,8.24,0.0,,,,,"Lamb, Veal, and Game Products",
sr_legacy_173812,sr_legacy,173812,新西兰进口羔羊法式修整羊排架（部分露骨），可分离瘦肉和脂肪，生,"Lamb, New Zealand, imported, rack - partly frenched, separable lean and fat, raw",18.12,18.52,0.13,,,,,"Lamb, Veal, and Game Products",Frenched 指法式修整、肋骨外露
sr_legacy_173813,sr_legacy,173813,新西兰进口羔羊法式修整羊排架（部分露骨），可分离瘦肉和脂肪，快速烤熟,"Lamb, New Zealand, imported, rack - partly frenched, separable lean and fat, cooked, fast roasted",22.06,18.29,0.04,,,,,"Lamb, Veal, and Game Products",Frenched 指法式修整、肋骨外露
sr_legacy_173814,sr_legacy,173814,新西兰进口，冷冻，羔羊肉，整肩（臂部和肩胛），仅可分离瘦肉，熟，炖煮,"Lamb, New Zealand, imported, frozen, shoulder, whole (arm and blade), separable lean only, cooked, braised",34.06,15.5,0.0,,,,,"Lamb, Veal, and Game Products",
sr_legacy_173815,sr_legacy,173815,小牛零售修整部位混合，可分离瘦肉和脂肪，生,"Veal, composite of trimmed retail cuts, separable lean and fat, raw",19.35,6.77,0.0,,,,,"Lamb, Veal, and Game Products",
sr_legacy_173816,sr_legacy,173816,小牛零售修整部位混合，可分离瘦肉和脂肪，熟,"Veal, composite of trimmed retail cuts, separable lean and fat, cooked",30.1,11.39,0.0,,,,,"Lamb, Veal, and Game Products",
sr_legacy_173817,sr_legacy,173817,小牛零售修整部位混合，仅可分离瘦肉，生,"Veal, composite of trimmed retail cuts, separable lean only, raw",20.2,2.87,0.0,,,,,"Lamb, Veal, and Game Products",
sr_legacy_173818,sr_legacy,173818,小牛后腿上圆肉，可分离瘦肉和脂肪，炖煮熟,"Veal, leg (top round), separable lean and fat, cooked, braised",36.16,6.33,0.0,,,,,"Lamb, Veal, and Game Products",
sr_legacy_173819,sr_legacy,173819,小牛后腿上圆肉，可分离瘦肉和脂肪，裹粉后平底锅煎熟,"Veal, leg (top round), separable lean and fat, cooked, pan-fried, breaded",27.29,9.18,9.91,,,,,"Lamb, Veal, and Game Products",
sr_legacy_173820,sr_legacy,173820,小牛后腿上圆肉，可分离瘦肉和脂肪，未裹粉，平底锅煎熟,"Veal, leg (top round), separable lean and fat, cooked, pan-fried, not breaded",31.75,8.35,0.0,,,,,"Lamb, Veal, and Game Products",
sr_legacy_173821,sr_legacy,173821,小牛后腿上圆肉，可分离瘦肉和脂肪，烤熟,"Veal, leg (top round), separable lean and fat, cooked, roasted",27.7,4.65,0.0,,,,,"Lamb, Veal, and Game Products",
sr_legacy_173822,sr_legacy,173822,小牛后腿上圆肉，仅可分离瘦肉，烤熟,"Veal, leg (top round), separable lean only, cooked, roasted",28.07,3.39,0.0,,,,,"Lamb, Veal, and Game Products",
sr_legacy_173823,sr_legacy,173823,小牛腰肉，可分离瘦肉和脂肪，生,"Veal, loin, separable lean and fat, raw",20.07,10.07,0.07,,,,,"Lamb, Veal, and Game Products",
sr_legacy_173824,sr_legacy,173824,小牛腰肉，可分离瘦肉和脂肪，炖煮熟,"Veal, loin, separable lean and fat, cooked, braised",30.19,17.21,0.0,,,,,"Lamb, Veal, and Game Products",
sr_legacy_173825,sr_legacy,173825,小牛腰肉，可分离瘦肉和脂肪，烤熟,"Veal, loin, separable lean and fat, cooked, roasted",24.8,12.32,0.0,,,,,"Lamb, Veal, and Game Products",
sr_legacy_173826,sr_legacy,173826,小牛腰肉，仅可分离瘦肉，生,"Veal, loin, separable lean only, raw",21.85,2.9,0.0,,,,,"Lamb, Veal, and Game Products",
sr_legacy_173827,sr_legacy,173827,小牛肋部肉，可分离瘦肉和脂肪，烤熟,"Veal, rib, separable lean and fat, cooked, roasted",23.96,13.96,0.0,,,,,"Lamb, Veal, and Game Products",
sr_legacy_173828,sr_legacy,173828,小牛肋部肉，仅可分离瘦肉，生,"Veal, rib, separable lean only, raw",19.97,3.89,0.0,,,,,"Lamb, Veal, and Game Products",
sr_legacy_173829,sr_legacy,173829,小牛肋部肉，仅可分离瘦肉，炖煮熟,"Veal, rib, separable lean only, cooked, braised",34.44,7.81,0.0,,,,,"Lamb, Veal, and Game Products",
sr_legacy_173830,sr_legacy,173830,小牛肋部肉，仅可分离瘦肉，烤熟,"Veal, rib, separable lean only, cooked, roasted",25.76,7.44,0.0,,,,,"Lamb, Veal, and Game Products",
sr_legacy_173831,sr_legacy,173831,小牛整肩肉（肩臂和肩胛），仅可分离瘦肉，炖煮熟,"Veal, shoulder, whole (arm and blade), separable lean only, cooked, braised",33.68,6.1,0.0,,,,,"Lamb, Veal, and Game Products",
sr_legacy_173832,sr_legacy,173832,小牛整肩肉（肩臂和肩胛），仅可分离瘦肉，烤熟,"Veal, shoulder, whole (arm and blade), separable lean only, cooked, roasted",25.81,6.62,0.0,,,,,"Lamb, Veal, and Game Products",
sr_legacy_173833,sr_legacy,173833,小牛肩臂肉，可分离瘦肉和脂肪，生,"Veal, shoulder, arm, separable lean and fat, raw",19.34,5.44,0.0,,,,,"Lamb, Veal, and Game Products",
sr_legacy_173834,sr_legacy,173834,小牛肩臂肉，可分离瘦肉和脂肪，炖煮熟,"Veal, shoulder, arm, separable lean and fat, cooked, braised",33.63,10.24,0.0,,,,,"Lamb, Veal, and Game Products",
sr_legacy_173835,sr_legacy,173835,小牛肩胛排，可分离瘦肉和脂肪，生,"Veal, shoulder, blade chop, separable lean and fat, raw",18.72,7.61,0.03,,,,,"Lamb, Veal, and Game Products",
sr_legacy_173836,sr_legacy,173836,小牛肩胛肉，可分离瘦肉和脂肪，炖煮熟,"Veal, shoulder, blade, separable lean and fat, cooked, braised",31.26,10.09,0.0,,,,,"Lamb, Veal, and Game Products",
sr_legacy_173837,sr_legacy,173837,小牛肩胛肉，可分离瘦肉和脂肪，烤熟,"Veal, shoulder, blade, separable lean and fat, cooked, roasted",25.15,8.67,0.0,,,,,"Lamb, Veal, and Game Products",
sr_legacy_173838,sr_legacy,173838,小牛肩胛排，仅可分离瘦肉，生,"Veal, shoulder, blade chop, separable lean only, raw",19.6,2.88,0.0,,,,,"Lamb, Veal, and Game Products",
sr_legacy_173839,sr_legacy,173839,小牛肩胛肉，仅可分离瘦肉，炖煮熟,"Veal, shoulder, blade, separable lean only, cooked, braised",32.66,6.48,0.0,,,,,"Lamb, Veal, and Game Products",
sr_legacy_173840,sr_legacy,173840,小牛沙朗肉，仅可分离瘦肉，生,"Veal, sirloin, separable lean only, raw",20.2,2.59,0.0,,,,,"Lamb, Veal, and Game Products",
sr_legacy_173841,sr_legacy,173841,小牛沙朗肉，仅可分离瘦肉，炖煮熟,"Veal, sirloin, separable lean only, cooked, braised",33.96,6.51,0.0,,,,,"Lamb, Veal, and Game Products",
sr_legacy_173842,sr_legacy,173842,小牛沙朗肉，仅可分离瘦肉，烤熟,"Veal, sirloin, separable lean only, cooked, roasted",26.32,6.22,0.0,,,,,"Lamb, Veal, and Game Products",
sr_legacy_173843,sr_legacy,173843,小牛炖肉块（腿肉和肩肉），仅可分离瘦肉，生,"Veal, cubed for stew (leg and shoulder), separable lean only, raw",20.27,2.5,0.0,,,,,"Lamb, Veal, and Game Products",
sr_legacy_173844,sr_legacy,173844,羚羊肉，熟，烤制,"Game meat, antelope, cooked, roasted",29.45,2.67,0.0,,,,,"Lamb, Veal, and Game Products",少见野味，中文按羚羊肉处理
sr_legacy_173845,sr_legacy,173845,熊肉，生,"Game meat, bear, raw",20.1,8.3,0.0,,,,,"Lamb, Veal, and Game Products",
sr_legacy_173846,sr_legacy,173846,熊肉，熟，小火炖煮,"Game meat, bear, cooked, simmered",32.42,13.39,0.0,,,,,"Lamb, Veal, and Game Products",
sr_legacy_173847,sr_legacy,173847,美洲野牛肉，草饲，绞肉，熟,"Bison, ground, grass-fed, cooked",25.45,8.62,0.0,,,,,"Lamb, Veal, and Game Products",
sr_legacy_173848,sr_legacy,173848,Beefalo杂交牛肉，综合切块，熟，烤制,"Game meat, beefalo, composite of cuts, cooked, roasted",30.66,6.32,0.0,,,,,"Lamb, Veal, and Game Products",Beefalo 为牛与美洲野牛的杂交肉类，保留英文便于核对
sr_legacy_173849,sr_legacy,173849,澳大利亚小牛可分离脂肪，生,"Veal, Australian, separable fat, raw",9.91,52.17,0.0,,,,,"Lamb, Veal, and Game Products",Australian veal 为澳大利亚小牛肉
sr_legacy_173850,sr_legacy,173850,澳大利亚小牛肋部烤肉，可分离瘦肉和脂肪，生,"Veal, Australian, rib, rib roast, separable lean and fat, raw",19.6,13.1,1.15,,,,,"Lamb, Veal, and Game Products",Australian veal 为澳大利亚小牛肉
sr_legacy_173851,sr_legacy,173851,美洲野牛肉，仅可分离瘦肉，生,"Game meat, bison, separable lean only, raw",21.62,1.84,0.0,,,,,"Lamb, Veal, and Game Products",
sr_legacy_173852,sr_legacy,173852,美洲野牛肉，仅可分离瘦肉，熟，烤制,"Game meat, bison, separable lean only, cooked, roasted",28.44,2.42,0.0,,,,,"Lamb, Veal, and Game Products",
sr_legacy_173853,sr_legacy,173853,北美驯鹿肉，生,"Game meat, caribou, raw",22.63,3.36,0.0,,,,,"Lamb, Veal, and Game Products",Caribou 按北美驯鹿处理
sr_legacy_173854,sr_legacy,173854,北美驯鹿肉，熟，烤制,"Game meat, caribou, cooked, roasted",29.77,4.42,0.0,,,,,"Lamb, Veal, and Game Products",Caribou 按北美驯鹿处理
sr_legacy_173855,sr_legacy,173855,鹿肉，生,"Game meat, deer, raw",22.96,2.42,0.0,,,,,"Lamb, Veal, and Game Products",
sr_legacy_173928,sr_legacy,173928,苹果，去皮，水煮熟,"Apples, raw, without skin, cooked, boiled",0.26,0.36,13.64,,,,,Fruits and Fruit Juices,
sr_legacy_173929,sr_legacy,173929,苹果，去皮，微波熟制,"Apples, raw, without skin, cooked, microwave",0.28,0.42,14.41,,,,,Fruits and Fruit Juices,
sr_legacy_173931,sr_legacy,173931,苹果干，低水分，硫处理，未烹调,"Apples, dehydrated (low moisture), sulfured, uncooked",1.32,0.58,93.53,,,,,Fruits and Fruit Juices,
sr_legacy_173936,sr_legacy,173936,杏，罐装，水浸，去皮，含固形物和液体,"Apricots, canned, water pack, without skin, solids and liquids",0.69,0.03,5.48,,,,,Fruits and Fruit Juices,
sr_legacy_173937,sr_legacy,173937,杏，罐装，果汁浸，带皮，含固形物和液体,"Apricots, canned, juice pack, with skin, solids and liquids",0.63,0.04,12.34,,,,,Fruits and Fruit Juices,
sr_legacy_173940,sr_legacy,173940,脱水杏干，低水分，硫处理，炖煮,"Apricots, dehydrated (low-moisture), sulfured, stewed",1.93,0.24,32.62,,,,,Fruits and Fruit Juices,
sr_legacy_173941,sr_legacy,173941,杏干，硫处理，未烹调,"Apricots, dried, sulfured, uncooked",3.39,0.51,62.64,,,,,Fruits and Fruit Juices,
sr_legacy_173942,sr_legacy,173942,杏干，硫处理，炖煮，不加糖,"Apricots, dried, sulfured, stewed, without added sugar",1.2,0.18,22.15,,,,,Fruits and Fruit Juices,
sr_legacy_173943,sr_legacy,173943,杏干，硫处理，炖煮，加糖,"Apricots, dried, sulfured, stewed, with added sugar",1.17,0.15,29.26,,,,,Fruits and Fruit Juices,
sr_legacy_173944,sr_legacy,173944,香蕉，生,"Bananas, raw",1.09,0.33,22.84,,,,,Fruits and Fruit Juices,
sr_legacy_173945,sr_legacy,173945,香蕉干或香蕉粉,"Bananas, dehydrated, or banana powder",3.89,1.81,88.28,,,,,Fruits and Fruit Juices,
sr_legacy_173946,sr_legacy,173946,黑莓，生,"Blackberries, raw",1.39,0.49,9.61,,,,,Fruits and Fruit Juices,
sr_legacy_173947,sr_legacy,173947,黑莓汁，罐装,"Blackberry juice, canned",0.3,0.6,7.8,,,,,Fruits and Fruit Juices,
sr_legacy_173949,sr_legacy,173949,野生蓝莓，冷冻,"Blueberries, wild, frozen (Includes foods for USDA's Food Distribution Program)",0.0,0.16,13.85,,,,,Fruits and Fruit Juices,
sr_legacy_173952,sr_legacy,173952,卡里萨果（纳塔尔李），生,"Carissa, (natal-plum), raw",0.5,1.3,13.63,,,,,Fruits and Fruit Juices,Carissa / Natal plum 为少见水果，保留括注方便核对。
sr_legacy_173953,sr_legacy,173953,切里莫亚番荔枝，生,"Cherimoya, raw",1.57,0.68,17.71,,,,,Fruits and Fruit Juices,Cherimoya 属番荔枝类，中文名称可能有地区差异。
sr_legacy_173954,sr_legacy,173954,红酸樱桃，生,"Cherries, sour, red, raw",1.0,0.3,12.18,,,,,Fruits and Fruit Juices,
sr_legacy_173955,sr_legacy,173955,红酸樱桃，罐装，水浸，含固形物和液体,"Cherries, sour, red, canned, water pack, solids and liquids",0.77,0.1,8.94,,,,,Fruits and Fruit Juices,
sr_legacy_173957,sr_legacy,173957,甜樱桃，罐装，水浸，含固形物和液体,"Cherries, sweet, canned, water pack, solids and liquids",0.77,0.13,11.76,,,,,Fruits and Fruit Juices,
sr_legacy_173958,sr_legacy,173958,甜樱桃，罐装，果汁浸，含固形物和液体,"Cherries, sweet, canned, juice pack, solids and liquids",0.91,0.02,13.81,,,,,Fruits and Fruit Juices,
sr_legacy_173962,sr_legacy,173962,蔓越莓橙子调味酱，罐装,"Cranberry-orange relish, canned",0.3,0.1,46.2,,,,,Fruits and Fruit Juices,
sr_legacy_173963,sr_legacy,173963,黑加仑，生,"Currants, european black, raw",1.4,0.41,15.38,,,,,Fruits and Fruit Juices,
sr_legacy_173964,sr_legacy,173964,红醋栗和白醋栗，生,"Currants, red and white, raw",1.4,0.2,13.8,,,,,Fruits and Fruit Juices,
sr_legacy_173965,sr_legacy,173965,澳大利亚进口草饲牛里脊（tenderloin）牛排/烤肉，无骨，仅瘦肉，生,"Beef, Australian, imported, grass-fed, loin, tenderloin steak/roast, boneless, separable lean only, raw",20.85,6.11,0,,,,,Beef Products,
sr_legacy_173966,sr_legacy,173966,澳大利亚进口和牛里脊（tenderloin）牛排/烤肉，澳大利亚大理石花纹评分4/5，无骨，仅瘦肉，生,"Beef, Australian, imported, Wagyu, loin, tenderloin steak/roast, boneless, separable lean only, Aust. marble score 4/5, raw",20.19,12.3,0,,,,,Beef Products,保留“和牛”和澳大利亚大理石花纹评分，方便对应 USDA 原名
sr_legacy_173967,sr_legacy,173967,澳大利亚进口和牛外部脂肪，澳大利亚大理石花纹评分9，生,"Beef, Australian, imported, Wagyu, external fat, Aust. marble score 9, raw",5.54,68.07,0.97,,,,,Beef Products,保留“和牛”和澳大利亚大理石花纹评分，方便对应 USDA 原名
sr_legacy_173968,sr_legacy,173968,澳大利亚进口和牛肌间脂肪，澳大利亚大理石花纹评分9，生,"Beef, Australian, imported, Wagyu, seam fat, Aust. marble score 9, raw",5.16,67.33,0,,,,,Beef Products,保留“和牛”和澳大利亚大理石花纹评分，方便对应 USDA 原名
sr_legacy_173969,sr_legacy,173969,澳大利亚进口草饲牛里脊（tenderloin）牛排/烤肉，无骨，可分离瘦肉和脂肪，生,"Beef, Australian, imported, grass-fed, loin, tenderloin steak/roast, boneless, separable lean and fat, raw",20.53,7.63,0.01,,,,,Beef Products,
sr_legacy_173970,sr_legacy,173970,澳大利亚进口草饲牛上腰肉（top loin）牛排/烤肉，无骨，仅瘦肉，生,"Beef, Australian, imported, grass-fed, loin, top loin steak/roast, boneless, separable lean only, raw",21.79,4.87,0,,,,,Beef Products,
sr_legacy_173971,sr_legacy,173971,澳大利亚进口草饲牛后腿下圆肉牛排/烤肉，无骨，仅瘦肉，生,"Beef, Australian, imported, grass-fed, round, bottom round steak/roast, boneless, separable lean only, raw",21.4,4.93,0,,,,,Beef Products,
sr_legacy_173972,sr_legacy,173972,澳大利亚进口草饲牛后腿上圆肉去盖牛排/烤肉，无骨，仅瘦肉，生,"Beef, Australian, imported, grass-fed, round, top round cap-off steak/roast, boneless, separable lean only, raw",22.41,4.43,0,,,,,Beef Products,
sr_legacy_173973,sr_legacy,173973,澳大利亚进口和牛里脊（tenderloin）牛排/烤肉，澳大利亚大理石花纹评分9，无骨，仅瘦肉，生,"Beef, Australian, imported, Wagyu, loin, tenderloin steak/roast, boneless, separable lean only, Aust. marble score 9, raw",18.87,17.73,0.57,,,,,Beef Products,保留“和牛”和澳大利亚大理石花纹评分，方便对应 USDA 原名
sr_legacy_173974,sr_legacy,173974,澳大利亚进口和牛上腰肉（top loin）牛排/烤肉，澳大利亚大理石花纹评分4/5，无骨，仅瘦肉，生,"Beef, Australian, imported, Wagyu, loin, top loin steak/roast, boneless, separable lean only, Aust. marble score 4/5, raw",20.15,15.69,0.2,,,,,Beef Products,保留“和牛”和澳大利亚大理石花纹评分，方便对应 USDA 原名
sr_legacy_173975,sr_legacy,173975,澳大利亚进口草饲牛肋眼牛排/烤肉，带唇边，无骨，可分离瘦肉和脂肪，生,"Beef, Australian, imported, grass-fed, rib, ribeye steak/roast lip-on, boneless, separable lean and fat, raw",19.8,15.21,0.11,,,,,Beef Products,
sr_legacy_173976,sr_legacy,173976,澳大利亚进口草饲牛后腿下圆肉牛排/烤肉，无骨，可分离瘦肉和脂肪，生,"Beef, Australian, imported, grass-fed, round, bottom round steak/roast, boneless, separable lean and fat, raw",21.13,6.16,0.01,,,,,Beef Products,
sr_legacy_173977,sr_legacy,173977,澳大利亚进口草饲牛后腿上圆肉去盖牛排/烤肉，无骨，可分离瘦肉和脂肪，生,"Beef, Australian, imported, grass-fed, round, top round cap-off steak/roast, boneless, separable lean and fat, raw",22.24,4.4,0,,,,,Beef Products,
sr_legacy_173978,sr_legacy,173978,澳大利亚进口和牛上腰肉（top loin）牛排/烤肉，澳大利亚大理石花纹评分4/5，无骨，可分离瘦肉和脂肪，生,"Beef, Australian, imported, Wagyu, loin, top loin steak/roast, boneless, separable lean and fat, Aust. marble score 4/5, raw",17.67,24.2,0.12,,,,,Beef Products,保留“和牛”和澳大利亚大理石花纹评分，方便对应 USDA 原名
sr_legacy_173979,sr_legacy,173979,澳大利亚进口和牛上腰肉（top loin）牛排/烤肉，澳大利亚大理石花纹评分9，可分离瘦肉和脂肪，生,"Beef, Australian, imported, Wagyu, loin, top loin steak/roast, separable lean and fat, Aust. marble score 9, raw",14.58,36.98,0.14,,,,,Beef Products,保留“和牛”和澳大利亚大理石花纹评分，方便对应 USDA 原名
sr_legacy_173980,sr_legacy,173980,牛后腿上圆肉牛排，无骨，可分离瘦肉和脂肪，去除外部脂肪，Choice级，生,"Beef, round, top round steak, boneless, separable lean and fat, trimmed to 0"" fat, choice, raw",23.49,3.66,0.0,,,,,Beef Products,
sr_legacy_173981,sr_legacy,173981,牛后腿上圆肉牛排，无骨，可分离瘦肉和脂肪，去除外部脂肪，Select级，生,"Beef, round, top round steak, boneless, separable lean and fat, trimmed to 0"" fat, select, raw",23.49,2.85,0.0,,,,,Beef Products,
sr_legacy_173982,sr_legacy,173982,牛后腿上圆肉烤块，无骨，可分离瘦肉和脂肪，去除外部脂肪，各等级，生,"Beef, round, top round roast, boneless, separable lean and fat, trimmed to 0"" fat, all grades, raw",23.45,3.5,0.0,,,,,Beef Products,
sr_legacy_173983,sr_legacy,173983,牛后腿上圆肉烤块，无骨，可分离瘦肉和脂肪，去除外部脂肪，Choice级，生,"Beef, round, top round roast, boneless, separable lean and fat, trimmed to 0"" fat, choice, raw",23.46,3.81,0.0,,,,,Beef Products,
sr_legacy_173984,sr_legacy,173984,牛后腿眼肉牛排，无骨，可分离瘦肉和脂肪，去除外部脂肪，各等级，生,"Beef, round, eye of round steak, boneless, separable lean and fat, trimmed to 0"" fat, all grades, raw",23.26,3.48,0.0,,,,,Beef Products,
sr_legacy_173985,sr_legacy,173985,牛后腿眼肉牛排，无骨，可分离瘦肉和脂肪，去除外部脂肪，Choice级，生,"Beef, round, eye of round steak, boneless separable lean and fat, trimmed to 0"" fat, choice, raw",23.24,3.83,0.0,,,,,Beef Products,
sr_legacy_173986,sr_legacy,173986,牛后腿眼肉牛排，无骨，可分离瘦肉和脂肪，去除外部脂肪，Select级，生,"Beef, round, eye of round steak, boneless, separable lean and fat, trimmed to 0"" fat, select, raw",23.3,2.95,0.0,,,,,Beef Products,
sr_legacy_173987,sr_legacy,173987,牛里脊（菲力）烤块，去骨，可分离瘦肉和脂肪，去除外部脂肪，各等级，生,"Beef, loin, tenderloin roast, boneless, separable lean and fat, trimmed to 0"" fat, all grades, raw",21.67,6.93,0.0,,,,,Beef Products,
sr_legacy_173988,sr_legacy,173988,牛里脊（菲力）牛排，去骨，可分离瘦肉和脂肪，去除外部脂肪，各等级，生,"Beef, loin, tenderloin steak, boneless, separable lean and fat, trimmed to 0"" fat, all grades, raw",21.72,6.67,0.0,,,,,Beef Products,
sr_legacy_173989,sr_legacy,173989,牛里脊（菲力）牛排，去骨，可分离瘦肉和脂肪，去除外部脂肪，Choice 等级，生,"Beef, loin, tenderloin steak, boneless, separable lean and fat, trimmed to 0"" fat, choice, raw",21.57,7.1,0.0,,,,,Beef Products,
sr_legacy_173990,sr_legacy,173990,牛里脊（菲力）牛排，去骨，可分离瘦肉和脂肪，去除外部脂肪，Select 等级，生,"Beef, loin, tenderloin steak, boneless, separable lean and fat, trimmed to 0"" fat, select, raw",21.95,6.02,0.0,,,,,Beef Products,
sr_legacy_173991,sr_legacy,173991,牛里脊（菲力）烤块，去骨，可分离瘦肉和脂肪，去除外部脂肪，各等级，熟，烤制,"Beef, loin, tenderloin roast, boneless, separable lean and fat, trimmed to 0"" fat, all grades, cooked, roasted",27.31,8.14,0.0,,,,,Beef Products,
sr_legacy_173992,sr_legacy,173992,牛后腿上圆肉烤块，无骨，可分离瘦肉和脂肪，去除外部脂肪，Select级，熟，烤制,"Beef, round, top round roast, boneless, separable lean and fat, trimmed to 0"" fat, select, cooked, roasted",30.97,3.72,0.0,,,,,Beef Products,
sr_legacy_173993,sr_legacy,173993,牛后腿眼肉牛排，无骨，可分离瘦肉和脂肪，去除外部脂肪，各等级，熟，煎烤,"Beef, round, eye of round steak, boneless, separable lean and fat, trimmed to 0"" fat, all grades, cooked, grilled",29.66,4.47,0.0,,,,,Beef Products,
sr_legacy_173994,sr_legacy,173994,牛后腿眼肉牛排，无骨，可分离瘦肉和脂肪，去除外部脂肪，Choice级，熟，煎烤,"Beef, round, eye of round steak, boneless, separable lean and fat, trimmed to 0"" fat, choice, cooked, grilled",29.79,4.83,0.0,,,,,Beef Products,
sr_legacy_173995,sr_legacy,173995,牛后腿眼肉牛排，无骨，可分离瘦肉和脂肪，去除外部脂肪，Select级，熟，煎烤,"Beef, round, eye of round steak, boneless, separable lean and fat, trimmed to 0"" fat, select, cooked, grilled",29.47,3.98,0.0,,,,,Beef Products,
sr_legacy_173996,sr_legacy,173996,牛后腿上圆肉烤块，无骨，仅可分离瘦肉，去除外部脂肪，Choice级，生,"Beef, round, top round roast, boneless, separable lean only, trimmed to 0"" fat, choice, raw",23.59,3.26,0.0,,,,,Beef Products,
sr_legacy_173997,sr_legacy,173997,牛后腿上圆肉烤块，无骨，仅可分离瘦肉，去除外部脂肪，Select级，生,"Beef, round, top round roast, boneless, separable lean only, trimmed to 0"" fat, select, raw",23.59,2.45,0.0,,,,,Beef Products,
sr_legacy_173998,sr_legacy,173998,牛后腿眼肉烤块，无骨，仅可分离瘦肉，去除外部脂肪，各等级，生,"Beef, round, eye of round roast, boneless, separable lean only, trimmed to 0"" fat, all grades, raw",23.37,3.04,0.0,,,,,Beef Products,
sr_legacy_173999,sr_legacy,173999,牛后腿眼肉烤块，无骨，仅可分离瘦肉，去除外部脂肪，Choice级，生,"Beef, round, eye of round roast, boneless, separable lean only, trimmed to 0"" fat, choice, raw",23.35,3.38,0.0,,,,,Beef Products,
sr_legacy_174000,sr_legacy,174000,牛里脊（菲力）烤块，去骨，仅可分离瘦肉，去除外部脂肪，Choice 等级，生,"Beef, loin, tenderloin roast, boneless, separable lean only, trimmed to 0"" fat, choice, raw",21.78,6.16,0.0,,,,,Beef Products,
sr_legacy_174001,sr_legacy,174001,牛里脊（菲力）烤块，去骨，仅可分离瘦肉，去除外部脂肪，Select 等级，生,"Beef, loin, tenderloin roast, boneless, separable lean only, trimmed to 0"" fat, select, raw",22.16,5.1,0.0,,,,,Beef Products,
sr_legacy_174002,sr_legacy,174002,牛上腰脊（纽约客）牛排，去骨，去边肉，仅可分离瘦肉，去除外部脂肪，各等级，生,"Beef, loin, top loin steak, boneless, lip off, separable lean only, trimmed to 0"" fat, all grades, raw",23.07,5.67,0.0,,,,,Beef Products,lip-on/lip off 按带边肉/去边肉处理
sr_legacy_174003,sr_legacy,174003,牛上腰脊（纽约客）牛排，去骨，去边肉，仅可分离瘦肉，去除外部脂肪，Choice 等级，生,"Beef, loin, top loin steak, boneless, lip off, separable lean only, trimmed to 0"" fat, choice, raw",22.93,6.34,0.0,,,,,Beef Products,lip-on/lip off 按带边肉/去边肉处理
sr_legacy_174004,sr_legacy,174004,牛里脊（菲力）烤块，去骨，仅可分离瘦肉，去除外部脂肪，各等级，熟，烤制,"Beef, loin, tenderloin roast, boneless, separable lean only, trimmed to 0"" fat, all grades, cooked, roasted",27.51,7.49,0.0,,,,,Beef Products,
sr_legacy_174005,sr_legacy,174005,牛里脊（菲力）烤块，去骨，仅可分离瘦肉，去除外部脂肪，Choice 等级，熟，烤制,"Beef, loin, tenderloin roast, boneless, separable lean only, trimmed to 0"" fat, choice, cooked, roasted",27.48,8.13,0.0,,,,,Beef Products,
sr_legacy_174006,sr_legacy,174006,牛里脊（菲力）烤块，去骨，仅可分离瘦肉，去除外部脂肪，Select 等级，熟，烤制,"Beef, loin, tenderloin roast, separable lean only, boneless, trimmed to 0"" fat, select, cooked, roasted",27.55,6.54,0.0,,,,,Beef Products,
sr_legacy_174007,sr_legacy,174007,牛后腿上圆肉烤块，无骨，仅可分离瘦肉，去除外部脂肪，各等级，熟，烤制,"Beef, round, top round roast, boneless, separable lean only, trimmed to 0"" fat, all grades, cooked, roasted",30.09,3.77,0.0,,,,,Beef Products,
sr_legacy_174008,sr_legacy,174008,牛后腿眼肉牛排，无骨，仅可分离瘦肉，去除外部脂肪，Select级，熟，煎烤,"Beef, round, eye of round steak, boneless, separable lean only, trimmed to 0"" fat, select, cooked, grilled",29.52,3.43,0.0,,,,,Beef Products,
sr_legacy_174009,sr_legacy,174009,牛上腰脊（纽约客）牛排，去骨，带边肉，仅可分离瘦肉，外部脂肪修整至1/8英寸，Select 等级，生,"Beef, loin, top loin steak, boneless, lip-on, separable lean only, trimmed to 1/8"" fat, select, raw",23.3,4.66,0.0,,,,,Beef Products,lip-on/lip off 按带边肉/去边肉处理
sr_legacy_174010,sr_legacy,174010,牛上腰脊（纽约客）牛排，去骨，带边肉，仅可分离瘦肉，外部脂肪修整至1/8英寸，Choice 等级，生,"Beef, loin, top loin steak, boneless, lip-on, separable lean only, trimmed to 1/8"" fat, choice, raw",22.93,6.34,0.0,,,,,Beef Products,lip-on/lip off 按带边肉/去边肉处理
sr_legacy_174011,sr_legacy,174011,牛上腰脊（纽约客）牛排，去骨，带边肉，仅可分离瘦肉，外部脂肪修整至1/8英寸，各等级，生,"Beef, loin, top loin steak, boneless, lip-on, separable lean only, trimmed to 1/8"" fat, all grades, raw",23.07,5.67,0.0,,,,,Beef Products,lip-on/lip off 按带边肉/去边肉处理
sr_legacy_174012,sr_legacy,174012,修整零售牛肉切块综合，仅瘦肉，外部脂肪修至1/8英寸，Choice级，生,"Beef, composite of trimmed retail cuts, separable lean only, trimmed to 1/8"" fat, choice, raw",22.01,6.05,0,,,,,Beef Products,
sr_legacy_174013,sr_legacy,174013,牛肉综合部位，仅瘦肉，外部脂肪修至1/8英寸，Choice级，熟,"Beef composite, separable lean only, trimmed to 1/8"" fat, choice, cooked",28.73,9.16,0,,,,,Beef Products,
sr_legacy_174014,sr_legacy,174014,修整零售牛肉切块综合，可分离瘦肉和脂肪，去除外部脂肪，Choice级，生,"Beef, composite of trimmed retail cuts, separable lean and fat, trimmed to 0"" fat, choice, raw",21.34,10.08,0,,,,,Beef Products,
sr_legacy_174015,sr_legacy,174015,修整零售牛肉切块综合，仅瘦肉，去除外部脂肪，Choice级，生,"Beef, composite of trimmed retail cuts, separable lean only, trimmed to 0"" fat, choice, raw",21.55,7.24,0,,,,,Beef Products,
sr_legacy_174016,sr_legacy,174016,牛肩小嫩肉牛排（mock tender），仅瘦肉，去除外部脂肪，所有等级，熟，上火烤制,"Beef, chuck, mock tender steak, separable lean only, trimmed to 0"" fat, all grades, cooked, broiled",25.9,5.42,0,,,,,Beef Products,mock tender 为美国牛肩部切法，中文按“牛肩小嫩肉”处理
sr_legacy_174017,sr_legacy,174017,牛肩上板腱，仅瘦肉，去除外部脂肪，所有等级，熟，上火烤制,"Beef, chuck, top blade, separable lean only, trimmed to 0"" fat, all grades, cooked, broiled",26.13,10.16,0,,,,,Beef Products,
sr_legacy_174018,sr_legacy,174018,牛肩胛肉块烤肉，仅瘦肉，外部脂肪修至1/4英寸，所有等级，生,"Beef, chuck, clod roast, separable lean only, trimmed to 1/4"" fat, all grades, raw",19.63,5.02,0,,,,,Beef Products,
sr_legacy_174019,sr_legacy,174019,牛肩胛肉块烤肉，仅瘦肉，去除外部脂肪，所有等级，熟，烤制,"Beef, chuck, clod roast, separable lean only, trimmed to 0"" fat, all grades, cooked, roasted",26.82,6.34,0,,,,,Beef Products,
sr_legacy_174020,sr_legacy,174020,牛肩小嫩肉牛排（mock tender），可分离瘦肉和脂肪，去除外部脂肪，Select级，熟，上火烤制,"Beef, chuck, mock tender steak, separable lean and fat, trimmed to 0"" fat, USDA select, cooked, broiled",26.08,5.24,0,,,,,Beef Products,mock tender 为美国牛肩部切法，中文按“牛肩小嫩肉”处理
sr_legacy_174021,sr_legacy,174021,牛肩上板腱，可分离瘦肉和脂肪，去除外部脂肪，Choice级，熟，上火烤制,"Beef, chuck, top blade, separable lean and fat, trimmed to 0"" fat, choice, cooked, broiled",25.77,12.93,0,,,,,Beef Products,
sr_legacy_174022,sr_legacy,174022,牛肩上板腱，可分离瘦肉和脂肪，去除外部脂肪，Select级，熟，上火烤制,"Beef, chuck, top blade, separable lean and fat, trimmed to 0"" fat, select, cooked, broiled",25.67,9.99,0,,,,,Beef Products,
sr_legacy_174023,sr_legacy,174023,牛肩胛肉块烤肉，可分离瘦肉和脂肪，去除外部脂肪，Choice级，熟，烤制,"Beef, chuck, clod roast, separable lean and fat, trimmed to 0"" fat, choice, cooked, roasted",24.61,12.26,0,,,,,Beef Products,
sr_legacy_174024,sr_legacy,174024,牛下沙朗三角肉牛排，可分离瘦肉和脂肪，去除外部脂肪，各等级，熟，炙烤,"Beef, loin, bottom sirloin butt, tri-tip steak, separable lean and fat, trimmed to 0"" fat, all grades, cooked, broiled",29.97,15.18,0.0,,,,,Beef Products,
sr_legacy_174025,sr_legacy,174025,牛肩小嫩肉牛排（mock tender），可分离瘦肉和脂肪，去除外部脂肪，所有等级，熟，上火烤制,"Beef, chuck, mock tender steak, separable lean and fat, trimmed to 0"" fat, all grades, cooked, broiled",25.87,5.52,0,,,,,Beef Products,mock tender 为美国牛肩部切法，中文按“牛肩小嫩肉”处理
sr_legacy_174026,sr_legacy,174026,牛肩上板腱，可分离瘦肉和脂肪，去除外部脂肪，所有等级，熟，上火烤制,"Beef, chuck, top blade, separable lean and fat, trimmed to 0"" fat, all grades, cooked, broiled",25.73,11.73,0,,,,,Beef Products,
sr_legacy_174027,sr_legacy,174027,牛肩胛肉块烤肉，可分离瘦肉和脂肪，去除外部脂肪，所有等级，熟，烤制,"Beef, chuck, clod roast, separable lean and fat, trimmed to 0"" fat, all grades, cooked, roasted",25.7,10.84,0,,,,,Beef Products,
sr_legacy_174028,sr_legacy,174028,牛绞肉，95%瘦肉/5%脂肪，碎粒，熟，煎炒,"Beef, ground, 95% lean meat / 5% fat, crumbles, cooked, pan-browned",29.17,7.58,0,,,,,Beef Products,
sr_legacy_174029,sr_legacy,174029,牛绞肉，95%瘦肉/5%脂肪，肉糕，熟，烘烤,"Beef, ground, 95% lean meat / 5% fat, loaf, cooked, baked",27.31,6.37,0,,,,,Beef Products,
sr_legacy_174030,sr_legacy,174030,牛绞肉，90%瘦肉/10%脂肪，生,"Beef, ground, 90% lean meat / 10% fat, raw",20,10,0,,,,,Beef Products,
sr_legacy_174031,sr_legacy,174031,牛绞肉，90%瘦肉/10%脂肪，牛肉饼，熟，上火烤制,"Beef, ground, 90% lean meat / 10% fat, patty, cooked, broiled",26.11,11.75,0,,,,,Beef Products,
sr_legacy_174032,sr_legacy,174032,牛绞肉，85%瘦肉/15%脂肪，牛肉饼，熟，上火烤制,"Beef, ground, 85% lean meat / 15% fat, patty, cooked, broiled",25.93,15.41,0,,,,,Beef Products,
sr_legacy_174033,sr_legacy,174033,牛绞肉，85%瘦肉/15%脂肪，牛肉饼，熟，煎烤,"Beef, ground, 85% lean meat / 15% fat, patty, cooked, pan-broiled",24.62,14.02,0,,,,,Beef Products,
sr_legacy_174034,sr_legacy,174034,牛绞肉，85%瘦肉/15%脂肪，碎粒，熟，煎炒,"Beef, ground, 85% lean meat / 15% fat, crumbles, cooked, pan-browned",27.73,15.3,0,,,,,Beef Products,
sr_legacy_174035,sr_legacy,174035,牛绞肉，85%瘦肉/15%脂肪，肉糕，熟，烘烤,"Beef, ground, 85% lean meat / 15% fat, loaf, cooked, baked",25.93,14.36,0,,,,,Beef Products,
sr_legacy_174036,sr_legacy,174036,牛绞肉，80%瘦肉/20%脂肪，生,"Beef, ground, 80% lean meat / 20% fat, raw",17.17,20,0,,,,,Beef Products,
sr_legacy_174037,sr_legacy,174037,牛绞肉，75%瘦肉/25%脂肪，生,"Beef, ground, 75% lean meat / 25% fat, raw",15.76,25,0,,,,,Beef Products,
sr_legacy_174038,sr_legacy,174038,牛绞肉，75%瘦肉/25%脂肪，牛肉饼，熟，上火烤制,"Beef, ground, 75% lean meat / 25% fat, patty, cooked, broiled",25.56,18.87,0,,,,,Beef Products,
sr_legacy_174039,sr_legacy,174039,牛绞肉，75%瘦肉/25%脂肪，牛肉饼，熟，煎烤,"Beef, ground, 75% lean meat / 25% fat, patty, cooked, pan-broiled",23.45,16.44,0,,,,,Beef Products,
sr_legacy_174040,sr_legacy,174040,牛绞肉，75%瘦肉/25%脂肪，碎粒，熟，煎炒,"Beef, ground, 75% lean meat / 25% fat, crumbles, cooked, pan-browned",26.28,18.21,0,,,,,Beef Products,
sr_legacy_174041,sr_legacy,174041,牛短腰脊上腰肉（纽约客）牛排，仅可分离瘦肉，外部脂肪修整至1/8英寸，Select级，生,"Beef, short loin, top loin, steak, separable lean only, trimmed to 1/8"" fat, select, raw",23.07,3.88,0.0,,,,,Beef Products,top loin 近似纽约客/上腰肉，保留中文主名称
sr_legacy_174042,sr_legacy,174042,牛肋小端（第10–12肋），仅可分离瘦肉，外部脂肪修整至1/8英寸，Select 等级，熟，炙烤,"Beef, rib, small end (ribs 10-12), separable lean only, trimmed to 1/8"" fat, select, cooked, broiled",30.87,6.22,0.0,,,,,Beef Products,
sr_legacy_174043,sr_legacy,174043,牛里脊（菲力）牛排，仅可分离瘦肉，外部脂肪修整至1/8英寸，Select级，熟，上火烤制,"Beef, tenderloin, steak, separable lean only, trimmed to 1/8"" fat, select, cooked, broiled",29.07,7.76,0.0,,,,,Beef Products,
sr_legacy_174044,sr_legacy,174044,牛上沙朗牛排，仅可分离瘦肉，外部脂肪修整至1/8英寸，Select级，熟，上火烤制,"Beef, top sirloin, steak, separable lean only, trimmed to 1/8"" fat, select, cooked, broiled",29.34,4.96,0.0,,,,,Beef Products,
sr_legacy_174045,sr_legacy,174045,牛后腿下圆肉牛排，仅可分离瘦肉，外部脂肪修整至1/8英寸，Select级，熟，炖煮,"Beef, round, bottom round, steak, separable lean only, trimmed to 1/8"" fat, select, cooked, braised",34.46,6.43,0.0,,,,,Beef Products,
sr_legacy_174046,sr_legacy,174046,牛后腿下圆肉烤块，仅可分离瘦肉，外部脂肪修整至1/8英寸，各等级，生,"Beef, round, bottom round, roast, separable lean only, trimmed to 1/8"" fat, all grades, raw",22.19,4.31,0.0,,,,,Beef Products,
sr_legacy_174047,sr_legacy,174047,牛胸肉（brisket）扁平部，仅瘦肉，外部脂肪修至1/8英寸，所有等级，熟，炖煮,"Beef, brisket, flat half, separable lean only, trimmed to 1/8"" fat, all grades, cooked, braised",33.15,6,0,,,,,Beef Products,
sr_legacy_174048,sr_legacy,174048,牛胸肉（brisket）扁平部，仅瘦肉，外部脂肪修至1/8英寸，所有等级，生,"Beef, brisket, flat half, separable lean only, trimmed to 1/8"" fat, all grades, raw",21.57,3.84,0,,,,,Beef Products,
sr_legacy_174049,sr_legacy,174049,牛后腿眼肉烤块，仅可分离瘦肉，外部脂肪修整至1/8英寸，各等级，生,"Beef, round, eye of round, roast, separable lean only, trimmed to 1/8"" fat, all grades, raw",22.6,3.0,0.0,,,,,Beef Products,
sr_legacy_174050,sr_legacy,174050,牛肩臂肉锅烤肉，仅瘦肉，外部脂肪修至1/8英寸，所有等级，熟，炖煮,"Beef, chuck, arm pot roast, separable lean only, trimmed to 1/8"" fat, all grades, cooked, braised",34.66,7.36,0,,,,,Beef Products,
sr_legacy_174051,sr_legacy,174051,牛肩臂肉锅烤肉，仅瘦肉，外部脂肪修至1/8英寸，所有等级，生,"Beef, chuck, arm pot roast, separable lean only, trimmed to 1/8"" fat, all grades, raw",22.11,4.19,0,,,,,Beef Products,
sr_legacy_174052,sr_legacy,174052,牛后腿下圆肉烤块，仅可分离瘦肉，外部脂肪修整至1/8英寸，各等级，熟,"Beef, round, bottom round, roast, separable lean only, trimmed to 1/8"" fat, all grades, cooked",28.0,5.72,0.0,,,,,Beef Products,
sr_legacy_174053,sr_legacy,174053,牛后腿下圆肉牛排，仅可分离瘦肉，外部脂肪修整至1/8英寸，各等级，熟，炖煮,"Beef, round, bottom round, steak, separable lean only, trimmed to 1/8"" fat, all grades, cooked, braised",34.34,7.73,0.0,,,,,Beef Products,
sr_legacy_174054,sr_legacy,174054,牛上沙朗牛排，仅可分离瘦肉，外部脂肪修整至1/8英寸，各等级，熟，上火烤制,"Beef, top sirloin, steak, separable lean only, trimmed to 1/8"" fat, all grades, cooked, broiled",29.42,5.84,0.0,,,,,Beef Products,
sr_legacy_174055,sr_legacy,174055,牛上沙朗牛排，仅可分离瘦肉，外部脂肪修整至1/8英寸，各等级，生,"Beef, top sirloin, steak, separable lean only, trimmed to 1/8"" fat, all grades, raw",22.09,4.08,0.0,,,,,Beef Products,
sr_legacy_174056,sr_legacy,174056,牛肩臂肉锅烤肉，仅瘦肉，外部脂肪修至1/8英寸，Choice级，生,"Beef, chuck, arm pot roast, separable lean only, trimmed to 1/8"" fat, choice, raw",21.96,5.05,0,,,,,Beef Products,
sr_legacy_174057,sr_legacy,174057,牛胸肉（brisket）扁平部，仅瘦肉，外部脂肪修至1/8英寸，Choice级，生,"Beef, brisket, flat half, separable lean only, trimmed to 1/8"" fat, choice, raw",21.69,4.06,0,,,,,Beef Products,
sr_legacy_174058,sr_legacy,174058,牛后腿下圆肉烤块，仅可分离瘦肉，外部脂肪修整至1/8英寸，Choice级，生,"Beef, round, bottom round, roast, separable lean only, trimmed to 1/8"" fat, choice, raw",22.22,4.96,0.0,,,,,Beef Products,
sr_legacy_174059,sr_legacy,174059,牛后腿下圆肉烤块，仅可分离瘦肉，外部脂肪修整至1/8英寸，Choice级，熟，烤制,"Beef, round, bottom round, roast, separable lean only, trimmed to 1/8"" fat, choice, cooked, roasted",27.56,6.77,0.0,,,,,Beef Products,
sr_legacy_174060,sr_legacy,174060,牛后腿眼肉烤块，仅可分离瘦肉，外部脂肪修整至1/8英寸，Choice级，熟，烤制,"Beef, round, eye of round, roast, separable lean only, trimmed to 1/8"" fat, choice, cooked, roasted",29.87,5.3,0.0,,,,,Beef Products,
sr_legacy_174061,sr_legacy,174061,牛后腿上圆肉牛排，仅可分离瘦肉，外部脂肪修整至1/8英寸，Choice级，熟，上火烤制,"Beef, round, top round, steak, separable lean only, trimmed to 1/8"" fat, choice, cooked, broiled",32.04,6.25,0.0,,,,,Beef Products,
sr_legacy_174075,sr_legacy,174075,全麦恰巴提或印度烙饼，商业制作，冷冻,"Bread, chapati or roti, whole wheat, commercially prepared, frozen",7.85,9.2,46.13,,,,,Baked Products,
sr_legacy_174076,sr_legacy,174076,全麦 Paratha 印度煎饼，商业制作，冷冻,"Bread, paratha, whole wheat, commercially prepared, frozen",6.36,13.2,45.35,,,,,Baked Products,保留 Paratha 便于搜索
sr_legacy_174077,sr_legacy,174077,全麦 Naan 印度烤饼，商业制作，冷藏,"Bread, naan, whole wheat, commercially prepared, refrigerated",10.2,6.7,46.21,,,,,Baked Products,
sr_legacy_174078,sr_legacy,174078,墨西哥 Bolillo 小面包,"Bread, roll, Mexican, bollilo",10.65,5.8,55.77,,,,,Baked Products,保留 Bolillo 便于核对
sr_legacy_174081,sr_legacy,174081,全麦 Tortilla 墨西哥薄饼，待烤或待炸,"Tortillas, ready-to-bake or -fry, whole wheat",9.76,9.76,45.89,,,,,Baked Products,
sr_legacy_174084,sr_legacy,174084,全谷物奶酪味饼干,"Crackers, cheese, whole grain",9.62,16.03,57.29,,,,,Baked Products,
sr_legacy_174091,sr_legacy,174091,全麦法式或维也纳面包,"Bread, french or vienna, whole wheat",8.33,1.04,49.1,,,,,Baked Products,
sr_legacy_174092,sr_legacy,174092,全谷物白贝果,"Bagels, whole grain white",9.3,0.0,54.52,,,,,Baked Products,
sr_legacy_174094,sr_legacy,174094,全谷物白汉堡面包，钙强化,"Rolls, hamburger, whole grain white, calcium-fortified",9.3,3.49,46.5,,,,,Baked Products,
sr_legacy_174098,sr_legacy,174098,鱼形调味饼干,"Crackers, flavored, fish-shaped",10.16,17.71,65.67,,,,,Baked Products,
sr_legacy_174099,sr_legacy,174099,无麸质白面包，含马铃薯提取物、米淀粉和米粉,"Bread, gluten-free, white, made with potato extract, rice starch, and rice flour",3.13,10.7,52.83,,,,,Baked Products,
sr_legacy_174100,sr_legacy,174100,无麸质白面包，含米粉、玉米淀粉或木薯粉,"Bread, gluten-free, white, made with rice flour, corn starch, and/or tapioca",4.31,5.24,45.78,,,,,Baked Products,
sr_legacy_174101,sr_legacy,174101,无麸质白面包，含木薯淀粉和糙米粉,"Bread, gluten-free, white, made with tapioca starch and brown rice flour",5.4,8.02,51.15,,,,,Baked Products,
sr_legacy_174102,sr_legacy,174102,无麸质全谷物面包，含木薯淀粉和糙米粉,"Bread, gluten-free, whole grain, made with tapioca starch and brown rice flour",7.25,9.34,49.09,,,,,Baked Products,
sr_legacy_174103,sr_legacy,174103,无麸质多谷物蔬菜饼干，含玉米淀粉和白米粉,"Crackers, gluten-free, multigrain and vegetable, made with corn starch and white rice flour",2.5,15.41,76.94,,,,,Baked Products,
sr_legacy_174104,sr_legacy,174104,无麸质多籽多谷物饼干,"Crackers, gluten-free, multi-seeded and multigrain",11.25,15.84,66.3,,,,,Baked Products,
sr_legacy_174182,sr_legacy,174182,欧洲鳀鱼（凤尾鱼），生,"Fish, anchovy, european, raw",20.35,4.84,0.0,,,,,Finfish and Shellfish Products,
sr_legacy_174183,sr_legacy,174183,欧洲鳀鱼（凤尾鱼），油浸罐装，沥干固形物,"Fish, anchovy, european, canned in oil, drained solids",28.89,9.71,0.0,,,,,Finfish and Shellfish Products,
sr_legacy_174184,sr_legacy,174184,淡水鲈鱼，混合品种，生,"Fish, bass, fresh water, mixed species, raw",18.86,3.69,0.0,,,,,Finfish and Shellfish Products,
sr_legacy_174185,sr_legacy,174185,鲤鱼，熟，干热烹调（烤/煎）,"Fish, carp, cooked, dry heat",22.86,7.17,0.0,,,,,Finfish and Shellfish Products,
sr_legacy_174186,sr_legacy,174186,沟鲶（channel catfish），野生，生,"Fish, catfish, channel, wild, raw",16.38,2.82,0.0,,,,,Finfish and Shellfish Products,
sr_legacy_174187,sr_legacy,174187,沟鲶（channel catfish），熟，裹面衣油炸,"Fish, catfish, channel, cooked, breaded and fried",18.09,13.33,8.04,,,,,Finfish and Shellfish Products,
sr_legacy_174188,sr_legacy,174188,鱼子酱，黑色和红色，颗粒状,"Fish, caviar, black and red, granular",24.6,17.9,4.0,,,,,Finfish and Shellfish Products,
sr_legacy_174189,sr_legacy,174189,大西洋鳕鱼，罐装，固形物和汤汁,"Fish, cod, Atlantic, canned, solids and liquid",22.76,0.86,0.0,,,,,Finfish and Shellfish Products,
sr_legacy_174190,sr_legacy,174190,大西洋鳕鱼，干制加盐,"Fish, cod, Atlantic, dried and salted",62.82,2.37,0.0,,,,,Finfish and Shellfish Products,
sr_legacy_174191,sr_legacy,174191,太平洋鳕鱼，生，可能曾冷冻,"Fish, cod, Pacific, raw (may have been previously frozen)",15.27,0.41,0.0,,,,,Finfish and Shellfish Products,原名标注可能曾冷冻
sr_legacy_174192,sr_legacy,174192,大西洋石首鱼（croaker），生,"Fish, croaker, Atlantic, raw",17.78,3.17,0.0,,,,,Finfish and Shellfish Products,
sr_legacy_174193,sr_legacy,174193,鳗鱼，混合品种，生,"Fish, eel, mixed species, raw",18.44,11.66,0.0,,,,,Finfish and Shellfish Products,
sr_legacy_174194,sr_legacy,174194,鳗鱼，混合品种，熟，干热烹调（烤/煎）,"Fish, eel, mixed species, cooked, dry heat",23.65,14.95,0.0,,,,,Finfish and Shellfish Products,
sr_legacy_174195,sr_legacy,174195,冷冻鱼条，已制备,"Fish, fish sticks, frozen, prepared",11.01,16.23,21.66,,,,,Finfish and Shellfish Products,
sr_legacy_174196,sr_legacy,174196,比目鱼（鲽鱼/鳎鱼类），生,"Fish, flatfish (flounder and sole species), raw",12.41,1.93,0.0,,,,,Finfish and Shellfish Products,
sr_legacy_174197,sr_legacy,174197,比目鱼（鲽鱼/鳎鱼类），熟，干热烹调（烤/煎）,"Fish, flatfish (flounder and sole species), cooked, dry heat",15.24,2.37,0.0,,,,,Finfish and Shellfish Products,
sr_legacy_174198,sr_legacy,174198,黑线鳕，熟，干热烹调（烤/煎）,"Fish, haddock, cooked, dry heat",19.99,0.55,0.0,,,,,Finfish and Shellfish Products,
sr_legacy_174199,sr_legacy,174199,黑线鳕，烟熏,"Fish, haddock, smoked",25.23,0.96,0.0,,,,,Finfish and Shellfish Products,
sr_legacy_174200,sr_legacy,174200,大西洋和太平洋大比目鱼，生,"Fish, halibut, Atlantic and Pacific, raw",18.56,1.33,0.0,,,,,Finfish and Shellfish Products,
sr_legacy_174201,sr_legacy,174201,大西洋和太平洋大比目鱼，熟，干热烹调（烤/煎）,"Fish, halibut, Atlantic and Pacific, cooked, dry heat",22.54,1.61,0.0,,,,,Finfish and Shellfish Products,
sr_legacy_174202,sr_legacy,174202,阿拉斯加帝王蟹，熟，水煮/蒸煮,"Crustaceans, crab, alaska king, cooked, moist heat",19.35,1.54,0.0,,,,,Finfish and Shellfish Products,
sr_legacy_174203,sr_legacy,174203,仿阿拉斯加帝王蟹肉，鱼糜制,"Crustaceans, crab, alaska king, imitation, made from surimi",7.62,0.46,15.0,,,,,Finfish and Shellfish Products,鱼糜制品，保留 surimi 便于核对
sr_legacy_174204,sr_legacy,174204,蓝蟹，生,"Crustaceans, crab, blue, raw",18.06,1.08,0.04,,,,,Finfish and Shellfish Products,
sr_legacy_174205,sr_legacy,174205,蓝蟹，熟，水煮/蒸煮,"Crustaceans, crab, blue, cooked, moist heat",17.88,0.74,0.0,,,,,Finfish and Shellfish Products,
sr_legacy_174206,sr_legacy,174206,小龙虾/淡水螯虾，混合品种，野生，生,"Crustaceans, crayfish, mixed species, wild, raw",15.97,0.95,0.0,,,,,Finfish and Shellfish Products,
sr_legacy_174207,sr_legacy,174207,小龙虾/淡水螯虾，混合品种，野生，熟，水煮/蒸煮,"Crustaceans, crayfish, mixed species, wild, cooked, moist heat",16.77,1.2,0.0,,,,,Finfish and Shellfish Products,
sr_legacy_174208,sr_legacy,174208,北方龙虾（美洲龙虾），生,"Crustaceans, lobster, northern, raw",16.52,0.75,0.0,,,,,Finfish and Shellfish Products,
sr_legacy_174209,sr_legacy,174209,北方龙虾（美洲龙虾），熟，水煮/蒸煮,"Crustaceans, lobster, northern, cooked, moist heat",19.0,0.86,0.0,,,,,Finfish and Shellfish Products,
sr_legacy_174210,sr_legacy,174210,虾，混合品种，生，可能含保水添加剂,"Crustaceans, shrimp, mixed species, raw (may contain additives to retain moisture)",13.61,1.01,0.91,,,,,Finfish and Shellfish Products,原名标注可能含保水添加剂
sr_legacy_174211,sr_legacy,174211,刺龙虾/岩龙虾，混合品种，生,"Crustaceans, spiny lobster, mixed species, raw",20.6,1.51,2.43,,,,,Finfish and Shellfish Products,
sr_legacy_174212,sr_legacy,174212,鲍鱼，混合品种，生,"Mollusks, abalone, mixed species, raw",17.1,0.76,6.01,,,,,Finfish and Shellfish Products,
sr_legacy_174213,sr_legacy,174213,鲍鱼，混合品种，熟，油炸,"Mollusks, abalone, mixed species, cooked, fried",19.63,6.78,11.05,,,,,Finfish and Shellfish Products,
sr_legacy_174214,sr_legacy,174214,蛤蜊，混合品种，生,"Mollusks, clam, mixed species, raw",14.67,0.96,3.57,,,,,Finfish and Shellfish Products,
sr_legacy_174215,sr_legacy,174215,墨鱼/乌贼，混合品种，生,"Mollusks, cuttlefish, mixed species, raw",16.24,0.7,0.82,,,,,Finfish and Shellfish Products,
sr_legacy_174216,sr_legacy,174216,蓝贻贝/青口贝，生,"Mollusks, mussel, blue, raw",11.9,2.24,3.69,,,,,Finfish and Shellfish Products,
sr_legacy_174217,sr_legacy,174217,蓝贻贝/青口贝，熟，水煮/蒸煮,"Mollusks, mussel, blue, cooked, moist heat",23.8,4.48,7.39,,,,,Finfish and Shellfish Products,
sr_legacy_174218,sr_legacy,174218,普通章鱼，生,"Mollusks, octopus, common, raw",14.91,1.04,2.2,,,,,Finfish and Shellfish Products,
sr_legacy_174219,sr_legacy,174219,太平洋牡蛎，生,"Mollusks, oyster, Pacific, raw",9.45,2.3,4.95,,,,,Finfish and Shellfish Products,
sr_legacy_174220,sr_legacy,174220,扇贝，混合品种，生,"Mollusks, scallop, mixed species, raw",12.06,0.49,3.18,,,,,Finfish and Shellfish Products,
sr_legacy_174221,sr_legacy,174221,扇贝，混合品种，熟，裹面衣油炸,"Mollusks, scallop, mixed species, cooked, breaded and fried",18.07,10.94,10.13,,,,,Finfish and Shellfish Products,
sr_legacy_174222,sr_legacy,174222,扇贝，混合品种，仿制，鱼糜制,"Mollusks, scallop, mixed species, imitation, made from surimi",12.77,0.41,10.62,,,,,Finfish and Shellfish Products,鱼糜制品，保留 surimi 便于核对
sr_legacy_174223,sr_legacy,174223,鱿鱼，混合品种，生,"Mollusks, squid, mixed species, raw",15.58,1.38,3.08,,,,,Finfish and Shellfish Products,
sr_legacy_174224,sr_legacy,174224,狗鲑/秋鲑，罐装，不加盐，沥干固形物，带骨,"Fish, salmon, chum, canned, without salt, drained solids with bone",21.43,5.5,0.0,,,,,Finfish and Shellfish Products,
sr_legacy_174225,sr_legacy,174225,粉红三文鱼（粉鲑），罐装，不加盐，带骨固形物和汤汁,"Fish, salmon, pink, canned, without salt, solids with bone and liquid",19.78,6.05,0.0,,,,,Finfish and Shellfish Products,
sr_legacy_174226,sr_legacy,174226,红鲑三文鱼（Sockeye），罐装，不加盐，沥干固形物，带骨,"Fish, salmon, sockeye, canned, without salt, drained solids with bone",20.47,7.31,0.0,,,,,Finfish and Shellfish Products,
sr_legacy_174227,sr_legacy,174227,淡色金枪鱼，油浸罐装，不加盐，沥干固形物,"Fish, tuna, light, canned in oil, without salt, drained solids",29.13,8.21,0.0,,,,,Finfish and Shellfish Products,
sr_legacy_174228,sr_legacy,174228,条纹鲈，熟，干热烹调（烤/煎）,"Fish, bass, striped, cooked, dry heat",22.73,2.99,0.0,,,,,Finfish and Shellfish Products,
sr_legacy_174229,sr_legacy,174229,蓝鱼（bluefish），熟，干热烹调（烤/煎）,"Fish, bluefish, cooked, dry heat",25.69,5.44,0.0,,,,,Finfish and Shellfish Products,少见鱼名，保留英文 bluefish 便于核对
sr_legacy_174230,sr_legacy,174230,江鳕，熟，干热烹调（烤/煎）,"Fish, burbot, cooked, dry heat",24.76,1.04,0.0,,,,,Finfish and Shellfish Products,
sr_legacy_174231,sr_legacy,174231,奶油鱼（butterfish），熟，干热烹调（烤/煎）,"Fish, butterfish, cooked, dry heat",22.15,10.28,0.0,,,,,Finfish and Shellfish Products,少见鱼名，保留英文 butterfish 便于核对
sr_legacy_174232,sr_legacy,174232,格陵兰大比目鱼，熟，干热烹调（烤/煎）,"Fish, halibut, greenland, cooked, dry heat",18.42,17.74,0.0,,,,,Finfish and Shellfish Products,
sr_legacy_174233,sr_legacy,174233,太平洋鲱鱼，熟，干热烹调（烤/煎）,"Fish, herring, Pacific, cooked, dry heat",21.01,17.79,0.0,,,,,Finfish and Shellfish Products,
sr_legacy_174234,sr_legacy,174234,鳕鳚鱼（ling），熟，干热烹调（烤/煎）,"Fish, ling, cooked, dry heat",24.35,0.82,0.0,,,,,Finfish and Shellfish Products,少见鱼名，保留英文 ling 便于核对
sr_legacy_174235,sr_legacy,174235,长鳕（lingcod），熟，干热烹调（烤/煎）,"Fish, lingcod, cooked, dry heat",22.64,1.36,0.0,,,,,Finfish and Shellfish Products,少见鱼名，保留英文 lingcod 便于核对
sr_legacy_174236,sr_legacy,174236,大王鲭，熟，干热烹调（烤/煎）,"Fish, mackerel, king, cooked, dry heat",26.0,2.56,0.0,,,,,Finfish and Shellfish Products,
sr_legacy_174237,sr_legacy,174237,大西洋狭鳕，熟，干热烹调（烤/煎）,"Fish, pollock, Atlantic, cooked, dry heat",24.92,1.26,0.0,,,,,Finfish and Shellfish Products,
sr_legacy_174238,sr_legacy,174238,海鳚鱼（ocean pout），熟，干热烹调（烤/煎）,"Fish, pout, ocean, cooked, dry heat",21.33,1.17,0.0,,,,,Finfish and Shellfish Products,少见鱼名，保留英文 pout 便于核对
sr_legacy_174239,sr_legacy,174239,鱼卵，混合品种，熟，干热烹调（烤/煎）,"Fish, roe, mixed species, cooked, dry heat",28.62,8.23,1.92,,,,,Finfish and Shellfish Products,
sr_legacy_174240,sr_legacy,174240,银鳕鱼/黑鳕（sablefish），熟，干热烹调（烤/煎）,"Fish, sablefish, cooked, dry heat",17.19,19.62,0.0,,,,,Finfish and Shellfish Products,
sr_legacy_174241,sr_legacy,174241,北美鲷（scup），熟，干热烹调（烤/煎）,"Fish, scup, cooked, dry heat",24.21,3.5,0.0,,,,,Finfish and Shellfish Products,少见鱼名，保留英文 scup 便于核对
sr_legacy_174242,sr_legacy,174242,海鳟，混合品种，熟，干热烹调（烤/煎）,"Fish, seatrout, mixed species, cooked, dry heat",21.46,4.63,0.0,,,,,Finfish and Shellfish Products,
sr_legacy_174243,sr_legacy,174243,美洲西鲱（shad），熟，干热烹调（烤/煎）,"Fish, shad, american, cooked, dry heat",21.71,17.65,0.0,,,,,Finfish and Shellfish Products,
sr_legacy_174244,sr_legacy,174244,斑点石首鱼（spot），熟，干热烹调（烤/煎）,"Fish, spot, cooked, dry heat",23.73,6.28,0.0,,,,,Finfish and Shellfish Products,
sr_legacy_174245,sr_legacy,174245,欧洲多宝鱼/大菱鲆，熟，干热烹调（烤/煎）,"Fish, turbot, european, cooked, dry heat",20.58,3.78,0.0,,,,,Finfish and Shellfish Products,
sr_legacy_174246,sr_legacy,174246,白鱼，混合品种，熟，干热烹调（烤/煎）,"Fish, whitefish, mixed species, cooked, dry heat",24.47,7.51,0.0,,,,,Finfish and Shellfish Products,
sr_legacy_174247,sr_legacy,174247,大西洋狼鱼，熟，干热烹调（烤/煎）,"Fish, wolffish, Atlantic, cooked, dry heat",22.44,3.06,0.0,,,,,Finfish and Shellfish Products,少见鱼名，保留英文 wolffish 便于核对
sr_legacy_174248,sr_legacy,174248,黄尾鱼/鰤鱼，混合品种，熟，干热烹调（烤/煎）,"Fish, yellowtail, mixed species, cooked, dry heat",29.67,6.72,0.0,,,,,Finfish and Shellfish Products,
sr_legacy_174249,sr_legacy,174249,普通章鱼，熟，水煮/蒸煮,"Mollusks, octopus, common, cooked, moist heat",29.82,2.08,4.4,,,,,Finfish and Shellfish Products,
sr_legacy_174250,sr_legacy,174250,太平洋牡蛎，熟，水煮/蒸煮,"Mollusks, oyster, Pacific, cooked, moist heat",18.9,4.6,9.9,,,,,Finfish and Shellfish Products,
sr_legacy_174251,sr_legacy,174251,橙棘鲷（orange roughy），熟，干热烹调（烤/煎）,"Fish, roughy, orange, cooked, dry heat",22.64,0.9,0.0,,,,,Finfish and Shellfish Products,
sr_legacy_174252,sr_legacy,174252,大粒利马豆，成熟籽粒，生,"Lima beans, large, mature seeds, raw",21.46,0.69,63.38,,,,,Legumes and Legume Products,Lima bean 译为利马豆
sr_legacy_174253,sr_legacy,174253,大粒利马豆，成熟籽粒，煮熟，不加盐,"Lima beans, large, mature seeds, cooked, boiled, without salt",7.8,0.38,20.88,,,,,Legumes and Legume Products,Lima bean 译为利马豆
sr_legacy_174254,sr_legacy,174254,大粒利马豆，成熟籽粒，罐装,"Lima beans, large, mature seeds, canned",4.93,0.17,14.91,,,,,Legumes and Legume Products,Lima bean 译为利马豆
sr_legacy_174255,sr_legacy,174255,小粒利马豆，成熟籽粒，生,"Lima beans, thin seeded (baby), mature seeds, raw",20.62,0.93,62.83,,,,,Legumes and Legume Products,thin seeded/baby 指小粒利马豆
sr_legacy_174256,sr_legacy,174256,绿豆，成熟籽粒，生,"Mung beans, mature seeds, raw",23.86,1.15,62.62,,,,,Legumes and Legume Products,
sr_legacy_174257,sr_legacy,174257,绿豆，成熟籽粒，煮熟，不加盐,"Mung beans, mature seeds, cooked, boiled, without salt",7.02,0.38,19.15,,,,,Legumes and Legume Products,
sr_legacy_174258,sr_legacy,174258,粉丝（绿豆制，中国粉丝），干,"Noodles, chinese, cellophane or long rice (mung beans), dehydrated",0.16,0.06,86.09,,,,,Legumes and Legume Products,Cellophane noodles/long rice 指绿豆粉丝
sr_legacy_174259,sr_legacy,174259,黑绿豆（Urad bean），成熟籽粒，生,"Mungo beans, mature seeds, raw",25.21,1.64,58.99,,,,,Legumes and Legume Products,Mungo/black gram 常见于南亚饮食，保留 Urad 便于核对
sr_legacy_174260,sr_legacy,174260,花生，各类型，水煮，加盐,"Peanuts, all types, cooked, boiled, with salt",13.5,22.01,21.26,,,,,Legumes and Legume Products,
sr_legacy_174261,sr_legacy,174261,花生，各类型，油炸/油烤，加盐,"Peanuts, all types, oil-roasted, with salt",28.03,52.5,15.26,,,,,Legumes and Legume Products,oil-roasted 按油烤/油炸处理
sr_legacy_174262,sr_legacy,174262,花生，各类型，干烤，加盐,"Peanuts, all types, dry-roasted, with salt",24.35,49.66,21.26,,,,,Legumes and Legume Products,
sr_legacy_174263,sr_legacy,174263,西班牙花生，生,"Peanuts, spanish, raw",26.15,49.6,15.83,,,,,Legumes and Legume Products,Spanish peanut 为花生品种名
sr_legacy_174264,sr_legacy,174264,弗吉尼亚花生，油炸/油烤，加盐,"Peanuts, virginia, oil-roasted, with salt",25.87,48.62,19.86,,,,,Legumes and Legume Products,Virginia peanut 为花生品种名
sr_legacy_174265,sr_legacy,174265,花生酱，颗粒型，加盐,"Peanut butter, chunk style, with salt",24.06,49.94,21.57,,,,,Legumes and Legume Products,chunk style 译为颗粒型
sr_legacy_174266,sr_legacy,174266,花生酱，顺滑型，加盐,"Peanut butter, smooth style, with salt (Includes foods for USDA's Food Distribution Program)",22.21,51.36,22.31,,,,,Legumes and Legume Products,原文含 USDA Food Distribution Program 说明，中文名中省略
sr_legacy_174267,sr_legacy,174267,脱脂花生粉,"Peanut flour, defatted",52.2,0.55,34.7,,,,,Legumes and Legume Products,
sr_legacy_174268,sr_legacy,174268,植物蛋白肉类填充料,Meat extender,41.71,2.97,34.71,,,,,Legumes and Legume Products,Meat extender 多为用于肉制品的植物蛋白填充料
sr_legacy_174270,sr_legacy,174270,黄豆，成熟籽粒，生,"Soybeans, mature seeds, raw",36.49,19.94,30.16,,,,,Legumes and Legume Products,Soybean 译为黄豆
sr_legacy_174271,sr_legacy,174271,黄豆，成熟籽粒，煮熟，不加盐,"Soybeans, mature cooked, boiled, without salt",18.21,8.97,8.36,,,,,Legumes and Legume Products,Soybean 译为黄豆
sr_legacy_174272,sr_legacy,174272,天贝,Tempeh,20.29,10.8,7.64,,,,,Legumes and Legume Products,Tempeh 译为天贝
sr_legacy_174273,sr_legacy,174273,全脂大豆粉，生,"Soy flour, full-fat, raw",37.81,20.65,31.92,,,,,Legumes and Legume Products,
sr_legacy_174274,sr_legacy,174274,全脂大豆粉，烤制,"Soy flour, full-fat, roasted",38.09,21.86,30.38,,,,,Legumes and Legume Products,
sr_legacy_174275,sr_legacy,174275,脱脂大豆粉,"Soy flour, defatted",51.46,1.22,33.92,,,,,Legumes and Legume Products,
sr_legacy_174276,sr_legacy,174276,大豆分离蛋白,Soy protein isolate,88.32,3.39,0,,,,,Legumes and Legume Products,
sr_legacy_174277,sr_legacy,174277,日式酱油（Shoyu），大豆和小麦制,Soy sauce made from soy and wheat (shoyu),8.14,0.57,4.93,,,,,Legumes and Legume Products,Shoyu 保留英文便于核对
sr_legacy_174278,sr_legacy,174278,溜酱油（Tamari），大豆制,Soy sauce made from soy (tamari),10.51,0.1,5.57,,,,,Legumes and Legume Products,Tamari 保留英文便于核对
sr_legacy_174279,sr_legacy,174279,水解植物蛋白酱油,Soy sauce made from hydrolyzed vegetable protein,7,0.51,7.84,,,,,Legumes and Legume Products,Hydrolyzed vegetable protein 为水解植物蛋白
sr_legacy_174280,sr_legacy,174280,腐乳（盐渍发酵豆腐）,"Tofu, salted and fermented (fuyu)",8.92,8,4.38,,,,,Legumes and Legume Products,Fuyu 指腐乳/发酵豆腐
sr_legacy_174281,sr_legacy,174281,豇豆，成熟籽粒，生,"Yardlong beans, mature seeds, raw",24.33,1.31,61.91,,,,,Legumes and Legume Products,Yardlong bean 译为豇豆/长豆角；此处为成熟籽粒
sr_legacy_174282,sr_legacy,174282,豇豆，成熟籽粒，煮熟，不加盐,"Yardlong beans, mature seeds, cooked, boiled, without salt",8.29,0.45,21.09,,,,,Legumes and Legume Products,Yardlong bean 译为豇豆/长豆角；此处为成熟籽粒
sr_legacy_174283,sr_legacy,174283,四棱豆，成熟籽粒，生,"Winged beans, mature seeds, raw",29.65,16.32,41.71,,,,,Legumes and Legume Products,Winged bean 译为四棱豆
sr_legacy_174284,sr_legacy,174284,红扁豆，生,"Lentils, pink or red, raw",23.91,2.17,63.1,,,,,Legumes and Legume Products,Pink or red lentils 译为红扁豆
sr_legacy_174285,sr_legacy,174285,红腰豆，成熟籽粒，罐装，沥干固形物,"Beans, kidney, red, mature seeds, canned, drained solids",7.98,1.05,21.49,,,,,Legumes and Legume Products,
sr_legacy_174286,sr_legacy,174286,斑豆罐头，沥干固形物,"Beans, pinto, canned, drained solids",6.99,0.9,20.22,,,,,Legumes and Legume Products,Pinto bean 译为斑豆
sr_legacy_174287,sr_legacy,174287,素汉堡饼或大豆汉堡饼，未烹调,"Veggie burgers or soyburgers, unprepared",15.7,6.3,14.27,,,,,Legumes and Legume Products,Veggie burger/soyburger 保留语义为素汉堡饼/大豆汉堡饼
sr_legacy_174288,sr_legacy,174288,鹰嘴豆粉（Besan）,Chickpea flour (besan),22.39,6.69,57.82,,,,,Legumes and Legume Products,Besan 是南亚常用鹰嘴豆粉名称，保留英文便于搜索
sr_legacy_174289,sr_legacy,174289,鹰嘴豆泥，商业制品,"Hummus, commercial",7.78,17.82,15,,,,,Legumes and Legume Products,Hummus 译为鹰嘴豆泥
sr_legacy_174290,sr_legacy,174290,特硬豆腐，盐卤制,"Tofu, extra firm, prepared with nigari",9.98,5.26,1.18,,,,,Legumes and Legume Products,nigari 指盐卤凝固剂
sr_legacy_174291,sr_legacy,174291,硬豆腐，盐卤制,"Tofu, hard, prepared with nigari",12.68,9.99,4.39,,,,,Legumes and Legume Products,nigari 指盐卤凝固剂
sr_legacy_174296,sr_legacy,174296,重炸豆泥罐头，素食,"Refried beans, canned, vegetarian",5.28,0.87,13.5,,,,,Legumes and Legume Products,Refried beans 常见译为重炸豆泥/墨西哥豆泥
sr_legacy_174298,sr_legacy,174298,重炸豆泥罐头，传统风味，减钠,"Refried beans, canned, traditional, reduced sodium",4.98,2.01,13.55,,,,,Legumes and Legume Products,Refried beans 常见译为重炸豆泥/墨西哥豆泥
sr_legacy_174299,sr_legacy,174299,黄豆，成熟籽粒，煮熟，加盐,"Soybeans, mature seeds, cooked, boiled, with salt",18.21,8.97,8.36,,,,,Legumes and Legume Products,Soybean 译为黄豆
sr_legacy_174300,sr_legacy,174300,黄豆，成熟籽粒，烤制，不加盐,"Soybeans, mature seeds, roasted, no salt added",38.55,25.4,30.22,,,,,Legumes and Legume Products,Soybean 译为黄豆
sr_legacy_174301,sr_legacy,174301,大豆浓缩蛋白，酸洗法制成,"Soy protein concentrate, produced by acid wash",63.63,0.46,25.41,,,,,Legumes and Legume Products,
sr_legacy_174302,sr_legacy,174302,大豆分离蛋白，钾型,"Soy protein isolate, potassium type",88.32,0.53,2.59,,,,,Legumes and Legume Products,
sr_legacy_174303,sr_legacy,174303,高野豆腐（冻干豆腐），石膏制,"Tofu, dried-frozen (koyadofu), prepared with calcium sulfate",52.43,30.34,8.3,,,,,Legumes and Legume Products,calcium sulfate 指石膏凝固剂
sr_legacy_174304,sr_legacy,174304,炸豆腐，石膏制,"Tofu, fried, prepared with calcium sulfate",18.82,20.18,8.86,,,,,Legumes and Legume Products,calcium sulfate 指石膏凝固剂
sr_legacy_174305,sr_legacy,174305,腐乳（盐渍发酵豆腐），石膏制,"Tofu, salted and fermented (fuyu), prepared with calcium sulfate",8.15,8,5.15,,,,,Legumes and Legume Products,Fuyu 指腐乳/发酵豆腐；calcium sulfate 为石膏
sr_legacy_174306,sr_legacy,174306,豇豆，成熟籽粒，煮熟，加盐,"Yardlong beans, mature seeds, cooked, boiled, with salt",8.29,0.45,21.09,,,,,Legumes and Legume Products,Yardlong bean 译为豇豆/长豆角；此处为成熟籽粒
sr_legacy_174307,sr_legacy,174307,羔羊肉，修整零售切块混合，仅可分离瘦肉，外部脂肪修整至1/4英寸，Choice等级，生,"Lamb, composite of trimmed retail cuts, separable lean only, trimmed to 1/4"" fat, choice, raw",20.29,5.25,0.0,,,,,"Lamb, Veal, and Game Products",
sr_legacy_174308,sr_legacy,174308,羔羊肉，修整零售切块混合，仅可分离瘦肉，外部脂肪修整至1/4英寸，Choice等级，熟,"Lamb, composite of trimmed retail cuts, separable lean only, trimmed to 1/4"" fat, choice, cooked",28.22,9.52,0.0,,,,,"Lamb, Veal, and Game Products",
sr_legacy_174309,sr_legacy,174309,羔羊肉，修整零售切块混合，可分离脂肪，外部脂肪修整至1/4英寸，Choice等级，生,"Lamb, composite of trimmed retail cuts, separable fat, trimmed to 1/4"" fat, choice, raw",6.65,70.61,0.0,,,,,"Lamb, Veal, and Game Products",
sr_legacy_174310,sr_legacy,174310,羔羊肉，修整零售切块混合，可分离脂肪，外部脂肪修整至1/4英寸，Choice等级，熟,"Lamb, composite of trimmed retail cuts, separable fat, trimmed to 1/4"" fat, choice, cooked",12.16,59.18,0.0,,,,,"Lamb, Veal, and Game Products",
sr_legacy_174311,sr_legacy,174311,羔羊肉，整只羊腿（含小腿和沙朗），可分离瘦肉和脂肪，外部脂肪修整至1/4英寸，Choice等级，生,"Lamb, leg, whole (shank and sirloin), separable lean and fat, trimmed to 1/4"" fat, choice, raw",17.91,17.07,0.0,,,,,"Lamb, Veal, and Game Products",
sr_legacy_174312,sr_legacy,174312,羔羊肉，整只羊腿（含小腿和沙朗），可分离瘦肉和脂肪，外部脂肪修整至1/4英寸，Choice等级，熟，烤制,"Lamb, leg, whole (shank and sirloin), separable lean and fat, trimmed to 1/4"" fat, choice, cooked, roasted",25.55,16.48,0.0,,,,,"Lamb, Veal, and Game Products",
sr_legacy_174313,sr_legacy,174313,羔羊肉，整只羊腿（含小腿和沙朗），仅可分离瘦肉，外部脂肪修整至1/4英寸，Choice等级，生,"Lamb, leg, whole (shank and sirloin), separable lean only, trimmed to 1/4"" fat, choice, raw",20.56,4.51,0.0,,,,,"Lamb, Veal, and Game Products",
sr_legacy_174314,sr_legacy,174314,羔羊肉，整只羊腿（含小腿和沙朗），仅可分离瘦肉，外部脂肪修整至1/4英寸，Choice等级，熟，烤制,"Lamb, leg, whole (shank and sirloin), separable lean only, trimmed to 1/4"" fat, choice, cooked, roasted",28.3,7.74,0.0,,,,,"Lamb, Veal, and Game Products",
sr_legacy_174315,sr_legacy,174315,羊腿小腿半边，可分离瘦肉和脂肪，外部脂肪修整至1/4英寸，Choice等级，生,"Lamb, leg, shank half, separable lean and fat, trimmed to 1/4"" fat, choice, raw",18.58,13.49,0.0,,,,,"Lamb, Veal, and Game Products",
sr_legacy_174316,sr_legacy,174316,羊腿沙朗半边，可分离瘦肉和脂肪，外部脂肪修整至1/4英寸，Choice等级，熟，烤制,"Lamb, leg, sirloin half, separable lean and fat, trimmed to 1/4"" fat, choice, cooked, roasted",24.63,20.67,0.0,,,,,"Lamb, Veal, and Game Products",
sr_legacy_174317,sr_legacy,174317,羊腿沙朗半边，仅可分离瘦肉，外部脂肪修整至1/4英寸，Choice等级，生,"Lamb, leg, sirloin half, separable lean only, trimmed to 1/4"" fat, choice, raw",20.55,5.08,0.0,,,,,"Lamb, Veal, and Game Products",
sr_legacy_174318,sr_legacy,174318,羊腿沙朗半边，仅可分离瘦肉，外部脂肪修整至1/4英寸，Choice等级，熟，烤制,"Lamb, leg, sirloin half, separable lean only, trimmed to 1/4"" fat, choice, cooked, roasted",28.35,9.17,0.0,,,,,"Lamb, Veal, and Game Products",
sr_legacy_174319,sr_legacy,174319,羊腰肉，可分离瘦肉和脂肪，外部脂肪修整至1/4英寸，Choice等级，生,"Lamb, loin, separable lean and fat, trimmed to 1/4"" fat, choice, raw",16.32,26.63,0.0,,,,,"Lamb, Veal, and Game Products",
sr_legacy_174320,sr_legacy,174320,羊腰肉，仅可分离瘦肉，外部脂肪修整至1/4英寸，Choice等级，熟，烤制,"Lamb, loin, separable lean only, trimmed to 1/4"" fat, choice, cooked, roasted",26.59,9.76,0.0,,,,,"Lamb, Veal, and Game Products",
sr_legacy_174321,sr_legacy,174321,羔羊肋部肉，可分离瘦肉和脂肪，外部脂肪修至 1/4 英寸，Choice 等级，生,"Lamb, rib, separable lean and fat, trimmed to 1/4"" fat, choice, raw",14.52,34.39,0.0,,,,,"Lamb, Veal, and Game Products",
sr_legacy_174322,sr_legacy,174322,羔羊肋部肉，可分离瘦肉和脂肪，外部脂肪修至 1/4 英寸，Choice 等级，烤炙熟,"Lamb, rib, separable lean and fat, trimmed to 1/4"" fat, choice, cooked, broiled",22.13,29.59,0.0,,,,,"Lamb, Veal, and Game Products",
sr_legacy_174323,sr_legacy,174323,羔羊肋部肉，可分离瘦肉和脂肪，外部脂肪修至 1/4 英寸，Choice 等级，烤熟,"Lamb, rib, separable lean and fat, trimmed to 1/4"" fat, choice, cooked, roasted",21.12,29.82,0.0,,,,,"Lamb, Veal, and Game Products",
sr_legacy_174324,sr_legacy,174324,羔羊整肩肉（肩臂和肩胛），可分离瘦肉和脂肪，外部脂肪修至 1/4 英寸，Choice 等级，烤炙熟,"Lamb, shoulder, whole (arm and blade), separable lean and fat, trimmed to 1/4"" fat, choice, cooked, broiled",24.42,19.26,0.0,,,,,"Lamb, Veal, and Game Products",
sr_legacy_174325,sr_legacy,174325,羔羊整肩肉（肩臂和肩胛），可分离瘦肉和脂肪，外部脂肪修至 1/4 英寸，Choice 等级，烤熟,"Lamb, shoulder, whole (arm and blade), separable lean and fat, trimmed to 1/4"" fat, choice, cooked, roasted",22.51,19.97,0.0,,,,,"Lamb, Veal, and Game Products",
sr_legacy_174326,sr_legacy,174326,羔羊整肩肉（肩臂和肩胛），仅可分离瘦肉，外部脂肪修至 1/4 英寸，Choice 等级，生,"Lamb, shoulder, whole (arm and blade), separable lean only, trimmed to 1/4"" fat, choice, raw",19.55,6.76,0.0,,,,,"Lamb, Veal, and Game Products",
sr_legacy_174327,sr_legacy,174327,羔羊整肩肉（肩臂和肩胛），仅可分离瘦肉，外部脂肪修至 1/4 英寸，Choice 等级，炖煮熟,"Lamb, shoulder, whole (arm and blade), separable lean only, trimmed to 1/4"" fat, choice, cooked, braised",32.81,15.89,0.0,,,,,"Lamb, Veal, and Game Products",
sr_legacy_174328,sr_legacy,174328,羔羊肩臂肉，可分离瘦肉和脂肪，外部脂肪修至 1/4 英寸，Choice 等级，烤炙熟,"Lamb, shoulder, arm, separable lean and fat, trimmed to 1/4"" fat, choice, cooked, broiled",24.44,19.55,0.0,,,,,"Lamb, Veal, and Game Products",
sr_legacy_174329,sr_legacy,174329,羔羊肩臂肉，可分离瘦肉和脂肪，外部脂肪修至 1/4 英寸，Choice 等级，烤熟,"Lamb, shoulder, arm, separable lean and fat, trimmed to 1/4"" fat, choice, cooked, roasted",22.53,20.24,0.0,,,,,"Lamb, Veal, and Game Products",
sr_legacy_174330,sr_legacy,174330,羔羊肩臂肉，仅可分离瘦肉，外部脂肪修至 1/4 英寸，Choice 等级，生,"Lamb, shoulder, arm, separable lean only, trimmed to 1/4"" fat, choice, raw",19.99,5.2,0.0,,,,,"Lamb, Veal, and Game Products",
sr_legacy_174331,sr_legacy,174331,羔羊肩臂肉，仅可分离瘦肉，外部脂肪修至 1/4 英寸，Choice 等级，炖煮熟,"Lamb, shoulder, arm, separable lean only, trimmed to 1/4"" fat, choice, cooked, braised",35.54,14.08,0.0,,,,,"Lamb, Veal, and Game Products",
sr_legacy_174332,sr_legacy,174332,羔羊肩胛肉，可分离瘦肉和脂肪，外部脂肪修至 1/4 英寸，Choice 等级，烤炙熟,"Lamb, shoulder, blade, separable lean and fat, trimmed to 1/4"" fat, choice, cooked, broiled",23.08,19.94,0.0,,,,,"Lamb, Veal, and Game Products",
sr_legacy_174333,sr_legacy,174333,羔羊肩胛肉，可分离瘦肉和脂肪，外部脂肪修至 1/4 英寸，Choice 等级，烤熟,"Lamb, shoulder, blade, separable lean and fat, trimmed to 1/4"" fat, choice, cooked, roasted",22.25,20.61,0.0,,,,,"Lamb, Veal, and Game Products",
sr_legacy_174334,sr_legacy,174334,羔羊肩胛肉，仅可分离瘦肉，外部脂肪修至 1/4 英寸，Choice 等级，生,"Lamb, shoulder, blade, separable lean only, trimmed to 1/4"" fat, choice, raw",19.29,7.63,0.0,,,,,"Lamb, Veal, and Game Products",
sr_legacy_174335,sr_legacy,174335,羔羊肩胛肉，仅可分离瘦肉，外部脂肪修至 1/4 英寸，Choice 等级，炖煮熟,"Lamb, shoulder, blade, separable lean only, trimmed to 1/4"" fat, choice, cooked, braised",32.35,16.64,0.0,,,,,"Lamb, Veal, and Game Products",
sr_legacy_174336,sr_legacy,174336,新西兰进口，冷冻，羔羊肉，修整零售切块混合，可分离瘦肉和脂肪，生,"Lamb, New Zealand, imported, frozen, composite of trimmed retail cuts, separable lean and fat, raw",16.74,22.74,0.0,,,,,"Lamb, Veal, and Game Products",
sr_legacy_174337,sr_legacy,174337,新西兰进口，冷冻，羔羊肉，修整零售切块混合，可分离瘦肉和脂肪，熟,"Lamb, New Zealand, imported, frozen, composite of trimmed retail cuts, separable lean and fat, cooked",24.42,22.26,0.0,,,,,"Lamb, Veal, and Game Products",
sr_legacy_174338,sr_legacy,174338,新西兰进口，冷冻，羔羊肉，修整零售切块混合，仅可分离瘦肉，生,"Lamb, New Zealand, imported, frozen, composite of trimmed retail cuts, separable lean only, raw",20.75,4.41,0.0,,,,,"Lamb, Veal, and Game Products",
sr_legacy_174339,sr_legacy,174339,新西兰进口，冷冻，羔羊肉，修整零售切块混合，仅可分离瘦肉，熟,"Lamb, New Zealand, imported, frozen, composite of trimmed retail cuts, separable lean only, cooked",29.59,8.86,0.0,,,,,"Lamb, Veal, and Game Products",
sr_legacy_174340,sr_legacy,174340,新西兰进口，羊前腱，仅可分离瘦肉，生,"Lamb, New Zealand, imported, fore-shank, separable lean only, raw",22.05,3.77,0.0,,,,,"Lamb, Veal, and Game Products",
sr_legacy_174341,sr_legacy,174341,新西兰进口，羊前腱，仅可分离瘦肉，熟，炖煮,"Lamb, New Zealand, imported, fore-shank, separable lean only, cooked, braised",33.31,8.4,0.0,,,,,"Lamb, Veal, and Game Products",
sr_legacy_174342,sr_legacy,174342,新西兰进口羔羊腿排/肉排，带骨，可分离瘦肉和脂肪，生,"Lamb, New Zealand, imported, leg chop/steak, bone-in, separable lean and fat, raw",18.64,14.52,0.13,,,,,"Lamb, Veal, and Game Products",
sr_legacy_174343,sr_legacy,174343,新西兰进口，冷冻，羔羊肉，整只羊腿（含小腿和沙朗），可分离瘦肉和脂肪，熟，烤制,"Lamb, New Zealand, imported, frozen, leg, whole (shank and sirloin), separable lean and fat, cooked, roasted",24.81,15.56,0.0,,,,,"Lamb, Veal, and Game Products",
sr_legacy_174344,sr_legacy,174344,驼鹿肉，生,"Game meat, moose, raw",22.24,0.74,0.0,,,,,"Lamb, Veal, and Game Products",Moose 译为驼鹿肉
sr_legacy_174345,sr_legacy,174345,驼鹿肉，熟，烤制,"Game meat, moose, cooked, roasted",29.27,0.97,0.0,,,,,"Lamb, Veal, and Game Products",Moose 译为驼鹿肉
sr_legacy_174346,sr_legacy,174346,家兔肉，综合切块，熟，炖制,"Game meat, rabbit, domesticated, composite of cuts, cooked, stewed",30.38,8.41,0.0,,,,,"Lamb, Veal, and Game Products",
sr_legacy_174347,sr_legacy,174347,野兔肉，生,"Game meat, rabbit, wild, raw",21.79,2.32,0.0,,,,,"Lamb, Veal, and Game Products",
sr_legacy_174348,sr_legacy,174348,野兔肉，熟，炖制,"Game meat, rabbit, wild, cooked, stewed",33.02,3.51,0.0,,,,,"Lamb, Veal, and Game Products",
sr_legacy_174349,sr_legacy,174349,浣熊肉，熟，烤制,"Game meat, raccoon, cooked, roasted",29.2,14.5,0.0,,,,,"Lamb, Veal, and Game Products",少见野味，中文按浣熊肉处理
sr_legacy_174350,sr_legacy,174350,羔羊脑，平底锅煎熟,"Lamb, variety meats and by-products, brain, cooked, pan-fried",16.97,22.19,0.0,,,,,"Lamb, Veal, and Game Products",
sr_legacy_174351,sr_legacy,174351,小牛脑，生,"Veal, variety meats and by-products, brain, raw",10.32,8.21,0.0,,,,,"Lamb, Veal, and Game Products",
sr_legacy_174352,sr_legacy,174352,小牛脑，炖煮熟,"Veal, variety meats and by-products, brain, cooked, braised",11.48,9.63,0.0,,,,,"Lamb, Veal, and Game Products",
sr_legacy_174353,sr_legacy,174353,小牛脑，平底锅煎熟,"Veal, variety meats and by-products, brain, cooked, pan-fried",14.48,16.75,0.0,,,,,"Lamb, Veal, and Game Products",
sr_legacy_174354,sr_legacy,174354,羔羊肾，生,"Lamb, variety meats and by-products, kidneys, raw",15.74,2.95,0.82,,,,,"Lamb, Veal, and Game Products",
sr_legacy_174355,sr_legacy,174355,羔羊肾，炖煮熟,"Lamb, variety meats and by-products, kidneys, cooked, braised",23.65,3.62,0.99,,,,,"Lamb, Veal, and Game Products",
sr_legacy_174356,sr_legacy,174356,小牛肾，生,"Veal, variety meats and by-products, kidneys, raw",15.76,3.12,0.85,,,,,"Lamb, Veal, and Game Products",
sr_legacy_174357,sr_legacy,174357,小牛肾，炖煮熟,"Veal, variety meats and by-products, kidneys, cooked, braised",26.32,5.66,0.0,,,,,"Lamb, Veal, and Game Products",
sr_legacy_174358,sr_legacy,174358,小牛肝，平底锅煎熟,"Veal, variety meats and by-products, liver, cooked, pan-fried",27.37,6.51,4.47,,,,,"Lamb, Veal, and Game Products",
sr_legacy_174359,sr_legacy,174359,羔羊肺，生,"Lamb, variety meats and by-products, lungs, raw",16.7,2.6,0.0,,,,,"Lamb, Veal, and Game Products",
sr_legacy_174360,sr_legacy,174360,羔羊肺，炖煮熟,"Lamb, variety meats and by-products, lungs, cooked, braised",19.88,3.1,0.0,,,,,"Lamb, Veal, and Game Products",
sr_legacy_174361,sr_legacy,174361,小牛肺，生,"Veal, variety meats and by-products, lungs, raw",16.3,2.3,0.0,,,,,"Lamb, Veal, and Game Products",
sr_legacy_174362,sr_legacy,174362,小牛胰腺，生,"Veal, variety meats and by-products, pancreas, raw",15.0,13.1,0.0,,,,,"Lamb, Veal, and Game Products",小牛内脏/副产品，术语需按实际食材核对
sr_legacy_174363,sr_legacy,174363,小牛胰腺，炖煮熟,"Veal, variety meats and by-products, pancreas, cooked, braised",29.1,14.6,0.0,,,,,"Lamb, Veal, and Game Products",小牛内脏/副产品，术语需按实际食材核对
sr_legacy_174364,sr_legacy,174364,羔羊脾，生,"Lamb, variety meats and by-products, spleen, raw",17.2,3.1,0.0,,,,,"Lamb, Veal, and Game Products",
sr_legacy_174365,sr_legacy,174365,羔羊脾，炖煮熟,"Lamb, variety meats and by-products, spleen, cooked, braised",26.46,4.77,0.0,,,,,"Lamb, Veal, and Game Products",
sr_legacy_174366,sr_legacy,174366,羔羊舌，生,"Lamb, variety meats and by-products, tongue, raw",15.7,17.17,0.0,,,,,"Lamb, Veal, and Game Products",
sr_legacy_174367,sr_legacy,174367,羔羊舌，炖煮熟,"Lamb, variety meats and by-products, tongue, cooked, braised",21.57,20.28,0.0,,,,,"Lamb, Veal, and Game Products",
sr_legacy_174368,sr_legacy,174368,小牛舌，生,"Veal, variety meats and by-products, tongue, raw",17.18,5.48,1.91,,,,,"Lamb, Veal, and Game Products",
sr_legacy_174369,sr_legacy,174369,小牛舌，炖煮熟,"Veal, variety meats and by-products, tongue, cooked, braised",25.85,10.1,0.0,,,,,"Lamb, Veal, and Game Products",
sr_legacy_174370,sr_legacy,174370,羊绞肉，生,"Lamb, ground, raw",16.56,23.41,0.0,,,,,"Lamb, Veal, and Game Products",
sr_legacy_174371,sr_legacy,174371,羊前腱，可分离瘦肉和脂肪，外部脂肪修整至1/8英寸，熟，炖煮,"Lamb, foreshank, separable lean and fat, trimmed to 1/8"" fat, cooked, braised",28.37,13.46,0.0,,,,,"Lamb, Veal, and Game Products",
sr_legacy_174372,sr_legacy,174372,羔羊肉，整只羊腿（含小腿和沙朗），可分离瘦肉和脂肪，外部脂肪修整至1/8英寸，Choice等级，生,"Lamb, leg, whole (shank and sirloin), separable lean and fat, trimmed to 1/8"" fat, choice, raw",18.47,14.42,0.0,,,,,"Lamb, Veal, and Game Products",
sr_legacy_174373,sr_legacy,174373,羔羊肉，整只羊腿（含小腿和沙朗），可分离瘦肉和脂肪，外部脂肪修整至1/8英寸，Choice等级，熟，烤制,"Lamb, leg, whole (shank and sirloin), separable lean and fat, trimmed to 1/8"" fat, choice, cooked, roasted",26.2,14.42,0.0,,,,,"Lamb, Veal, and Game Products",
sr_legacy_174374,sr_legacy,174374,羊腿小腿半边，可分离瘦肉和脂肪，外部脂肪修整至1/8英寸，Choice等级，生,"Lamb, leg, shank half, separable lean and fat, trimmed to 1/8"" fat, choice, raw",18.99,11.5,0.0,,,,,"Lamb, Veal, and Game Products",
sr_legacy_174375,sr_legacy,174375,羊腰肉，可分离瘦肉和脂肪，外部脂肪修整至1/8英寸，Choice等级，熟，炙烤,"Lamb, loin, separable lean and fat, trimmed to 1/8"" fat, choice, cooked, broiled",26.06,20.61,0.0,,,,,"Lamb, Veal, and Game Products",
sr_legacy_174376,sr_legacy,174376,羊腰肉，可分离瘦肉和脂肪，外部脂肪修整至1/8英寸，Choice等级，熟，烤制,"Lamb, loin, separable lean and fat, trimmed to 1/8"" fat, choice, cooked, roasted",23.27,21.12,0.0,,,,,"Lamb, Veal, and Game Products",
sr_legacy_174377,sr_legacy,174377,羔羊肋部肉，可分离瘦肉和脂肪，外部脂肪修至 1/8 英寸，Choice 等级，生,"Lamb, rib, separable lean and fat, trimmed to 1/8"" fat, choice, raw",15.32,30.71,0.0,,,,,"Lamb, Veal, and Game Products",
sr_legacy_174378,sr_legacy,174378,羔羊肋部肉，可分离瘦肉和脂肪，外部脂肪修至 1/8 英寸，Choice 等级，烤炙熟,"Lamb, rib, separable lean and fat, trimmed to 1/8"" fat, choice, cooked, broiled",23.06,26.82,0.0,,,,,"Lamb, Veal, and Game Products",
sr_legacy_174379,sr_legacy,174379,羔羊整肩肉（肩臂和肩胛），可分离瘦肉和脂肪，外部脂肪修至 1/8 英寸，Choice 等级，烤熟,"Lamb, shoulder, whole (arm and blade), separable lean and fat, trimmed to 1/8"" fat, choice, cooked, roasted",22.7,19.08,0.0,,,,,"Lamb, Veal, and Game Products",
sr_legacy_174380,sr_legacy,174380,羔羊肩臂肉，可分离瘦肉和脂肪，外部脂肪修至 1/8 英寸，Choice 等级，生,"Lamb, shoulder, arm, separable lean and fat, trimmed to 1/8"" fat, choice, raw",17.19,18.94,0.0,,,,,"Lamb, Veal, and Game Products",
sr_legacy_174381,sr_legacy,174381,羔羊肩臂肉，可分离瘦肉和脂肪，外部脂肪修至 1/8 英寸，Choice 等级，炖煮熟,"Lamb, shoulder, arm, separable lean and fat, trimmed to 1/8"" fat, choice, cooked, braised",31.1,22.65,0.0,,,,,"Lamb, Veal, and Game Products",
sr_legacy_174382,sr_legacy,174382,羔羊肩臂肉，可分离瘦肉和脂肪，外部脂肪修至 1/8 英寸，烤炙熟,"Lamb, shoulder, arm, separable lean and fat, trimmed to 1/8"" fat, cooked, broiled",24.91,18.05,0.0,,,,,"Lamb, Veal, and Game Products",
sr_legacy_174383,sr_legacy,174383,羔羊肩臂肉，可分离瘦肉和脂肪，外部脂肪修至 1/8 英寸，Choice 等级，烤熟,"Lamb, shoulder, arm, separable lean and fat, trimmed to 1/8"" fat, choice, roasted",22.93,18.75,0.0,,,,,"Lamb, Veal, and Game Products",
sr_legacy_174384,sr_legacy,174384,新西兰进口，冷冻，羔羊肉，修整零售切块混合，可分离瘦肉和脂肪，外部脂肪修整至1/8英寸，生,"Lamb, New Zealand, imported, frozen, composite of trimmed retail cuts, separable lean and fat, trimmed to 1/8"" fat, raw",17.95,17.2,0.0,,,,,"Lamb, Veal, and Game Products",
sr_legacy_174385,sr_legacy,174385,新西兰进口，冷冻，羔羊肉，修整零售切块混合，可分离瘦肉和脂肪，外部脂肪修整至1/8英寸，熟,"Lamb, New Zealand, imported, frozen, composite of trimmed retail cuts, separable lean and fat, trimmed to 1/8"" fat, cooked",25.26,17.98,0.0,,,,,"Lamb, Veal, and Game Products",
sr_legacy_174386,sr_legacy,174386,新西兰进口，冷冻，羊前腱，可分离瘦肉和脂肪，外部脂肪修整至1/8英寸，生,"Lamb, New Zealand, imported, frozen, foreshank, separable lean and fat, trimmed to 1/8"" fat, raw",18.04,16.15,0.0,,,,,"Lamb, Veal, and Game Products",
sr_legacy_174387,sr_legacy,174387,新西兰进口，冷冻，羊前腱，可分离瘦肉和脂肪，外部脂肪修整至1/8英寸，熟，炖煮,"Lamb, New Zealand, imported, frozen, foreshank, separable lean and fat, trimmed to 1/8"" fat, cooked, braised",26.97,15.83,0.0,,,,,"Lamb, Veal, and Game Products",
sr_legacy_174388,sr_legacy,174388,新西兰进口，冷冻，羊肋肉，可分离瘦肉和脂肪，外部脂肪修整至1/8英寸，生,"Lamb, new zealand, imported, frozen, rib, separable lean and fat, trimmed to 1/8"" fat, raw",15.87,27.0,0.0,,,,,"Lamb, Veal, and Game Products",
sr_legacy_174389,sr_legacy,174389,新西兰进口，冷冻，羊肋肉，可分离瘦肉和脂肪，外部脂肪修整至1/8英寸，熟，烤制,"Lamb, New Zealand, imported, frozen, rib, separable lean and fat, trimmed to 1/8"" fat, cooked, roasted",19.86,25.74,0.0,,,,,"Lamb, Veal, and Game Products",
sr_legacy_174390,sr_legacy,174390,新西兰进口，冷冻，羔羊肉，整肩（臂部和肩胛），可分离瘦肉和脂肪，外部脂肪修整至1/8英寸，生,"Lamb, New Zealand, imported, frozen, shoulder, whole (arm and blade), separable lean and fat, trimmed to 1/8"" fat, raw",17.19,19.74,0.0,,,,,"Lamb, Veal, and Game Products",
sr_legacy_174391,sr_legacy,174391,新西兰进口，冷冻，羔羊肉，整肩（臂部和肩胛），可分离瘦肉和脂肪，外部脂肪修整至1/8英寸，熟，炖煮,"Lamb, New Zealand, imported, frozen, shoulder, whole (arm and blade), separable lean and fat, trimmed to 1/8"" fat, cooked, braised",29.43,24.03,0.0,,,,,"Lamb, Veal, and Game Products",
sr_legacy_174392,sr_legacy,174392,小牛整块胸肉，去骨，可分离瘦肉和脂肪，生,"Veal, breast, whole, boneless, separable lean and fat, raw",17.47,14.75,0.0,,,,,"Lamb, Veal, and Game Products",
sr_legacy_174393,sr_legacy,174393,小牛整块胸肉，去骨，可分离瘦肉和脂肪，炖煮熟,"Veal, breast, whole, boneless, separable lean and fat, cooked, braised",26.97,16.77,0.0,,,,,"Lamb, Veal, and Game Products",
sr_legacy_174394,sr_legacy,174394,小牛胸腹侧半，去骨，可分离瘦肉和脂肪，炖煮熟,"Veal, breast, plate half, boneless, separable lean and fat, cooked, braised",25.93,18.95,0.0,,,,,"Lamb, Veal, and Game Products",plate half/point half 为胸肉分割方式，已意译
sr_legacy_174395,sr_legacy,174395,小牛胸肉尖端半，去骨，可分离瘦肉和脂肪，炖煮熟,"Veal, breast, point half, boneless, separable lean and fat, cooked, braised",28.23,14.16,0.0,,,,,"Lamb, Veal, and Game Products",plate half/point half 为胸肉分割方式，已意译
sr_legacy_174396,sr_legacy,174396,小牛整块胸肉，去骨，仅可分离瘦肉，炖煮熟,"Veal, breast, whole, boneless, separable lean only, cooked, braised",30.32,9.8,0.0,,,,,"Lamb, Veal, and Game Products",
sr_legacy_174397,sr_legacy,174397,澳大利亚进口，鲜，羔羊肉，修整零售切块混合，可分离瘦肉和脂肪，外部脂肪修整至1/8英寸，生,"Lamb, Australian, imported, fresh, composite of trimmed retail cuts, separable lean and fat, trimmed to 1/8"" fat, raw",17.84,16.97,0.0,,,,,"Lamb, Veal, and Game Products",
sr_legacy_174398,sr_legacy,174398,澳大利亚进口，鲜，羔羊肉，修整零售切块混合，可分离瘦肉和脂肪，外部脂肪修整至1/8英寸，熟,"Lamb, Australian, imported, fresh, composite of trimmed retail cuts, separable lean and fat, trimmed to 1/8"" fat, cooked",24.52,16.82,0.0,,,,,"Lamb, Veal, and Game Products",
sr_legacy_174399,sr_legacy,174399,澳大利亚进口，鲜，羔羊肉，修整零售切块混合，仅可分离瘦肉，外部脂肪修整至1/8英寸，生,"Lamb, Australian, imported, fresh, composite of trimmed retail cuts, separable lean only, trimmed to 1/8"" fat, raw",20.25,6.18,0.0,,,,,"Lamb, Veal, and Game Products",
sr_legacy_174400,sr_legacy,174400,澳大利亚进口，鲜，羔羊肉，修整零售切块混合，仅可分离瘦肉，外部脂肪修整至1/8英寸，熟,"Lamb, Australian, imported, fresh, composite of trimmed retail cuts, separable lean only, trimmed to 1/8"" fat, cooked",26.71,9.63,0.0,,,,,"Lamb, Veal, and Game Products",
sr_legacy_174401,sr_legacy,174401,澳大利亚进口，鲜，羊前腱，仅可分离瘦肉，外部脂肪修整至1/8英寸，生,"Lamb, Australian, imported, fresh, foreshank, separable lean only, trimmed to 1/8"" fat, raw",20.83,3.81,0.0,,,,,"Lamb, Veal, and Game Products",
sr_legacy_174402,sr_legacy,174402,澳大利亚进口，鲜，羊前腱，仅可分离瘦肉，外部脂肪修整至1/8英寸，熟，炖煮,"Lamb, Australian, imported, fresh, foreshank, separable lean only, trimmed to 1/8"" fat, cooked, braised",27.5,5.22,0.0,,,,,"Lamb, Veal, and Game Products",
sr_legacy_174403,sr_legacy,174403,澳大利亚进口，鲜，羔羊肉，整只羊腿（含小腿和沙朗），可分离瘦肉和脂肪，外部脂肪修整至1/8英寸，生,"Lamb, Australian, imported, fresh, leg, whole (shank and sirloin), separable lean and fat, trimmed to 1/8"" fat, raw",18.24,15.19,0.0,,,,,"Lamb, Veal, and Game Products",
sr_legacy_174404,sr_legacy,174404,澳大利亚进口，鲜，羔羊肉，整只羊腿（含小腿和沙朗），可分离瘦肉和脂肪，外部脂肪修整至1/8英寸，熟，烤制,"Lamb, Australian, imported, fresh, leg, whole (shank and sirloin), separable lean and fat, trimmed to 1/8"" fat, cooked, roasted",25.16,15.13,0.0,,,,,"Lamb, Veal, and Game Products",
sr_legacy_174405,sr_legacy,174405,澳大利亚进口，鲜，羊腿小腿半边，仅可分离瘦肉，外部脂肪修整至1/8英寸，熟，烤制,"Lamb, Australian, imported, fresh, leg, shank half, separable lean only, trimmed to 1/8"" fat, cooked, roasted",27.18,7.27,0.0,,,,,"Lamb, Veal, and Game Products",
sr_legacy_174406,sr_legacy,174406,澳大利亚进口，鲜，羊腿沙朗半边，可分离瘦肉和脂肪，去骨，外部脂肪修整至1/8英寸，生,"Lamb, Australian, imported, fresh, leg, sirloin half, boneless, separable lean and fat, trimmed to 1/8"" fat, raw",17.25,20.0,0.0,,,,,"Lamb, Veal, and Game Products",
sr_legacy_174407,sr_legacy,174407,澳大利亚进口，鲜，羊腿沙朗半边，可分离瘦肉和脂肪，去骨，外部脂肪修整至1/8英寸，熟，烤制,"Lamb, Australian, imported, fresh, leg, sirloin half, boneless, separable lean and fat, trimmed to 1/8"" fat, cooked, roasted",24.88,19.38,0.0,,,,,"Lamb, Veal, and Game Products",
sr_legacy_174408,sr_legacy,174408,澳大利亚进口，鲜，羊腿沙朗半边，仅可分离瘦肉，去骨，外部脂肪修整至1/8英寸，生,"Lamb, Australian, imported, fresh, leg, sirloin half, boneless, separable lean only, trimmed to 1/8"" fat, raw",20.48,5.64,0.0,,,,,"Lamb, Veal, and Game Products",
sr_legacy_174409,sr_legacy,174409,澳大利亚进口，鲜，羊腿沙朗排，仅可分离瘦肉，去骨，外部脂肪修整至1/8英寸，熟，炙烤,"Lamb, Australian, imported, fresh, leg, sirloin chops, boneless, separable lean only, trimmed to 1/8"" fat, cooked, broiled",27.63,7.8,0.0,,,,,"Lamb, Veal, and Game Products",
sr_legacy_174410,sr_legacy,174410,澳大利亚进口，鲜，羊腿中切片，可分离瘦肉和脂肪，带骨，外部脂肪修整至1/8英寸，生,"Lamb, Australian, imported, fresh, leg, center slice, bone-in, separable lean and fat, trimmed to 1/8"" fat, raw",19.17,12.56,0.0,,,,,"Lamb, Veal, and Game Products",
sr_legacy_174411,sr_legacy,174411,澳大利亚进口，鲜，羊腿中切片，可分离瘦肉和脂肪，带骨，外部脂肪修整至1/8英寸，熟，炙烤,"Lamb, Australian, imported, fresh, leg, center slice, bone-in, separable lean and fat, trimmed to 1/8"" fat, cooked, broiled",25.54,11.78,0.0,,,,,"Lamb, Veal, and Game Products",
sr_legacy_174412,sr_legacy,174412,澳大利亚进口，鲜，羊腿中切片，仅可分离瘦肉，带骨，外部脂肪修整至1/8英寸，生,"Lamb, Australian, imported, fresh, leg, center slice, bone-in, separable lean only, trimmed to 1/8"" fat, raw",20.65,6.08,0.0,,,,,"Lamb, Veal, and Game Products",
sr_legacy_174413,sr_legacy,174413,澳大利亚进口，鲜，羊腰肉，仅可分离瘦肉，外部脂肪修整至1/8英寸，熟，炙烤,"Lamb, Australian, imported, fresh, loin, separable lean only, trimmed to 1/8"" fat, cooked, broiled",26.53,8.75,0.0,,,,,"Lamb, Veal, and Game Products",
sr_legacy_174414,sr_legacy,174414,澳大利亚进口，鲜，羔羊肉，法式修骨肋排切片/羊排架烤肉，可分离瘦肉和脂肪，带骨，外部脂肪修整至1/8英寸，生,"Lamb, Australian, imported, fresh, rib chop/rack roast, frenched, bone-in, separable lean and fat, trimmed to 1/8"" fat, raw",21.26,16.89,0.0,,,,,"Lamb, Veal, and Game Products",Frenched 指法式修骨，保留为“法式修骨”
sr_legacy_174415,sr_legacy,174415,澳大利亚进口，鲜，羔羊肉，法式修骨肋排切片，可分离瘦肉和脂肪，带骨，外部脂肪修整至1/8英寸，熟，烤架烤制,"Lamb, Australian, imported, fresh, rib chop, frenched, bone-in, separable lean and fat, trimmed to 1/8"" fat, cooked, grilled",28.48,21.2,0.0,,,,,"Lamb, Veal, and Game Products",Frenched 指法式修骨，保留为“法式修骨”
sr_legacy_174416,sr_legacy,174416,澳大利亚进口，鲜，羔羊肉，法式修骨肋排切片/羊排架烤肉，仅可分离瘦肉，带骨，外部脂肪修整至1/8英寸，生,"Lamb, Australian, imported, fresh, rib chop/rack roast, frenched, bone-in, separable lean only, trimmed to 1/8"" fat, raw",24.07,5.59,0.0,,,,,"Lamb, Veal, and Game Products",Frenched 指法式修骨，保留为“法式修骨”
sr_legacy_174417,sr_legacy,174417,澳大利亚进口，鲜，羊肩臂肉，可分离瘦肉和脂肪，外部脂肪修整至1/8英寸，生,"Lamb, Australian, imported, fresh, shoulder, arm, separable lean and fat, trimmed to 1/8"" fat, raw",17.06,18.89,0.0,,,,,"Lamb, Veal, and Game Products",
sr_legacy_174418,sr_legacy,174418,澳大利亚进口，鲜，羊肩臂肉，可分离瘦肉和脂肪，外部脂肪修整至1/8英寸，熟，炖煮,"Lamb, Australian, imported, fresh, shoulder, arm, separable lean and fat, trimmed to 1/8"" fat, cooked, braised",29.7,20.38,0.0,,,,,"Lamb, Veal, and Game Products",
sr_legacy_174419,sr_legacy,174419,澳大利亚进口，鲜，羊肩臂肉，仅可分离瘦肉，外部脂肪修整至1/8英寸，生,"Lamb, Australian, imported, fresh, shoulder, arm, separable lean only, trimmed to 1/8"" fat, raw",19.88,5.81,0.0,,,,,"Lamb, Veal, and Game Products",
sr_legacy_174420,sr_legacy,174420,澳大利亚进口，鲜，羊肩臂肉，仅可分离瘦肉，外部脂肪修整至1/8英寸，熟，炖煮,"Lamb, Australian, imported, fresh, shoulder, arm, separable lean only,   trimmed to 1/8"" fat, cooked, braised",34.17,10.23,0.0,,,,,"Lamb, Veal, and Game Products",
sr_legacy_174421,sr_legacy,174421,美洲野牛肉，绞肉，生,"Game meat , bison, ground, raw",18.67,15.93,0.0,,,,,"Lamb, Veal, and Game Products",
sr_legacy_174422,sr_legacy,174422,美洲野牛肉，绞肉，熟，平底锅煎烤,"Game meat, bison, ground, cooked, pan-broiled",23.77,15.13,0.0,,,,,"Lamb, Veal, and Game Products",
sr_legacy_174423,sr_legacy,174423,美洲野牛肉，上沙朗，仅可分离瘦肉，1英寸牛排切片，熟，炙烤,"Game meat , bison, top sirloin, separable lean only, 1"" steak, cooked, broiled",28.05,5.65,0.0,,,,,"Lamb, Veal, and Game Products",
sr_legacy_174424,sr_legacy,174424,美洲野牛肉，肩胛肉，仅可分离瘦肉，熟，炖煮,"Game meat, bison, chuck, shoulder clod, separable lean only, cooked, braised",33.78,5.43,0.0,,,,,"Lamb, Veal, and Game Products",
sr_legacy_174425,sr_legacy,174425,麋鹿肉，绞肉，生,"Game meat, elk, ground, raw",21.76,8.82,0.0,,,,,"Lamb, Veal, and Game Products",Elk 按北美语境译为麋鹿肉
sr_legacy_174426,sr_legacy,174426,麋鹿肉，绞肉，熟，平底锅煎烤,"Game meat, elk, ground, cooked, pan-broiled",26.64,8.74,0.0,,,,,"Lamb, Veal, and Game Products",Elk 按北美语境译为麋鹿肉
sr_legacy_174427,sr_legacy,174427,麋鹿肉，腰肉，仅可分离瘦肉，熟，炙烤,"Game meat, elk, loin, separable lean only, cooked, broiled",31.0,3.84,0.0,,,,,"Lamb, Veal, and Game Products",Elk 按北美语境译为麋鹿肉
sr_legacy_174428,sr_legacy,174428,麋鹿肉，后腿肉，仅可分离瘦肉，熟，炙烤,"Game meat, elk, round, separable lean only, cooked, broiled",30.94,2.64,0.0,,,,,"Lamb, Veal, and Game Products",Elk 按北美语境译为麋鹿肉
sr_legacy_174429,sr_legacy,174429,麋鹿肉，里脊肉，仅可分离瘦肉，熟，炙烤,"Game meat, elk, tenderloin, separable lean only, cooked, broiled",30.76,3.41,0.0,,,,,"Lamb, Veal, and Game Products",Elk 按北美语境译为麋鹿肉
sr_legacy_174430,sr_legacy,174430,鹿肉，里脊肉，仅可分离瘦肉，熟，炙烤,"Game meat, deer, tenderloin, separable lean only, cooked, broiled",29.9,2.35,0.0,,,,,"Lamb, Veal, and Game Products",
sr_legacy_174431,sr_legacy,174431,鹿肉，后腿上肉，仅可分离瘦肉，1英寸牛排切片，熟，炙烤,"Game meat, deer, top round, separable lean only, 1"" steak, cooked, broiled",31.47,1.92,0.0,,,,,"Lamb, Veal, and Game Products",
sr_legacy_174432,sr_legacy,174432,澳大利亚小牛前小腿，带骨，仅可分离瘦肉，生,"Veal, Australian, shank, fore, bone-in, separable lean only, raw",20.18,4.65,0.0,,,,,"Lamb, Veal, and Game Products",
sr_legacy_174433,sr_legacy,174433,澳大利亚小牛前小腿，带骨，可分离瘦肉和脂肪，生,"Veal, Australian, shank, fore, bone-in, separable lean and fat, raw",19.58,7.42,0.0,,,,,"Lamb, Veal, and Game Products",
sr_legacy_174434,sr_legacy,174434,新西兰进口，肌间脂肪，生,"Lamb, New Zealand, imported, Intermuscular fat, raw",4.63,68.53,1.26,,,,,"Lamb, Veal, and Game Products",intermuscular fat 指肌间脂肪
sr_legacy_174435,sr_legacy,174435,新西兰进口羔羊皮下脂肪，生,"Lamb, New Zealand, imported, subcutaneous fat, raw",3.87,76.16,0.55,,,,,"Lamb, Veal, and Game Products",
sr_legacy_174436,sr_legacy,174436,新西兰进口，羊脑，熟，浸泡后油煎,"Lamb, New Zealand, imported, brains, cooked, soaked and fried",14.03,10.92,0.0,,,,,"Lamb, Veal, and Game Products",
sr_legacy_174437,sr_legacy,174437,新西兰进口，羊脑，生,"Lamb, New Zealand, imported, brains, raw",11.33,8.03,0.0,,,,,"Lamb, Veal, and Game Products",
sr_legacy_174438,sr_legacy,174438,新西兰进口，羊臀腰肉（chump），仅可分离瘦肉，去骨，生,"Lamb, New Zealand, imported, chump, boneless, separable lean only, raw",21.68,3.83,0.0,,,,,"Lamb, Veal, and Game Products",chump 为英式/澳新羊肉分割，按臀腰部位处理
sr_legacy_174439,sr_legacy,174439,新西兰进口羔羊肾，浸泡后煎熟,"Lamb, New Zealand, imported, kidney, cooked, soaked and fried",19.78,3.56,0.18,,,,,"Lamb, Veal, and Game Products",
sr_legacy_174440,sr_legacy,174440,新西兰进口，羊腹板肉，仅可分离瘦肉，去骨，熟，炖煮,"Lamb, New Zealand, imported, flap, boneless, separable lean only, cooked, braised",27.88,13.6,0.0,,,,,"Lamb, Veal, and Game Products",
sr_legacy_174441,sr_legacy,174441,新西兰进口，羊腹板肉，仅可分离瘦肉，去骨，生,"Lamb, New Zealand, imported, flap, boneless, separable lean only, raw",21.72,10.31,0.0,,,,,"Lamb, Veal, and Game Products",
sr_legacy_174442,sr_legacy,174442,新西兰进口羔羊肾，生,"Lamb, New Zealand, imported, kidney, raw",15.21,2.54,0.03,,,,,"Lamb, Veal, and Game Products",
sr_legacy_174443,sr_legacy,174443,新西兰进口，羊心，熟，浸泡后小火炖煮,"Lamb, New Zealand, imported, heart, cooked, soaked and simmered",26.26,6.21,0.0,,,,,"Lamb, Veal, and Game Products",
sr_legacy_174444,sr_legacy,174444,新西兰进口，羊心，生,"Lamb, New Zealand, imported, heart, raw",18.09,3.68,0.0,,,,,"Lamb, Veal, and Game Products",
sr_legacy_174445,sr_legacy,174445,新西兰进口羔羊 sweetbread（胸腺/胰腺），浸泡后炖煮熟,"Lamb, New Zealand, imported, sweetbread, cooked, soaked and simmered",21.13,6.61,0.0,,,,,"Lamb, Veal, and Game Products",sweetbread 常指胸腺或胰腺，中文保留说明
sr_legacy_174446,sr_legacy,174446,新西兰进口羔羊 sweetbread（胸腺/胰腺），生,"Lamb, New Zealand, imported, sweetbread, raw",11.0,3.16,0.0,,,,,"Lamb, Veal, and Game Products",sweetbread 常指胸腺或胰腺，中文保留说明
sr_legacy_174447,sr_legacy,174447,新西兰进口羔羊隧道去骨腿肉，去臀尖和小腿，仅可分离瘦肉，慢烤熟,"Lamb, New Zealand, imported, tunnel-boned leg, chump off, shank off, separable lean only, cooked, slow roasted",25.29,6.44,0.0,,,,,"Lamb, Veal, and Game Products",tunnel-boned/chump 为新西兰羊腿切割术语，已按部位说明翻译
sr_legacy_174448,sr_legacy,174448,新西兰进口羔羊隧道去骨腿肉，去臀尖和小腿，仅可分离瘦肉，生,"Lamb, New Zealand, imported, tunnel-boned leg, chump off, shank off, separable lean only, raw",20.93,4.09,0.0,,,,,"Lamb, Veal, and Game Products",tunnel-boned/chump 为新西兰羊腿切割术语，已按部位说明翻译
sr_legacy_174449,sr_legacy,174449,新西兰进口羔羊方切肩排，仅可分离瘦肉，炖煮熟,"Lamb, New Zealand, imported, square-cut shoulder chops, separable lean only, cooked, braised",31.06,14.56,0.0,,,,,"Lamb, Veal, and Game Products",
sr_legacy_174450,sr_legacy,174450,新西兰进口羔羊方切肩排，仅可分离瘦肉，生,"Lamb, New Zealand, imported, square-cut shoulder chops, separable lean only, raw",20.62,9.08,0.0,,,,,"Lamb, Veal, and Game Products",
sr_legacy_174451,sr_legacy,174451,新西兰进口羔羊去骨腰肉，仅可分离瘦肉，快速烤熟,"Lamb, New Zealand, imported, loin, boneless, separable lean only, cooked, fast roasted",28.99,4.49,0.0,,,,,"Lamb, Veal, and Game Products",
sr_legacy_174452,sr_legacy,174452,新西兰进口羔羊去骨腰肉，仅可分离瘦肉，生,"Lamb, New Zealand, imported, loin, boneless, separable lean only, raw",21.5,3.77,0.0,,,,,"Lamb, Veal, and Game Products",
sr_legacy_174453,sr_legacy,174453,新西兰进口，羊后腱，仅可分离瘦肉，熟，炖煮,"Lamb, New Zealand, imported, hind-shank, separable lean only, cooked, braised",32.5,7.37,0.0,,,,,"Lamb, Veal, and Game Products",
sr_legacy_174454,sr_legacy,174454,新西兰进口，羊后腱，仅可分离瘦肉，生,"Lamb, New Zealand, imported, hind-shank, separable lean only, raw",20.4,3.35,0.73,,,,,"Lamb, Veal, and Game Products",
sr_legacy_174455,sr_legacy,174455,新西兰进口羔羊颈排，仅可分离瘦肉，生,"Lamb, New Zealand, imported, neck chops, separable lean only, raw",19.84,7.97,0.0,,,,,"Lamb, Veal, and Game Products",
sr_legacy_174456,sr_legacy,174456,新西兰进口羔羊法式修整羊排架（完全露骨），仅可分离瘦肉，生,"Lamb, New Zealand, imported, rack - fully frenched, separable lean only, raw",20.61,7.12,0.0,,,,,"Lamb, Veal, and Game Products",Frenched 指法式修整、肋骨外露
sr_legacy_174457,sr_legacy,174457,新西兰进口羔羊腰脊排，仅可分离瘦肉，快煎熟,"Lamb, New Zealand, imported, loin chop, separable lean only, cooked, fast fried",27.43,10.7,0.41,,,,,"Lamb, Veal, and Game Products",
sr_legacy_174458,sr_legacy,174458,新西兰进口羔羊方切肩肉，仅可分离瘦肉，慢烤熟,"Lamb, New Zealand, imported, square-cut shoulder, separable lean only, cooked, slow roasted",25.08,10.13,0.0,,,,,"Lamb, Veal, and Game Products",
sr_legacy_174459,sr_legacy,174459,新西兰进口羔羊腿排/肉排，带骨，仅可分离瘦肉，快煎熟,"Lamb, New Zealand, imported, leg chop/steak, bone-in, separable lean only, cooked, fast fried",26.31,6.35,0.0,,,,,"Lamb, Veal, and Game Products",
sr_legacy_174460,sr_legacy,174460,新西兰进口羔羊腿排/肉排，带骨，可分离瘦肉和脂肪，快煎熟,"Lamb, New Zealand, imported, leg chop/steak, bone-in, separable lean and fat, cooked, fast fried",24.26,12.76,0.04,,,,,"Lamb, Veal, and Game Products",
sr_legacy_174461,sr_legacy,174461,新西兰进口羔羊腰脊排，可分离瘦肉和脂肪，快煎熟,"Lamb, New Zealand, imported, loin chop, separable lean and fat, cooked, fast fried",21.5,27.11,0.41,,,,,"Lamb, Veal, and Game Products",
sr_legacy_174462,sr_legacy,174462,新西兰进口羔羊腰鞍肉，可分离瘦肉和脂肪，快速烤熟,"Lamb, New Zealand, imported, loin saddle, separable lean and fat, cooked, fast roasted",21.13,20.98,0.1,,,,,"Lamb, Veal, and Game Products",loin saddle 为羊腰鞍部位
sr_legacy_174463,sr_legacy,174463,新西兰进口羔羊腰鞍肉，可分离瘦肉和脂肪，生,"Lamb, New Zealand, imported, loin saddle, separable lean and fat, raw",16.56,22.9,0.2,,,,,"Lamb, Veal, and Game Products",loin saddle 为羊腰鞍部位
sr_legacy_174464,sr_legacy,174464,新西兰进口羔羊网套卷制去骨肩肉，可分离瘦肉和脂肪，生,"Lamb, New Zealand, imported, netted shoulder, rolled, boneless, separable lean and fat, raw",16.9,20.36,0.2,,,,,"Lamb, Veal, and Game Products",
sr_legacy_174465,sr_legacy,174465,阉鸡内脏杂碎，生,"Chicken, capons, giblets, raw",18.28,5.18,1.42,,,,,Poultry Products,capon 指阉鸡。
sr_legacy_174466,sr_legacy,174466,阉鸡内脏杂碎，熟，小火煮,"Chicken, capons, giblets, cooked, simmered",26.39,5.4,0.76,,,,,Poultry Products,capon 指阉鸡。
sr_legacy_174467,sr_legacy,174467,家鸭肝，生,"Duck, domesticated, liver, raw",18.74,4.64,3.53,,,,,Poultry Products,
sr_legacy_174468,sr_legacy,174468,野鸭，带皮肉，生,"Duck, wild, meat and skin, raw",17.42,15.2,0,,,,,Poultry Products,
sr_legacy_174469,sr_legacy,174469,野鸭胸肉，仅肉，生,"Duck, wild, breast, meat only, raw",19.85,4.25,0,,,,,Poultry Products,
sr_legacy_174470,sr_legacy,174470,家鹅，带皮肉，生,"Goose, domesticated, meat and skin, raw",15.86,33.62,0,,,,,Poultry Products,
sr_legacy_174471,sr_legacy,174471,珍珠鸡，仅肉，生,"Guinea hen, meat only, raw",20.64,2.47,0,,,,,Poultry Products,guinea hen 指珍珠鸡。
sr_legacy_174472,sr_legacy,174472,雉鸡，生，带皮肉,"Pheasant, raw, meat and skin",22.7,9.29,0,,,,,Poultry Products,pheasant 指雉鸡/野鸡。
sr_legacy_174473,sr_legacy,174473,雉鸡，生，仅肉,"Pheasant, raw, meat only",23.57,3.64,0,,,,,Poultry Products,pheasant 指雉鸡/野鸡。
sr_legacy_174474,sr_legacy,174474,雉鸡胸肉，仅肉，生,"Pheasant, breast, meat only, raw",24.37,3.25,0,,,,,Poultry Products,pheasant 指雉鸡/野鸡。
sr_legacy_174475,sr_legacy,174475,乳鸽，带皮肉，生,"Squab, (pigeon), meat and skin, raw",18.47,23.8,0,,,,,Poultry Products,squab 指乳鸽。
sr_legacy_174476,sr_legacy,174476,鸸鹋，扇形里脊，生,"Emu, fan fillet, raw",22.5,0.8,0,,,,,Poultry Products,Emu 指鸸鹋。
sr_legacy_174477,sr_legacy,174477,鸸鹋，扇形里脊，熟，高温烤制,"Emu, fan fillet, cooked, broiled",31.27,2.3,0,,,,,Poultry Products,Emu 指鸸鹋。
sr_legacy_174478,sr_legacy,174478,鸸鹋，扁平里脊，生,"Emu, flat fillet, raw",22.25,0.74,0,,,,,Poultry Products,Emu 指鸸鹋。
sr_legacy_174479,sr_legacy,174479,鸸鹋，臀肉整块，生,"Emu, full rump, raw",22.83,1.64,0,,,,,Poultry Products,Emu 指鸸鹋。
sr_legacy_174480,sr_legacy,174480,鸸鹋，上腰肉，熟，高温烤制,"Emu, top loin, cooked, broiled",29.07,3.13,0,,,,,Poultry Products,Emu 指鸸鹋。
sr_legacy_174481,sr_legacy,174481,鸵鸟，肉末，生,"Ostrich, ground, raw",20.22,8.7,0,,,,,Poultry Products,ostrich 指鸵鸟。
sr_legacy_174482,sr_legacy,174482,鸵鸟，肉末，熟，平底锅煎烤,"Ostrich, ground, cooked, pan-broiled",26.15,7.07,0,,,,,Poultry Products,ostrich 指鸵鸟。
sr_legacy_174483,sr_legacy,174483,鸵鸟，扇形肉，生,"Ostrich, fan, raw",21.81,2.65,0,,,,,Poultry Products,ostrich 指鸵鸟。
sr_legacy_174484,sr_legacy,174484,鸵鸟，外侧腿肉，生,"Ostrich, outside leg, raw",22.86,1.96,0,,,,,Poultry Products,ostrich 指鸵鸟。
sr_legacy_174485,sr_legacy,174485,鸵鸟，外侧肉条，生,"Ostrich, outside strip, raw",23.36,2.21,0,,,,,Poultry Products,ostrich 指鸵鸟。
sr_legacy_174486,sr_legacy,174486,鸵鸟，外侧肉条，熟,"Ostrich, outside strip, cooked",28.55,3.83,0,,,,,Poultry Products,ostrich 指鸵鸟。
sr_legacy_174487,sr_legacy,174487,鸵鸟，蚝形肉，生,"Ostrich, oyster, raw",21.55,3.67,0,,,,,Poultry Products,ostrich 指鸵鸟。
sr_legacy_174488,sr_legacy,174488,鸵鸟，修整尖端肉，熟,"Ostrich, tip trimmed, cooked",28.49,2.57,0,,,,,Poultry Products,ostrich 指鸵鸟。
sr_legacy_174489,sr_legacy,174489,鸵鸟，上腰肉，生,"Ostrich, top loin, raw",21.67,2.95,0,,,,,Poultry Products,ostrich 指鸵鸟。
sr_legacy_174490,sr_legacy,174490,鸵鸟，上腰肉，熟,"Ostrich, top loin, cooked",28.12,3.87,0,,,,,Poultry Products,ostrich 指鸵鸟。
sr_legacy_174491,sr_legacy,174491,鸡肝，各类别，熟，煎制,"Chicken, liver, all classes, cooked, pan-fried",25.78,6.43,1.11,,,,,Poultry Products,
sr_legacy_174492,sr_legacy,174492,火鸡，肉末，93% 瘦肉，7% 脂肪，肉饼，高温烤制,"Turkey, ground, 93% lean, 7% fat, patties, broiled",25.86,11.45,0,,,,,Poultry Products,
sr_legacy_174493,sr_legacy,174493,火鸡，肉末，85% 瘦肉，15% 脂肪，生,"Turkey, ground, 85% lean, 15% fat, raw",16.9,12.54,0,,,,,Poultry Products,
sr_legacy_174494,sr_legacy,174494,火鸡肉末，85% 瘦肉，15% 脂肪，平底锅煎烤碎肉粒,"Turkey, ground, 85% lean, 15% fat, pan-broiled crumbles",25.11,17.45,0,,,,,Poultry Products,
sr_legacy_174495,sr_legacy,174495,火鸡，肉末，85% 瘦肉，15% 脂肪，肉饼，高温烤制,"Turkey, ground, 85% lean, 15% fat, patties, broiled",25.88,16.2,0,,,,,Poultry Products,
sr_legacy_174496,sr_legacy,174496,鸡小腿和大腿皮，熟，烤制,"Chicken, skin (drumsticks and thighs), cooked, roasted",16.57,43.99,0,,,,,Poultry Products,
sr_legacy_174497,sr_legacy,174497,肉鸡，深色肉，小腿，带皮肉，熟，焖炖,"Chicken, broilers or fryers, dark meat, drumstick, meat and skin, cooked, braised",22.72,10.73,0,,,,,Poultry Products,broiler/fryer 指美国 USDA 肉鸡分类，中文统一译为“肉鸡”。
sr_legacy_174498,sr_legacy,174498,肉鸡，深色肉，大腿，带皮肉，熟，焖炖,"Chicken, broilers or fryers, dark meat, thigh, meat and skin, cooked, braised",22.57,15.43,0,,,,,Poultry Products,broiler/fryer 指美国 USDA 肉鸡分类，中文统一译为“肉鸡”。
sr_legacy_174499,sr_legacy,174499,鸡深色肉，小腿，仅肉，添加保水液，生,"Chicken, dark meat, drumstick, meat only, with added solution, raw",19.19,3.26,0,,,,,Poultry Products,with added solution 指添加盐水/保水液的产品。
sr_legacy_174500,sr_legacy,174500,鸡深色肉，大腿，仅肉，添加保水液，熟，烤制,"Chicken, dark meat, thigh, meat only, with added solution, cooked, roasted",24.23,7.73,0,,,,,Poultry Products,with added solution 指添加盐水/保水液的产品。
sr_legacy_174501,sr_legacy,174501,鸡小腿和大腿皮，添加保水液，熟，焖炖,"Chicken, skin (drumsticks and thighs), with added solution, cooked, braised",12.26,38.94,1,,,,,Poultry Products,with added solution 指添加盐水/保水液的产品。
sr_legacy_174502,sr_legacy,174502,鸡小腿和大腿皮，添加保水液，生,"Chicken, skin (drumsticks and thighs), with added solution, raw",11.11,37.9,0.01,,,,,Poultry Products,with added solution 指添加盐水/保水液的产品。
sr_legacy_174503,sr_legacy,174503,鸡小腿和大腿皮，添加保水液，熟，烤制,"Chicken, skin (drumsticks and thighs), with added solution, cooked, roasted",20.31,37.6,0.44,,,,,Poultry Products,with added solution 指添加盐水/保水液的产品。
sr_legacy_174504,sr_legacy,174504,鸡深色肉，小腿，带皮肉，添加保水液，熟，焖炖,"Chicken, dark meat, drumstick, meat and skin, with added solution, cooked, braised",21.55,10.71,0.13,,,,,Poultry Products,with added solution 指添加盐水/保水液的产品。
sr_legacy_174505,sr_legacy,174505,鸡深色肉，大腿，带皮肉，添加保水液，熟，烤制,"Chicken, dark meat, thigh, meat and skin, with added solution, cooked, roasted",23.47,13.81,0.09,,,,,Poultry Products,with added solution 指添加盐水/保水液的产品。
sr_legacy_174506,sr_legacy,174506,肉鸡，旋转烤，BBQ，背部，仅肉,"Chicken, broiler, rotisserie, BBQ, back meat only",21.85,13.87,0.31,,,,,Poultry Products,broiler/fryer 指美国 USDA 肉鸡分类，中文统一译为“肉鸡”。；rotisserie 指旋转烤制。
sr_legacy_174507,sr_legacy,174507,火鸡整只取深色肉，仅肉，添加保水液，生,"Turkey, dark meat from whole, meat only, with added solution, raw",19.27,4.12,0.1,,,,,Poultry Products,with added solution 指添加盐水/保水液的产品。
sr_legacy_174508,sr_legacy,174508,火鸡，深色肉，仅肉，添加保水液，熟，烤制,"Turkey, dark meat, meat only, with added solution, cooked, roasted",26.1,6,0,,,,,Poultry Products,with added solution 指添加盐水/保水液的产品。
sr_legacy_174509,sr_legacy,174509,火鸡整只取深色肉，带皮肉，添加保水液，生,"Turkey, dark meat from whole, meat and skin, with added solution, raw",17.84,10.83,0.15,,,,,Poultry Products,with added solution 指添加盐水/保水液的产品。
sr_legacy_174510,sr_legacy,174510,火鸡整只取深色肉，带皮肉，添加保水液，熟，烤制,"Turkey, dark meat from whole, meat and skin, with added solution, cooked, roasted",25.55,10.81,0,,,,,Poultry Products,with added solution 指添加盐水/保水液的产品。
sr_legacy_174511,sr_legacy,174511,整只火鸡，浅色肉，带皮肉，添加保水液，生,"Turkey from whole, light meat, meat and skin, with added solution, raw",20.02,7.42,0.14,,,,,Poultry Products,with added solution 指添加盐水/保水液的产品。
sr_legacy_174512,sr_legacy,174512,整只火鸡，浅色肉，带皮肉，添加保水液，熟，烤制,"Turkey from whole, light meat, meat and skin, with added solution, cooked, roasted",26.52,5.64,0,,,,,Poultry Products,with added solution 指添加盐水/保水液的产品。
sr_legacy_174513,sr_legacy,174513,火鸡，零售分割部位，胸肉，仅肉，添加保水液，生,"Turkey, retail parts, breast, meat only, with added solution, raw",21.99,2.53,0,,,,,Poultry Products,with added solution 指添加盐水/保水液的产品。
sr_legacy_174514,sr_legacy,174514,火鸡，零售分割部位，胸肉，仅肉，添加保水液，熟，烤制,"Turkey, retail parts, breast, meat only, with added solution, cooked, roasted",27.94,2.08,0,,,,,Poultry Products,with added solution 指添加盐水/保水液的产品。
sr_legacy_174515,sr_legacy,174515,火鸡，零售分割部位，胸肉，仅肉，生,"Turkey, retail parts, breast, meat only, raw",23.34,2.33,0,,,,,Poultry Products,
sr_legacy_174516,sr_legacy,174516,火鸡，零售分割部位，胸肉，仅肉，熟，烤制,"Turkey, retail parts, breast, meat only, cooked, roasted",29.51,1.97,0,,,,,Poultry Products,
sr_legacy_174517,sr_legacy,174517,火鸡，零售分割部位，翅，仅肉，生,"Turkey, retail parts, wing, meat only, raw",22.48,2.49,0,,,,,Poultry Products,
sr_legacy_174518,sr_legacy,174518,火鸡，零售分割部位，大腿，仅肉，生,"Turkey, retail parts, thigh, meat only, raw",20.6,3.69,0,,,,,Poultry Products,
sr_legacy_174519,sr_legacy,174519,火鸡胸肉，整只取部位，仅肉，添加保水液，烤制,"Turkey, breast, from whole bird, meat only, with added solution, roasted",26.97,2.08,0,,,,,Poultry Products,with added solution 指添加盐水/保水液的产品。
sr_legacy_174520,sr_legacy,174520,火鸡背部，整只取部位，仅肉，添加保水液，生,"Turkey, back, from whole bird, meat only, with added solution, raw",19.27,4.12,0.15,,,,,Poultry Products,with added solution 指添加盐水/保水液的产品。
sr_legacy_174521,sr_legacy,174521,火鸡背部，整只取部位，仅肉，添加保水液，烤制,"Turkey, back, from whole bird, meat only, with added solution, roasted",26.97,2.08,0,,,,,Poultry Products,with added solution 指添加盐水/保水液的产品。
sr_legacy_174665,sr_legacy,174665,无花果干，未烹调,"Figs, dried, uncooked",3.3,0.93,63.87,,,,,Fruits and Fruit Juices,
sr_legacy_174666,sr_legacy,174666,无花果干，炖煮,"Figs, dried, stewed",1.42,0.4,27.57,,,,,Fruits and Fruit Juices,
sr_legacy_174667,sr_legacy,174667,什锦水果罐头（桃、菠萝、梨、葡萄、樱桃），水浸，含固形物和液体,"Fruit cocktail, (peach and pineapple and pear and grape and cherry), canned, water pack, solids and liquids",0.42,0.05,8.51,,,,,Fruits and Fruit Juices,
sr_legacy_174668,sr_legacy,174668,什锦水果罐头（桃、菠萝、梨、葡萄、樱桃），果汁浸，含固形物和液体,"Fruit cocktail, (peach and pineapple and pear and grape and cherry), canned, juice pack, solids and liquids",0.46,0.01,11.86,,,,,Fruits and Fruit Juices,
sr_legacy_174669,sr_legacy,174669,水果沙拉罐头（桃、梨、杏、菠萝、樱桃），水浸，含固形物和液体,"Fruit salad, (peach and pear and apricot and pineapple and cherry), canned, water pack, solids and liquids",0.35,0.07,7.87,,,,,Fruits and Fruit Juices,
sr_legacy_174670,sr_legacy,174670,水果沙拉罐头（桃、梨、杏、菠萝、樱桃），果汁浸，含固形物和液体,"Fruit salad, (peach and pear and apricot and pineapple and cherry), canned, juice pack, solids and liquids",0.51,0.03,13.05,,,,,Fruits and Fruit Juices,
sr_legacy_174673,sr_legacy,174673,粉红或红色葡萄柚（西柚），生，各产区,"Grapefruit, raw, pink and red, all areas",0.77,0.14,10.66,,,,,Fruits and Fruit Juices,葡萄柚也常称西柚，中文名保留两种称呼。
sr_legacy_174674,sr_legacy,174674,粉红或红色葡萄柚（西柚），生，加州和亚利桑那,"Grapefruit, raw, pink and red, California and Arizona",0.5,0.1,9.69,,,,,Fruits and Fruit Juices,葡萄柚也常称西柚，中文名保留两种称呼。
sr_legacy_174675,sr_legacy,174675,粉红或红色葡萄柚（西柚），生，佛罗里达,"Grapefruit, raw, pink and red, Florida",0.55,0.1,7.5,,,,,Fruits and Fruit Juices,葡萄柚也常称西柚，中文名保留两种称呼。
sr_legacy_174676,sr_legacy,174676,白葡萄柚（西柚），生，各产区,"Grapefruit, raw, white, all areas",0.69,0.1,8.41,,,,,Fruits and Fruit Juices,葡萄柚也常称西柚，中文名保留两种称呼。
sr_legacy_174677,sr_legacy,174677,白葡萄柚（西柚），生，加州,"Grapefruit, raw, white, California",0.88,0.1,9.09,,,,,Fruits and Fruit Juices,葡萄柚也常称西柚，中文名保留两种称呼。
sr_legacy_174682,sr_legacy,174682,美洲葡萄（易剥皮），生,"Grapes, american type (slip skin), raw",0.63,0.35,17.15,,,,,Fruits and Fruit Juices,Slip skin 指果皮容易剥离的美洲葡萄类型。
sr_legacy_174683,sr_legacy,174683,红葡萄或绿葡萄（欧洲品种，如汤普森无籽），生,"Grapes, red or green (European type, such as Thompson seedless), raw",0.72,0.16,18.1,,,,,Fruits and Fruit Juices,
sr_legacy_174684,sr_legacy,174684,汤普森无籽葡萄，罐装，水浸，含固形物和液体,"Grapes, canned, thompson seedless, water pack, solids and liquids",0.5,0.11,10.3,,,,,Fruits and Fruit Juices,
sr_legacy_174686,sr_legacy,174686,番石榴酱，熟制,"Guava sauce, cooked",0.32,0.14,9.48,,,,,Fruits and Fruit Juices,
sr_legacy_174687,sr_legacy,174687,菠萝蜜，生,"Jackfruit, raw",1.72,0.64,23.25,,,,,Fruits and Fruit Juices,
sr_legacy_174688,sr_legacy,174688,牛上腰肉菲力，无骨，仅可分离瘦肉，外部脂肪修整至1/8英寸，各等级，熟，煎烤,"Beef, top loin filet, boneless, separable lean only, trimmed to 1/8"" fat, all grades, cooked, grilled",29.33,8.54,0.3,,,,,Beef Products,top loin 近似纽约客/上腰肉，保留中文主名称
sr_legacy_174689,sr_legacy,174689,牛上腰肉菲力，无骨，仅可分离瘦肉，外部脂肪修整至1/8英寸，Choice级，熟，煎烤,"Beef, top loin filet, boneless, separable lean only, trimmed to 1/8"" fat, choice, cooked, grilled",28.99,9.48,0.36,,,,,Beef Products,top loin 近似纽约客/上腰肉，保留中文主名称
sr_legacy_174690,sr_legacy,174690,牛上腰肉菲力，无骨，仅可分离瘦肉，外部脂肪修整至1/8英寸，Select级，熟，煎烤,"Beef, top loin filet, boneless, separable lean only, trimmed to 1/8"" fat, select, cooked, grilled",29.85,7.12,0.2,,,,,Beef Products,top loin 近似纽约客/上腰肉，保留中文主名称
sr_legacy_174691,sr_legacy,174691,牛小份上腰肉烤块/菲力，无骨，仅可分离瘦肉，外部脂肪修整至1/8英寸，Choice级，生,"Beef, top loin petite roast/filet, boneless, separable lean only, trimmed to 1/8"" fat, choice, raw",22.5,6.48,0.23,,,,,Beef Products,top loin 近似纽约客/上腰肉，保留中文主名称
sr_legacy_174692,sr_legacy,174692,牛小份上腰肉烤块/菲力，无骨，仅可分离瘦肉，外部脂肪修整至1/8英寸，Select级，生,"Beef, top loin petite roast/filet, boneless, separable lean only, trimmed to 1/8"" fat, select, raw",22.77,4.88,0.0,,,,,Beef Products,top loin 近似纽约客/上腰肉，保留中文主名称
sr_legacy_174693,sr_legacy,174693,牛上沙朗菲力，去骨，仅可分离瘦肉，去除外部脂肪，各等级，熟，煎烤,"Beef, loin, top sirloin filet, boneless, separable lean only, trimmed to 0"" fat, all grades, cooked, grilled",30.58,5.37,0.0,,,,,Beef Products,
sr_legacy_174694,sr_legacy,174694,牛上沙朗菲力，去骨，仅可分离瘦肉，去除外部脂肪，Choice 等级，熟，煎烤,"Beef, loin, top sirloin filet, boneless, separable lean only, trimmed to 0"" fat, choice, cooked, grilled",30.45,5.83,0.0,,,,,Beef Products,
sr_legacy_174695,sr_legacy,174695,牛小份上沙朗烤块/菲力，去骨，仅可分离瘦肉，去除外部脂肪，Select 等级，生,"Beef, loin, top sirloin petite roast/filet, boneless, separable lean only, trimmed to 0"" fat, select, raw",23.05,3.35,0.0,,,,,Beef Products,petite roast/filet 按小份烤块/菲力处理
sr_legacy_174696,sr_legacy,174696,牛小份肋眼烤块/菲力，去骨，仅可分离瘦肉，去除外部脂肪，各等级，生,"Beef, ribeye  petite roast/filet, boneless, separable lean only, trimmed to 0"" fat, all grades, raw",22.66,4.66,0.04,,,,,Beef Products,petite roast/filet 按小份烤块/菲力处理
sr_legacy_174697,sr_legacy,174697,牛小份肋眼烤块/菲力，去骨，仅可分离瘦肉，去除外部脂肪，Choice 等级，生,"Beef, ribeye  petite roast/filet, boneless, separable lean only, trimmed to 0"" fat, choice, raw",22.52,5.29,0.18,,,,,Beef Products,petite roast/filet 按小份烤块/菲力处理
sr_legacy_174698,sr_legacy,174698,牛小份肋眼烤块/菲力，去骨，仅可分离瘦肉，去除外部脂肪，Select 等级，生,"Beef, ribeye  petite roast/filet, boneless, separable lean only, trimmed to 0"" fat, select, raw",22.89,3.72,0.0,,,,,Beef Products,petite roast/filet 按小份烤块/菲力处理
sr_legacy_174699,sr_legacy,174699,牛肋眼盖肉牛排，去骨，仅可分离瘦肉，去除外部脂肪，Choice 等级，生,"Beef, ribeye cap steak, boneless, separable lean only, trimmed to 0"" fat, choice, raw",19.46,11.4,1.75,,,,,Beef Products,
sr_legacy_174700,sr_legacy,174700,牛肋眼盖肉牛排，去骨，仅可分离瘦肉，去除外部脂肪，Select 等级，生,"Beef, ribeye cap steak, boneless, separable lean only, trimmed to 0"" fat, select, raw",20.05,9.39,1.15,,,,,Beef Products,
sr_legacy_174701,sr_legacy,174701,牛肋眼菲力，去骨，仅可分离瘦肉，去除外部脂肪，各等级，熟，煎烤,"Beef, ribeye filet, boneless, separable lean only, trimmed to 0"" fat, all grades, cooked, grilled",28.77,9.2,0.17,,,,,Beef Products,
sr_legacy_174702,sr_legacy,174702,牛肋眼菲力，无骨，仅可分离瘦肉，去除外部脂肪，Choice级，熟，煎烤,"Beef, ribeye filet, boneless, separable lean only, trimmed to 0"" fat, choice, cooked, grilled",28.35,10.26,0.51,,,,,Beef Products,
sr_legacy_174703,sr_legacy,174703,牛肋眼菲力，无骨，仅可分离瘦肉，去除外部脂肪，Select级，熟，煎烤,"Beef, ribeye filet, boneless, separable lean only, trimmed to 0"" fat, select, cooked, grilled",29.39,7.61,0.0,,,,,Beef Products,
sr_legacy_174704,sr_legacy,174704,牛上沙朗盖肉牛排，去骨，可分离瘦肉和脂肪，外部脂肪修整至1/8英寸，Choice 等级，熟，煎烤,"Beef, loin, top sirloin cap steak, boneless, separable lean and fat, trimmed to 1/8"" fat, choice, cooked, grilled",26.3,14.3,1.1,,,,,Beef Products,
sr_legacy_174705,sr_legacy,174705,牛上沙朗盖肉牛排，去骨，可分离瘦肉和脂肪，外部脂肪修整至1/8英寸，Select 等级，熟，煎烤,"Beef, loin, top sirloin cap steak, boneless, separable lean and fat, trimmed to 1/8"" fat, select, cooked, grilled",25.5,16.1,0.4,,,,,Beef Products,
sr_legacy_174706,sr_legacy,174706,牛上沙朗盖肉牛排，去骨，可分离瘦肉和脂肪，外部脂肪修整至1/8英寸，各等级，生,"Beef, loin, top sirloin cap steak, boneless, separable lean and fat, trimmed to 1/8"" fat, all grades, raw",19.9,12.4,0.0,,,,,Beef Products,
sr_legacy_174707,sr_legacy,174707,牛上沙朗盖肉牛排，去骨，可分离瘦肉和脂肪，外部脂肪修整至1/8英寸，Choice 等级，生,"Beef, loin, top sirloin cap steak, boneless, separable lean and fat, trimmed to 1/8"" fat, choice, raw",19.7,13.4,0.0,,,,,Beef Products,
sr_legacy_174708,sr_legacy,174708,牛小份上腰肉烤块，无骨，可分离瘦肉和脂肪，外部脂肪修整至1/8英寸，各等级，熟，烤制,"Beef, top loin petite roast, boneless, separable lean and fat, trimmed to 1/8"" fat, all grades, cooked, roasted",27.0,12.9,1.0,,,,,Beef Products,top loin 近似纽约客/上腰肉，保留中文主名称
sr_legacy_174709,sr_legacy,174709,牛小份上腰肉烤块，无骨，可分离瘦肉和脂肪，外部脂肪修整至1/8英寸，Choice级，熟，烤制,"Beef, top loin petite roast, boneless, separable lean and fat, trimmed to 1/8"" fat, choice, cooked, roasted",26.8,14.1,1.1,,,,,Beef Products,top loin 近似纽约客/上腰肉，保留中文主名称
sr_legacy_174710,sr_legacy,174710,牛小份上腰肉烤块，无骨，可分离瘦肉和脂肪，外部脂肪修整至1/8英寸，Select级，熟，烤制,"Beef, top loin petite roast, boneless, separable lean and fat, trimmed to 1/8"" fat, select, cooked, roasted",27.1,11.2,0.9,,,,,Beef Products,top loin 近似纽约客/上腰肉，保留中文主名称
sr_legacy_174711,sr_legacy,174711,牛小份上腰肉烤块/菲力，无骨，可分离瘦肉和脂肪，外部脂肪修整至1/8英寸，各等级，生,"Beef, top loin petite roast/filet, boneless, separable lean and fat, trimmed to 1/8"" fat, all grades, raw",21.1,11.3,0.3,,,,,Beef Products,top loin 近似纽约客/上腰肉，保留中文主名称
sr_legacy_174712,sr_legacy,174712,牛上腰脊（纽约客）牛排，去骨，带边肉，可分离瘦肉和脂肪，外部脂肪修整至1/8英寸，Choice 等级，熟，煎烤,"Beef, loin, top loin steak, boneless, lip-on, separable lean and fat, trimmed to 1/8"" fat, choice, cooked, grilled",25.69,19.19,0.0,,,,,Beef Products,lip-on/lip off 按带边肉/去边肉处理
sr_legacy_174713,sr_legacy,174713,牛上腰脊（纽约客）牛排，去骨，带边肉，可分离瘦肉和脂肪，外部脂肪修整至1/8英寸，Select 等级，熟，煎烤,"Beef, loin, top loin steak, boneless, lip-on, separable lean and fat, trimmed to 1/8"" fat, select, cooked, grilled",26.92,15.44,0.0,,,,,Beef Products,lip-on/lip off 按带边肉/去边肉处理
sr_legacy_174714,sr_legacy,174714,牛上腰脊（纽约客）牛排，去骨，带边肉，可分离瘦肉和脂肪，外部脂肪修整至1/8英寸，各等级，熟，煎烤,"Beef, loin, top loin steak, boneless, lip-on, separable lean and fat, trimmed to 1/8"" fat, all grades, cooked, grilled",26.18,17.69,0.0,,,,,Beef Products,lip-on/lip off 按带边肉/去边肉处理
sr_legacy_174715,sr_legacy,174715,新西兰进口牛肩胛心肉，仅可分离瘦肉，熟，快速烤制,"Beef, New Zealand, imported, bolar blade, separable lean only, cooked, fast roasted",33.53,6.57,0.0,,,,,Beef Products,bolar blade 按肩胛心肉处理
sr_legacy_174716,sr_legacy,174716,新西兰进口牛肩胛心肉，仅可分离瘦肉，生,"Beef, New Zealand, imported, bolar blade, separable lean only, raw",22.09,4.49,0.0,,,,,Beef Products,bolar blade 按肩胛心肉处理
sr_legacy_174717,sr_legacy,174717,新西兰进口牛腩腹端，仅可分离瘦肉，熟，炖煮,"Beef, New Zealand, imported, brisket navel end, separable lean only, cooked, braised",29.35,16.37,0.0,,,,,Beef Products,
sr_legacy_174718,sr_legacy,174718,新西兰进口牛腩腹端，仅可分离瘦肉，生,"Beef, New Zealand, imported, brisket navel end, separable lean only, raw",19.74,12.75,0.0,,,,,Beef Products,
sr_legacy_174719,sr_legacy,174719,新西兰进口牛肋眼卷，仅可分离瘦肉，熟，快速烤制,"Beef, New Zealand, imported, cube roll, separable lean only, cooked, fast roasted",30.09,13.22,0.0,,,,,Beef Products,cube roll 按肋眼卷处理
sr_legacy_174720,sr_legacy,174720,新西兰进口牛肋眼卷，仅可分离瘦肉，生,"Beef, New Zealand, imported, cube roll, separable lean only, raw",19.77,8.51,1.38,,,,,Beef Products,cube roll 按肋眼卷处理
sr_legacy_174721,sr_legacy,174721,新西兰进口牛后腿眼肉，仅可分离瘦肉，熟，慢烤,"Beef, New Zealand, imported, eye round, separable lean only, cooked, slow roasted",29.68,4.98,0.0,,,,,Beef Products,
sr_legacy_174722,sr_legacy,174722,新西兰进口牛后腿眼肉，仅可分离瘦肉，生,"Beef, New Zealand, imported, eye round, separable lean only, raw",20.15,3.35,1.35,,,,,Beef Products,
sr_legacy_174723,sr_legacy,174723,新西兰进口牛心，生,"Beef, New Zealand, imported, variety meats and by-products, heart, raw",18.52,3.4,0.0,,,,,Beef Products,variety meats and by-products 已按牛内脏/副产品处理
sr_legacy_174724,sr_legacy,174724,新西兰进口牛后腱子肉，仅可分离瘦肉，熟，炖煮,"Beef, New Zealand, imported, hind shin, separable lean only, cooked, braised",31.23,4.64,0.0,,,,,Beef Products,
sr_legacy_174725,sr_legacy,174725,新西兰进口牛后腱子肉，仅可分离瘦肉，生,"Beef, New Zealand, imported, hind shin, separable lean only, raw",21.46,3.12,0.0,,,,,Beef Products,
sr_legacy_174726,sr_legacy,174726,新西兰进口牛后腿内侧肉，生,"Beef, New Zealand, imported, inside, raw",22.16,4.36,0.1,,,,,Beef Products,
sr_legacy_174727,sr_legacy,174727,新西兰进口牛肾，生,"Beef, New Zealand, imported, variety meats and by-products, kidney, raw",15.68,2.64,0.0,,,,,Beef Products,variety meats and by-products 已按牛内脏/副产品处理
sr_legacy_174728,sr_legacy,174728,新西兰进口牛肝，熟，水煮,"Beef, New Zealand, imported, variety meats and by-products liver, cooked, boiled",23.3,4.68,3.78,,,,,Beef Products,variety meats and by-products 已按牛内脏/副产品处理
sr_legacy_174729,sr_legacy,174729,新西兰进口牛肝，生,"Beef, New Zealand, imported, variety meats and by-products, liver, raw",20.5,4.05,3.6,,,,,Beef Products,variety meats and by-products 已按牛内脏/副产品处理
sr_legacy_174730,sr_legacy,174730,新西兰进口加工用牛肉，熟，水煮,"Beef, New Zealand, imported, manufacturing beef, cooked, boiled",24.21,3.26,0.0,,,,,Beef Products,
sr_legacy_174731,sr_legacy,174731,新西兰进口预处理牛肋排，生,"Beef, New Zealand, imported, ribs prepared, raw",21.31,6.78,0.0,,,,,Beef Products,
sr_legacy_174732,sr_legacy,174732,新西兰进口牛臀肉中心，仅可分离瘦肉，熟，快速煎制,"Beef, New Zealand, imported, rump centre, separable lean only, cooked, fast fried",30.17,7.48,0.0,,,,,Beef Products,
sr_legacy_174733,sr_legacy,174733,新西兰进口牛西冷/外脊，仅可分离瘦肉，熟，快速煎制,"Beef, New Zealand, imported, striploin, separable lean only, cooked, fast fried",28.53,11.4,0.0,,,,,Beef Products,
sr_legacy_174734,sr_legacy,174734,新西兰进口牛西冷/外脊，仅可分离瘦肉，生,"Beef, New Zealand, imported, striploin, separable lean only, raw",20.93,7.0,0.74,,,,,Beef Products,
sr_legacy_174735,sr_legacy,174735,新西兰进口牛板腱肉，可分离瘦肉和脂肪，生,"Beef, New Zealand, imported, oyster blade, separable lean and fat, raw",21.27,10.31,0.0,,,,,Beef Products,oyster blade 按板腱肉处理
sr_legacy_174736,sr_legacy,174736,新西兰进口牛里脊（菲力），仅可分离瘦肉，生,"Beef, New Zealand, imported, tenderloin, separable lean only, raw",21.19,6.1,0.0,,,,,Beef Products,
sr_legacy_174737,sr_legacy,174737,新西兰进口牛舌，熟，水煮,"Beef, New Zealand, imported, variety meats and by-products, tongue, cooked, boiled",18.31,20.34,3.68,,,,,Beef Products,variety meats and by-products 已按牛内脏/副产品处理
sr_legacy_174738,sr_legacy,174738,新西兰进口牛舌，生,"Beef, New Zealand, imported, variety meats and by-products, tongue, raw",17.77,19.09,0.0,,,,,Beef Products,variety meats and by-products 已按牛内脏/副产品处理
sr_legacy_174739,sr_legacy,174739,新西兰进口牛腩腹端，可分离瘦肉和脂肪，熟，炖煮,"Beef, New Zealand, imported, brisket navel end, separable lean and fat, cooked, braised",20.14,41.33,0.0,,,,,Beef Products,
sr_legacy_174740,sr_legacy,174740,新西兰进口牛腩腹端，可分离瘦肉和脂肪，生,"Beef, New Zealand, imported, brisket navel end, separable lean and fat, raw",15.81,31.27,0.0,,,,,Beef Products,
sr_legacy_174741,sr_legacy,174741,新西兰进口牛腩尖端，可分离瘦肉和脂肪，熟，炖煮,"Beef, New Zealand, imported, brisket point end, separable lean and fat, cooked, braised",31.94,13.6,0.0,,,,,Beef Products,
sr_legacy_174742,sr_legacy,174742,新西兰进口牛腩尖端，可分离瘦肉和脂肪，生,"Beef, New Zealand, imported, brisket point end, separable lean and fat, raw",20.05,9.23,0.0,,,,,Beef Products,
sr_legacy_174743,sr_legacy,174743,新西兰进口牛后腿眼肉，可分离瘦肉和脂肪，熟，慢烤,"Beef, New Zealand, imported, eye round, separable lean and fat, cooked, slow roasted",29.49,5.57,0.0,,,,,Beef Products,
sr_legacy_174744,sr_legacy,174744,新西兰进口牛后腿眼肉，可分离瘦肉和脂肪，生,"Beef, New Zealand, imported, eye round, separable lean and fat, raw",19.88,4.92,1.32,,,,,Beef Products,
sr_legacy_174745,sr_legacy,174745,新西兰进口牛腹胁肉，可分离瘦肉和脂肪，熟，炖煮,"Beef, New Zealand, imported, flank, separable lean and fat, cooked, braised",30.13,9.73,0.0,,,,,Beef Products,
sr_legacy_174746,sr_legacy,174746,新西兰进口牛腹胁肉，可分离瘦肉和脂肪，生,"Beef, New Zealand, imported, flank, separable lean and fat, raw",20.12,8.9,0.0,,,,,Beef Products,
sr_legacy_174747,sr_legacy,174747,新西兰进口牛后腿外侧扁平肉，可分离瘦肉和脂肪，熟，炖煮,"Beef, New Zealand, imported, flat, separable lean and fat, cooked, braised",31.86,13.79,0.0,,,,,Beef Products,flat 具体部位在新西兰切法中较专门，按后腿外侧扁平肉处理
sr_legacy_174748,sr_legacy,174748,新西兰进口牛臀肉中心，可分离瘦肉和脂肪，熟，快速煎制,"Beef, New Zealand, imported, rump centre, separable lean and fat, cooked, fast fried",30.01,7.96,0.0,,,,,Beef Products,
sr_legacy_174749,sr_legacy,174749,新西兰进口牛臀肉中心，仅可分离瘦肉，生,"Beef, New Zealand, imported, rump centre, separable lean only, raw",21.74,6.05,0.0,,,,,Beef Products,
sr_legacy_174750,sr_legacy,174750,新西兰进口牛臀肉中心，可分离瘦肉和脂肪，生,"Beef, New Zealand, imported, rump centre, separable lean and fat, raw",21.65,6.5,0.0,,,,,Beef Products,
sr_legacy_174751,sr_legacy,174751,新西兰进口牛西冷/外脊，可分离瘦肉和脂肪，熟，快速煎制,"Beef, New Zealand, imported, striploin, separable lean and fat, cooked, fast fried",24.89,22.33,0.02,,,,,Beef Products,
sr_legacy_174752,sr_legacy,174752,牛绞肉，93%瘦肉/7%脂肪，牛肉饼，熟，上火烤制,"Beef, ground, 93% lean meat / 7% fat, patty, cooked, broiled",26.22,8.94,0,,,,,Beef Products,
sr_legacy_174753,sr_legacy,174753,牛绞肉，93%瘦肉/7%脂肪，牛肉饼，熟，煎烤,"Beef, ground, 93% lean meat /7% fat, patty, cooked, pan-broiled",25.56,8.01,0.06,,,,,Beef Products,
sr_legacy_174754,sr_legacy,174754,牛绞肉，93%瘦肉/7%脂肪，肉糕，熟，烘烤,"Beef, ground, 93% lean meat / 7% fat, loaf, cooked, baked",27.03,8.43,0,,,,,Beef Products,
sr_legacy_174755,sr_legacy,174755,牛绞肉，93%瘦肉/7%脂肪，碎粒，熟，煎炒,"Beef, ground, 93% lean meat / 7% fat, crumbles, cooked, pan-browned",28.88,9.51,0,,,,,Beef Products,
sr_legacy_174756,sr_legacy,174756,牛绞肉，97%瘦肉/3%脂肪，碎粒，熟，煎炒,"Beef, ground, 97% lean meat / 3% fat, crumbles, cooked, pan-browned",29.46,5.46,0,,,,,Beef Products,
sr_legacy_174757,sr_legacy,174757,修整零售牛肉切块综合，可分离瘦肉和脂肪，去除外部脂肪，所有等级，生,"Beef, composite of trimmed retail cuts, separable lean and fat, trimmed to 0"" fat, all grades, raw",20.95,9.3,0,,,,,Beef Products,
sr_legacy_174758,sr_legacy,174758,修整零售牛肉切块综合，仅瘦肉，外部脂肪修至1/8英寸，所有等级，生,"Beef, composite of trimmed retail cuts, separable lean only, trimmed to 1/8"" fat, all grades, raw",22.15,5.38,0,,,,,Beef Products,
sr_legacy_174759,sr_legacy,174759,修整零售牛肉切块综合，仅瘦肉，外部脂肪修至1/8英寸，所有等级，熟,"Beef, composite of trimmed retail cuts, separable lean only, trimmed to 1/8"" fat, all grades, cooked",28.95,8.15,0,,,,,Beef Products,
sr_legacy_174760,sr_legacy,174760,修整零售牛肉切块综合，仅瘦肉，去除外部脂肪，所有等级，生,"Beef, composite of trimmed retail cuts, separable lean only, trimmed to 0"" fat, all grades, raw",22.15,5.54,0,,,,,Beef Products,
sr_legacy_174761,sr_legacy,174761,牛肋小端（第10–12肋），仅可分离瘦肉，外部脂肪修整至1/8英寸，Choice 等级，生,"Beef, rib, small end (ribs 10-12), separable lean only, trimmed to 1/8"" fat, choice, raw",22.12,5.91,0.0,,,,,Beef Products,
sr_legacy_174762,sr_legacy,174762,牛里脊（菲力）牛排，仅可分离瘦肉，外部脂肪修整至1/8英寸，Choice级，生,"Beef, tenderloin, steak, separable lean only, trimmed to 1/8"" fat, choice, raw",22.17,7.07,0.0,,,,,Beef Products,
sr_legacy_174763,sr_legacy,174763,牛上沙朗牛排，仅可分离瘦肉，外部脂肪修整至1/8英寸，Choice级，生,"Beef, top sirloin, steak, separable lean only, trimmed to 1/8"" fat, choice, raw",21.91,4.62,0.0,,,,,Beef Products,
sr_legacy_174764,sr_legacy,174764,牛肋小端（第10–12肋），仅可分离瘦肉，外部脂肪修整至1/8英寸，Choice 等级，熟，炙烤,"Beef, rib, small end (ribs 10-12), separable lean only, trimmed to 1/8""fat, choice, cooked, broiled",28.29,9.05,0.0,,,,,Beef Products,
sr_legacy_174765,sr_legacy,174765,牛肩臂肉锅烤肉，仅瘦肉，外部脂肪修至1/8英寸，Select级，生,"Beef, chuck, arm pot roast, separable lean only, trimmed to 1/8"" fat, select, raw",22.26,3.32,0,,,,,Beef Products,
sr_legacy_174766,sr_legacy,174766,牛胸肉（brisket）扁平部，仅瘦肉，外部脂肪修至1/8英寸，Select级，生,"Beef, brisket, flat half, separable lean only, trimmed to 1/8"" fat, select, raw",21.45,3.61,0,,,,,Beef Products,
sr_legacy_174767,sr_legacy,174767,牛肩臂肉锅烤肉，仅瘦肉，外部脂肪修至1/8英寸，Select级，熟，炖煮,"Beef, chuck, arm pot roast, separable lean only, trimmed to 1/8"" fat, select, cooked, braised",34.6,6.35,0,,,,,Beef Products,
sr_legacy_174768,sr_legacy,174768,牛胸肉（brisket）扁平部，仅瘦肉，外部脂肪修至1/8英寸，Select级，熟，炖煮,"Beef, brisket, flat half, separable lean only, trimmed to 1/8"" fat, select, cooked, braised",33.18,5.21,0,,,,,Beef Products,
sr_legacy_174769,sr_legacy,174769,牛肚，熟，小火炖煮,"Beef, variety meats and by-products, tripe, cooked, simmered",11.71,4.05,1.99,,,,,Beef Products,
sr_legacy_174770,sr_legacy,174770,牛下沙朗三角肉（tri-tip）烤肉，仅瘦肉，去除外部脂肪，所有等级，生,"Beef, bottom sirloin, tri-tip roast, separable lean only, trimmed to 0"" fat, all grades, raw",21.26,5.63,0,,,,,Beef Products,
sr_legacy_174771,sr_legacy,174771,牛下沙朗三角肉（tri-tip）烤肉，仅瘦肉，去除外部脂肪，Choice级，熟，烤制,"Beef, bottom sirloin, tri-tip roast, separable lean only, trimmed to 0"" fat, choice, cooked, roasted",26.34,9.73,0,,,,,Beef Products,
sr_legacy_174772,sr_legacy,174772,牛下沙朗三角肉（tri-tip）烤肉，仅瘦肉，去除外部脂肪，Choice级，生,"Beef, bottom sirloin, tri-tip roast, separable lean only, trimmed to 0"" fat, choice, raw",21.17,7.06,0,,,,,Beef Products,
sr_legacy_174773,sr_legacy,174773,牛下沙朗三角肉（tri-tip）烤肉，仅瘦肉，去除外部脂肪，Select级，熟，烤制,"Beef, bottom sirloin, tri-tip roast, separable lean only, trimmed to 0"" fat, select, cooked, roasted",27.17,6.95,0,,,,,Beef Products,
sr_legacy_174774,sr_legacy,174774,牛腹胁牛排，仅瘦肉，去除外部脂肪，所有等级，熟，上火烤制,"Beef, flank, steak, separable lean only, trimmed to 0"" fat, all grades, cooked, broiled",27.89,7.4,0,,,,,Beef Products,
sr_legacy_174775,sr_legacy,174775,牛腹胁牛排，仅瘦肉，去除外部脂肪，Select级，熟，上火烤制,"Beef, flank, steak, separable lean only, trimmed to 0"" fat, select, cooked, broiled",27.96,6.48,0,,,,,Beef Products,
sr_legacy_174776,sr_legacy,174776,牛腹胁牛排，仅瘦肉，去除外部脂肪，所有等级，生,"Beef, flank, steak, separable lean only, trimmed to 0"" fat, all grades, raw",21.57,5.47,0,,,,,Beef Products,
sr_legacy_174777,sr_legacy,174777,牛腹胁牛排，仅瘦肉，去除外部脂肪，Select级，生,"Beef, flank, steak, separable lean only, trimmed to 0"" fat, select, raw",21.43,5,0,,,,,Beef Products,
sr_legacy_174874,sr_legacy,174874,新西兰进口羔羊方切肩排，可分离瘦肉和脂肪，炖煮熟,"Lamb, New Zealand, imported, square-cut shoulder chops, separable lean and fat, cooked, braised",26.79,23.86,0.05,,,,,"Lamb, Veal, and Game Products",
sr_legacy_174875,sr_legacy,174875,新西兰进口羔羊方切肩排，可分离瘦肉和脂肪，生,"Lamb, New Zealand, imported, square-cut shoulder chops, separable lean and fat, raw",17.02,22.84,0.23,,,,,"Lamb, Veal, and Game Products",
sr_legacy_174876,sr_legacy,174876,新西兰进口羔羊方切肩肉，可分离瘦肉和脂肪，慢烤熟,"Lamb, New Zealand, imported, square-cut shoulder, separable lean and fat, cooked, slow roasted",20.88,23.39,0.03,,,,,"Lamb, Veal, and Game Products",
sr_legacy_174877,sr_legacy,174877,新西兰进口羔羊隧道去骨腿肉，去臀尖和小腿，可分离瘦肉和脂肪，生,"Lamb, New Zealand, imported, tunnel-boned leg, chump off, shank off, separable lean and fat, raw",20.93,4.09,0.0,,,,,"Lamb, Veal, and Game Products",tunnel-boned/chump 为新西兰羊腿切割术语，已按部位说明翻译
sr_legacy_174878,sr_legacy,174878,新西兰进口羔羊里脊，可分离瘦肉和脂肪，生,"Lamb, New Zealand, imported, tenderloin, separable lean and fat, raw",20.43,4.22,0.01,,,,,"Lamb, Veal, and Game Products",
sr_legacy_174879,sr_legacy,174879,小牛绞肉，平底锅煎熟,"Veal, ground, cooked, pan-fried",25.83,11.78,1.51,,,,,"Lamb, Veal, and Game Products",
sr_legacy_174880,sr_legacy,174880,小牛后腿上圆肉排片，去盖肉，去骨，烤/煎烤熟,"Veal, leg, top round, cap off, cutlet, boneless, cooked, grilled",31.89,2.63,0.0,,,,,"Lamb, Veal, and Game Products",
sr_legacy_174881,sr_legacy,174881,小牛肩胛排，仅可分离瘦肉，烤/煎烤熟,"Veal, shoulder, blade chop, separable lean only, cooked, grilled",27.33,5.53,0.0,,,,,"Lamb, Veal, and Game Products",
sr_legacy_174882,sr_legacy,174882,小牛外部脂肪，生,"Veal, external fat only, raw",8.85,51.6,0.89,,,,,"Lamb, Veal, and Game Products",
sr_legacy_174883,sr_legacy,174883,小牛外部脂肪，熟,"Veal, external fat only, cooked",15.28,53.23,0.0,,,,,"Lamb, Veal, and Game Products",
sr_legacy_174884,sr_legacy,174884,小牛肌间脂肪，生,"Veal, seam fat only, raw",12.53,43.75,0.0,,,,,"Lamb, Veal, and Game Products",
sr_legacy_174885,sr_legacy,174885,澳大利亚进口，鲜，羊腿下部，仅可分离瘦肉，去骨，外部脂肪修整至1/8英寸，熟，烤制,"Lamb, Australian, imported, fresh, leg, bottom, boneless, separable lean only, trimmed to 1/8"" fat, cooked, roasted",28.6,8.35,0.0,,,,,"Lamb, Veal, and Game Products",
sr_legacy_174886,sr_legacy,174886,澳大利亚进口，鲜，羊后腿腱，带跟腱，仅可分离瘦肉，带骨，外部脂肪修整至1/8英寸，熟，炖煮,"Lamb, Australian, imported, fresh, leg, hindshank, heel on, bone-in, separable lean only, trimmed to 1/8"" fat, cooked, braised",30.73,5.63,0.0,,,,,"Lamb, Veal, and Game Products",heel on 按带跟腱处理
sr_legacy_174887,sr_legacy,174887,澳大利亚进口，鲜，羊后腿腱，带跟腱，仅可分离瘦肉，带骨，外部脂肪修整至1/8英寸，生,"Lamb, Australian, imported, fresh, leg, hindshank, heel on, bone-in, separable lean only, trimmed to 1/8"" fat, raw",22.49,3.53,0.0,,,,,"Lamb, Veal, and Game Products",heel on 按带跟腱处理
sr_legacy_174888,sr_legacy,174888,澳大利亚进口，鲜，羊里脊肉，仅可分离瘦肉，去骨，外部脂肪修整至1/8英寸，熟，烤制,"Lamb, Australian, imported, fresh, tenderloin, boneless, separable lean only, trimmed to 1/8"" fat, cooked, roasted",30.97,6.71,0.0,,,,,"Lamb, Veal, and Game Products",
sr_legacy_174889,sr_legacy,174889,澳大利亚进口，鲜，羔羊肉，法式修骨羊排架烤肉，去外层脂肪，仅可分离瘦肉，带骨，去除可见外部脂肪，熟，烤制,"Lamb, Australian, imported, fresh, rack, roast, frenched, denuded, bone-in, separable lean only, trimmed to 0"" fat, cooked, roasted",26.52,7.63,0.0,,,,,"Lamb, Veal, and Game Products",Frenched 指法式修骨，保留为“法式修骨”
sr_legacy_174890,sr_legacy,174890,澳大利亚进口，鲜，羔羊肉，法式修骨羊排架烤肉，仅可分离瘦肉，带骨，外部脂肪修整至1/8英寸，熟，烤制,"Lamb, Australian, imported, fresh, rack, roast, frenched, bone-in, separable lean only, trimmed to 1/8"" fat, cooked, roasted",28.01,14.64,0.0,,,,,"Lamb, Veal, and Game Products",Frenched 指法式修骨，保留为“法式修骨”
sr_legacy_174891,sr_legacy,174891,澳大利亚进口，鲜，外部脂肪，熟,"Lamb, Australian, imported, fresh, external fat, cooked",16.9,52.3,0.0,,,,,"Lamb, Veal, and Game Products",
sr_legacy_174892,sr_legacy,174892,澳大利亚进口，鲜，外部脂肪，生,"Lamb, Australian, imported, fresh, external fat, raw",12.59,48.5,0.0,,,,,"Lamb, Veal, and Game Products",
sr_legacy_174893,sr_legacy,174893,澳大利亚进口，鲜，羊后腿腱，带跟腱，可分离瘦肉和脂肪，带骨，外部脂肪修整至1/8英寸，熟，炖煮,"Lamb, Australian, imported, fresh, leg, hindshank, heel on, bone-in, separable lean and fat, trimmed to 1/8"" fat, cooked, braised",29.52,9.5,0.0,,,,,"Lamb, Veal, and Game Products",heel on 按带跟腱处理
sr_legacy_174894,sr_legacy,174894,澳大利亚进口，鲜，羊后腿腱，带跟腱，可分离瘦肉和脂肪，带骨，外部脂肪修整至1/8英寸，生,"Lamb, Australian, imported, fresh, leg, hindshank, heel on, bone-in, separable lean and fat, trimmed to 1/8"" fat, raw",20.58,12.68,0.0,,,,,"Lamb, Veal, and Game Products",heel on 按带跟腱处理
sr_legacy_174895,sr_legacy,174895,澳大利亚进口，鲜，羊腿，去蹄，可分离瘦肉和脂肪，带骨，外部脂肪修整至1/8英寸，熟，烤制,"Lamb, Australian, imported, fresh, leg, trotter off, bone-in, separable lean and fat, trimmed to 1/8"" fat, cooked, roasted",30.15,11.64,0.08,,,,,"Lamb, Veal, and Game Products",trotter off 按去蹄处理
sr_legacy_174896,sr_legacy,174896,澳大利亚进口，鲜，羊腿，去蹄，可分离瘦肉和脂肪，带骨，外部脂肪修整至1/8英寸，生,"Lamb, Australian, imported, fresh, leg, trotter off, bone-in, separable lean and fat, trimmed to 1/8"" fat, raw",21.95,9.73,0.0,,,,,"Lamb, Veal, and Game Products",trotter off 按去蹄处理
sr_legacy_174897,sr_legacy,174897,澳大利亚进口，鲜，羊里脊肉，可分离瘦肉和脂肪，去骨，外部脂肪修整至1/8英寸，熟，烤制,"Lamb, Australian, imported, fresh, tenderloin, boneless, separable lean and fat, trimmed to 1/8"" fat, cooked, roasted",30.87,7.02,0.0,,,,,"Lamb, Veal, and Game Products",
sr_legacy_174898,sr_legacy,174898,澳大利亚进口，鲜，羔羊肉，法式修骨肋排切片，去外层脂肪，可分离瘦肉和脂肪，带骨，去除可见外部脂肪，熟，烤架烤制,"Lamb, Australian, imported, fresh, rib chop, frenched, denuded, bone-in, separable lean and fat, trimmed to 0"" fat, cooked, grilled",30.9,16.96,0.0,,,,,"Lamb, Veal, and Game Products",Frenched 指法式修骨，保留为“法式修骨”
sr_legacy_174899,sr_legacy,174899,原味强化贝果，含丙酸钙,"Bagels, plain, enriched, with calcium propionate (includes onion, poppy, sesame)",10.56,1.32,52.38,,,,,Baked Products,
sr_legacy_174900,sr_legacy,174900,原味强化贝果，含丙酸钙，烤过,"Bagels, plain, enriched, with calcium propionate (includes onion, poppy, sesame), toasted",11.14,1.43,57.39,,,,,Baked Products,
sr_legacy_174901,sr_legacy,174901,鸡蛋贝果,"Bagels, egg",10.6,2.1,53.0,,,,,Baked Products,
sr_legacy_174902,sr_legacy,174902,美式比司吉预拌粉，原味或酪乳味,"Biscuits, plain or buttermilk, dry mix",8.0,15.4,63.4,,,,,Baked Products,
sr_legacy_174903,sr_legacy,174903,美式比司吉预拌粉，已制作,"Biscuits, plain or buttermilk, dry mix, prepared",7.3,12.1,48.4,,,,,Baked Products,
sr_legacy_174907,sr_legacy,174907,波士顿黑面包，罐装,"Bread, boston brown, canned",5.2,1.5,43.3,,,,,Baked Products,
sr_legacy_174910,sr_legacy,174910,玉米面包，自制，使用低脂牛奶,"Bread, cornbread, prepared from recipe, made with low fat (2%) milk",6.7,7.1,43.5,,,,,Baked Products,
sr_legacy_174911,sr_legacy,174911,法式或维也纳面包，烤过，含酸面团,"Bread, french or vienna, toasted (includes sourdough)",13.0,2.14,61.93,,,,,Baked Products,
sr_legacy_174912,sr_legacy,174912,爱尔兰苏打面包，自制,"Bread, irish soda, prepared from recipe",6.6,5.0,56.0,,,,,Baked Products,
sr_legacy_174913,sr_legacy,174913,意大利面包,"Bread, Italian",9.49,2.73,48.11,,,,,Baked Products,
sr_legacy_174914,sr_legacy,174914,多谷物面包，含全谷物，烤过,"Bread, multi-grain, toasted (includes whole-grain)",14.52,4.6,47.11,,,,,Baked Products,
sr_legacy_174915,sr_legacy,174915,白皮塔饼，强化,"Bread, pita, white, enriched",9.1,1.2,55.7,,,,,Baked Products,
sr_legacy_174916,sr_legacy,174916,全麦皮塔饼,"Bread, pita, whole-wheat",9.8,1.71,55.89,,,,,Baked Products,
sr_legacy_174917,sr_legacy,174917,高蛋白面包，含麸质,"Bread, protein (includes gluten)",12.1,2.2,43.8,,,,,Baked Products,
sr_legacy_174918,sr_legacy,174918,黑麦粗面包，Pumpernickel,"Bread, pumpernickel",8.7,3.1,47.5,,,,,Baked Products,
sr_legacy_174919,sr_legacy,174919,低热量燕麦面包,"Bread, reduced-calorie, oatmeal",7.6,3.5,43.3,,,,,Baked Products,
sr_legacy_174920,sr_legacy,174920,低热量黑麦面包,"Bread, reduced-calorie, rye",9.1,2.9,40.5,,,,,Baked Products,
sr_legacy_174921,sr_legacy,174921,低热量小麦面包,"Bread, reduced-calorie, wheat",13.32,2.92,42.47,,,,,Baked Products,
sr_legacy_174922,sr_legacy,174922,低热量白面包,"Bread, reduced-calorie, white",8.7,2.5,44.3,,,,,Baked Products,
sr_legacy_174923,sr_legacy,174923,米糠面包,"Bread, rice bran",8.9,4.6,43.5,,,,,Baked Products,
sr_legacy_174924,sr_legacy,174924,白面包，商业制作，含软面包屑,"Bread, white, commercially prepared (includes soft bread crumbs)",8.85,3.33,49.42,,,,,Baked Products,
sr_legacy_174925,sr_legacy,174925,白面包，商业制作，烤过,"Bread, white, commercially prepared, toasted",9.0,4.0,54.5,,,,,Baked Products,
sr_legacy_174926,sr_legacy,174926,白面包，自制，使用脱脂奶粉,"Bread, white, prepared from recipe, made with nonfat dry milk",7.7,2.6,53.6,,,,,Baked Products,
sr_legacy_174927,sr_legacy,174927,白面包，自制，使用低脂牛奶,"Bread, white, prepared from recipe, made with low fat (2%) milk",7.9,5.7,49.6,,,,,Baked Products,
sr_legacy_174928,sr_legacy,174928,干面包屑，原味，磨碎,"Bread, crumbs, dry, grated, plain",13.35,5.3,71.98,,,,,Baked Products,
sr_legacy_174929,sr_legacy,174929,原味面包棒,"Bread, sticks, plain",12.0,9.5,68.4,,,,,Baked Products,
sr_legacy_174930,sr_legacy,174930,面包填料干混合料,"Bread, stuffing, dry mix",11.0,3.4,76.2,,,,,Baked Products,
sr_legacy_174931,sr_legacy,174931,面包填料干混合料，已制作,"Bread, stuffing, dry mix, prepared",2.73,12.05,18.84,,,,,Baked Products,
sr_legacy_174975,sr_legacy,174975,普通奶酪味饼干,"Crackers, cheese, regular",10.93,22.74,59.42,,,,,Baked Products,
sr_legacy_174976,sr_legacy,174976,夹心奶酪味饼干，花生酱馅,"Crackers, cheese, sandwich-type with peanut butter filling",12.41,25.12,56.74,,,,,Baked Products,
sr_legacy_174977,sr_legacy,174977,原味梅尔巴吐司饼干,"Crackers, melba toast, plain",12.1,3.2,76.6,,,,,Baked Products,
sr_legacy_174978,sr_legacy,174978,黑麦梅尔巴吐司饼干，含 Pumpernickel,"Crackers, melba toast, rye (includes pumpernickel)",11.6,3.4,77.3,,,,,Baked Products,
sr_legacy_174979,sr_legacy,174979,小麦梅尔巴吐司饼干,"Crackers, melba toast, wheat",12.9,2.3,76.4,,,,,Baked Products,
sr_legacy_174980,sr_legacy,174980,牛奶饼干,"Crackers, milk",7.6,13.77,71.73,,,,,Baked Products,
sr_legacy_174981,sr_legacy,174981,烤面包干饼干，Rusk toast,"Crackers, rusk toast",13.5,7.2,72.3,,,,,Baked Products,
sr_legacy_174982,sr_legacy,174982,标准零食饼干，普通,"Crackers, standard snack-type, regular",6.64,26.43,61.3,,,,,Baked Products,
sr_legacy_174983,sr_legacy,174983,标准零食夹心饼干，奶酪馅,"Crackers, standard snack-type, sandwich, with cheese filling",9.3,21.1,61.7,,,,,Baked Products,
sr_legacy_174984,sr_legacy,174984,标准零食夹心饼干，花生酱馅,"Crackers, standard snack-type, sandwich, with peanut butter filling",11.47,24.54,58.38,,,,,Baked Products,
sr_legacy_174985,sr_legacy,174985,普通小麦饼干,"Crackers, wheat, regular",7.3,16.4,70.73,,,,,Baked Products,
sr_legacy_175027,sr_legacy,175027,鸡蛋餐包,"Rolls, dinner, egg",9.5,6.4,52.0,,,,,Baked Products,
sr_legacy_175028,sr_legacy,175028,燕麦麸餐包,"Rolls, dinner, oat bran",9.5,4.6,40.2,,,,,Baked Products,
sr_legacy_175029,sr_legacy,175029,黑麦餐包,"Rolls, dinner, rye",10.3,3.4,53.1,,,,,Baked Products,
sr_legacy_175030,sr_legacy,175030,小麦餐包,"Rolls, dinner, wheat",8.6,6.3,46.0,,,,,Baked Products,
sr_legacy_175031,sr_legacy,175031,硬质小餐包，含 Kaiser 面包,"Rolls, hard (includes kaiser)",9.9,4.3,52.7,,,,,Baked Products,
sr_legacy_175036,sr_legacy,175036,玉米 Tortilla 墨西哥薄饼，待烤或待炸,"Tortillas, ready-to-bake or -fry, corn",5.7,2.85,44.64,,,,,Baked Products,
sr_legacy_175037,sr_legacy,175037,面粉 Tortilla 墨西哥薄饼，待烤或待炸，冷藏,"Tortillas, ready-to-bake or -fry, flour, refrigerated",8.2,7.99,49.38,,,,,Baked Products,
sr_legacy_175044,sr_legacy,175044,米糠面包，烤过,"Bread, rice bran, toasted",9.7,5.0,47.3,,,,,Baked Products,
sr_legacy_175049,sr_legacy,175049,原味强化贝果，不含丙酸钙,"Bagels, plain, enriched, without calcium propionate (includes onion, poppy, sesame)",10.5,1.6,53.4,,,,,Baked Products,
sr_legacy_175050,sr_legacy,175050,原味未强化贝果，含丙酸钙,"Bagels, plain, unenriched, with calcium propionate (includes onion, poppy, sesame)",10.5,1.6,53.4,,,,,Baked Products,
sr_legacy_175051,sr_legacy,175051,原味未强化贝果，不含丙酸钙,"Bagels, plain, unenriched, without calcium propionate(includes onion, poppy, sesame)",10.5,1.6,53.4,,,,,Baked Products,
sr_legacy_175056,sr_legacy,175056,低盐盐味苏打饼干，含牡蛎饼干、苏打饼、汤饼干,"Crackers, saltines, low salt (includes oyster, soda, soup)",9.5,8.85,74.34,,,,,Baked Products,
sr_legacy_175057,sr_legacy,175057,表面无盐盐味苏打饼干，含牡蛎饼干、苏打饼、汤饼干,"Crackers, saltines, unsalted tops (includes oyster, soda, soup)",9.2,11.8,71.5,,,,,Baked Products,
sr_legacy_175058,sr_legacy,175058,标准零食饼干，普通，低盐,"Crackers, standard snack-type, regular, low salt",7.4,25.3,61.0,,,,,Baked Products,
sr_legacy_175059,sr_legacy,175059,低盐小麦饼干,"Crackers, wheat, low salt",8.6,20.6,64.9,,,,,Baked Products,
sr_legacy_175060,sr_legacy,175060,低钠奶酪味饼干,"Crackers, cheese, low sodium",10.1,25.3,58.2,,,,,Baked Products,
sr_legacy_175068,sr_legacy,175068,无脂低钠盐味苏打饼干,"Crackers, saltines, fat-free, low-sodium",10.5,1.6,82.3,,,,,Baked Products,
sr_legacy_175083,sr_legacy,175083,Nabisco Graham 全麦甜饼干,"Nabisco, Nabisco Grahams Crackers",6.99,10.0,76.2,,,,,Baked Products,保留品牌名 Nabisco
sr_legacy_175085,sr_legacy,175085,鹿肉，熟，烤制,"Game meat, deer, cooked, roasted",30.21,3.19,0.0,,,,,"Lamb, Veal, and Game Products",
sr_legacy_175086,sr_legacy,175086,马肉，生,"Game meat, horse, raw",21.39,4.6,0.0,,,,,"Lamb, Veal, and Game Products",
sr_legacy_175087,sr_legacy,175087,马肉，熟，烤制,"Game meat, horse, cooked, roasted",28.14,6.05,0.0,,,,,"Lamb, Veal, and Game Products",
sr_legacy_175116,sr_legacy,175116,大西洋鲱鱼，生,"Fish, herring, Atlantic, raw",17.96,9.04,0.0,,,,,Finfish and Shellfish Products,
sr_legacy_175117,sr_legacy,175117,大西洋鲱鱼，熟，干热烹调（烤/煎）,"Fish, herring, Atlantic, cooked, dry heat",23.03,11.59,0.0,,,,,Finfish and Shellfish Products,
sr_legacy_175118,sr_legacy,175118,大西洋鲱鱼，腌制,"Fish, herring, Atlantic, pickled",14.19,18.0,9.64,,,,,Finfish and Shellfish Products,
sr_legacy_175119,sr_legacy,175119,大西洋鲭鱼，生,"Fish, mackerel, Atlantic, raw",18.6,13.89,0.0,,,,,Finfish and Shellfish Products,
sr_legacy_175120,sr_legacy,175120,大西洋鲭鱼，熟，干热烹调（烤/煎）,"Fish, mackerel, Atlantic, cooked, dry heat",23.85,17.81,0.0,,,,,Finfish and Shellfish Products,
sr_legacy_175121,sr_legacy,175121,竹荚鱼/杰克鲭鱼，罐装，沥干固形物,"Fish, mackerel, jack, canned, drained solids",23.19,6.3,0.0,,,,,Finfish and Shellfish Products,
sr_legacy_175122,sr_legacy,175122,大王鲭，生,"Fish, mackerel, king, raw",20.28,2.0,0.0,,,,,Finfish and Shellfish Products,
sr_legacy_175123,sr_legacy,175123,鲻鱼（striped mullet），生,"Fish, mullet, striped, raw",19.35,3.79,0.0,,,,,Finfish and Shellfish Products,
sr_legacy_175124,sr_legacy,175124,鲻鱼（striped mullet），熟，干热烹调（烤/煎）,"Fish, mullet, striped, cooked, dry heat",24.81,4.86,0.0,,,,,Finfish and Shellfish Products,
sr_legacy_175125,sr_legacy,175125,大西洋海鲈（ocean perch），生,"Fish, ocean perch, Atlantic, raw",15.31,1.54,0.0,,,,,Finfish and Shellfish Products,
sr_legacy_175126,sr_legacy,175126,大西洋海鲈（ocean perch），熟，干热烹调（烤/煎）,"Fish, ocean perch, Atlantic, cooked, dry heat",18.51,1.87,0.0,,,,,Finfish and Shellfish Products,
sr_legacy_175127,sr_legacy,175127,北方狗鱼，熟，干热烹调（烤/煎）,"Fish, pike, northern, cooked, dry heat",24.69,0.88,0.0,,,,,Finfish and Shellfish Products,
sr_legacy_175128,sr_legacy,175128,玻璃梭鲈（walleye），生,"Fish, pike, walleye, raw",19.14,1.22,0.0,,,,,Finfish and Shellfish Products,
sr_legacy_175129,sr_legacy,175129,大西洋狭鳕，生,"Fish, pollock, Atlantic, raw",19.44,0.98,0.0,,,,,Finfish and Shellfish Products,
sr_legacy_175130,sr_legacy,175130,阿拉斯加狭鳕，生，可能含保水添加剂,"Fish, pollock, Alaska, raw (may contain additives to retain moisture)",12.19,0.41,0.0,,,,,Finfish and Shellfish Products,原名标注可能含保水添加剂
sr_legacy_175131,sr_legacy,175131,太平洋岩鱼，混合品种，熟，干热烹调（烤/煎）,"Fish, rockfish, Pacific, mixed species, cooked, dry heat",22.23,1.62,0.0,,,,,Finfish and Shellfish Products,
sr_legacy_175132,sr_legacy,175132,鱼卵，混合品种，生,"Fish, roe, mixed species, raw",22.32,6.42,1.5,,,,,Finfish and Shellfish Products,
sr_legacy_175133,sr_legacy,175133,橙棘鲷（orange roughy），生,"Fish, roughy, orange, raw",16.41,0.7,0.0,,,,,Finfish and Shellfish Products,
sr_legacy_175134,sr_legacy,175134,银鳕鱼/黑鳕（sablefish），生,"Fish, sablefish, raw",13.41,15.3,0.0,,,,,Finfish and Shellfish Products,
sr_legacy_175135,sr_legacy,175135,狗鲑/秋鲑，罐装，沥干固形物，带骨,"Fish, salmon, chum, canned, drained solids with bone",21.43,5.5,0.0,,,,,Finfish and Shellfish Products,
sr_legacy_175136,sr_legacy,175136,银鲑三文鱼（Coho），野生，生,"Fish, salmon, coho, wild, raw",21.62,5.93,0.0,,,,,Finfish and Shellfish Products,
sr_legacy_175137,sr_legacy,175137,银鲑三文鱼（Coho），野生，熟，水煮/蒸煮,"Fish, salmon, coho, wild, cooked, moist heat",27.36,7.5,0.0,,,,,Finfish and Shellfish Products,
sr_legacy_175138,sr_legacy,175138,粉红三文鱼（粉鲑），生,"Fish, salmon, pink, raw",20.5,4.4,0.0,,,,,Finfish and Shellfish Products,
sr_legacy_175139,sr_legacy,175139,大西洋沙丁鱼，油浸罐装，沥干固形物，带骨,"Fish, sardine, Atlantic, canned in oil, drained solids with bone",24.62,11.45,0.0,,,,,Finfish and Shellfish Products,
sr_legacy_175140,sr_legacy,175140,太平洋沙丁鱼，番茄酱罐装，沥干固形物，带骨,"Fish, sardine, Pacific, canned in tomato sauce, drained solids with bone",20.86,10.45,0.54,,,,,Finfish and Shellfish Products,
sr_legacy_175141,sr_legacy,175141,北美鲷（scup），生,"Fish, scup, raw",18.88,2.73,0.0,,,,,Finfish and Shellfish Products,少见鱼名，保留英文 scup 便于核对
sr_legacy_175142,sr_legacy,175142,海鲈鱼，混合品种，生,"Fish, sea bass, mixed species, raw",18.43,2.0,0.0,,,,,Finfish and Shellfish Products,
sr_legacy_175143,sr_legacy,175143,鲨鱼，混合品种，熟，裹面糊油炸,"Fish, shark, mixed species, cooked, batter-dipped and fried",18.62,13.82,6.39,,,,,Finfish and Shellfish Products,
sr_legacy_175144,sr_legacy,175144,羊头鲷（sheepshead），生,"Fish, sheepshead, raw",20.21,2.41,0.0,,,,,Finfish and Shellfish Products,少见鱼名，保留英文 sheepshead 便于核对
sr_legacy_175145,sr_legacy,175145,羊头鲷（sheepshead），熟，干热烹调（烤/煎）,"Fish, sheepshead, cooked, dry heat",26.02,1.63,0.0,,,,,Finfish and Shellfish Products,少见鱼名，保留英文 sheepshead 便于核对
sr_legacy_175146,sr_legacy,175146,彩虹胡瓜鱼（smelt），生,"Fish, smelt, rainbow, raw",17.63,2.42,0.0,,,,,Finfish and Shellfish Products,少见鱼名，保留英文 smelt 便于核对
sr_legacy_175147,sr_legacy,175147,彩虹胡瓜鱼（smelt），熟，干热烹调（烤/煎）,"Fish, smelt, rainbow, cooked, dry heat",22.6,3.1,0.0,,,,,Finfish and Shellfish Products,少见鱼名，保留英文 smelt 便于核对
sr_legacy_175148,sr_legacy,175148,鲟鱼，混合品种，熟，干热烹调（烤/煎）,"Fish, sturgeon, mixed species, cooked, dry heat",20.7,5.18,0.0,,,,,Finfish and Shellfish Products,
sr_legacy_175149,sr_legacy,175149,鲟鱼，混合品种，烟熏,"Fish, sturgeon, mixed species, smoked",31.2,4.4,0.0,,,,,Finfish and Shellfish Products,
sr_legacy_175150,sr_legacy,175150,白吸口鱼（sucker），生,"Fish, sucker, white, raw",16.76,2.32,0.0,,,,,Finfish and Shellfish Products,少见鱼名，保留英文 sucker 便于核对
sr_legacy_175151,sr_legacy,175151,南瓜籽太阳鱼（sunfish），生,"Fish, sunfish, pumpkin seed, raw",19.4,0.7,0.0,,,,,Finfish and Shellfish Products,少见鱼名，保留英文 sunfish 便于核对
sr_legacy_175152,sr_legacy,175152,方头鱼（tilefish），熟，干热烹调（烤/煎）,"Fish, tilefish, cooked, dry heat",24.49,4.69,0.0,,,,,Finfish and Shellfish Products,少见鱼名，保留英文 tilefish 便于核对
sr_legacy_175153,sr_legacy,175153,鳟鱼，混合品种，生,"Fish, trout, mixed species, raw",20.77,6.61,0.0,,,,,Finfish and Shellfish Products,
sr_legacy_175154,sr_legacy,175154,虹鳟，野生，生,"Fish, trout, rainbow, wild, raw",20.48,3.46,0.0,,,,,Finfish and Shellfish Products,
sr_legacy_175155,sr_legacy,175155,虹鳟，野生，熟，干热烹调（烤/煎）,"Fish, trout, rainbow, wild, cooked, dry heat",22.92,5.82,0.0,,,,,Finfish and Shellfish Products,
sr_legacy_175156,sr_legacy,175156,鲣鱼/跳鲣金枪鱼，鲜，生,"Fish, tuna, fresh, skipjack, raw",22.0,1.01,0.0,,,,,Finfish and Shellfish Products,
sr_legacy_175157,sr_legacy,175157,白金枪鱼（长鳍金枪鱼），油浸罐装，沥干固形物,"Fish, tuna, white, canned in oil, drained solids",26.53,8.08,0.0,,,,,Finfish and Shellfish Products,
sr_legacy_175158,sr_legacy,175158,白金枪鱼（长鳍金枪鱼），水浸罐装，沥干固形物,"Fish, tuna, white, canned in water, drained solids",23.62,2.97,0.0,,,,,Finfish and Shellfish Products,
sr_legacy_175159,sr_legacy,175159,黄鳍金枪鱼，鲜，生,"Fish, tuna, fresh, yellowfin, raw",24.4,0.49,0.0,,,,,Finfish and Shellfish Products,
sr_legacy_175160,sr_legacy,175160,金枪鱼沙拉,"Fish, tuna salad",16.04,9.26,9.41,,,,,Finfish and Shellfish Products,
sr_legacy_175161,sr_legacy,175161,牙鳕/白姑鱼（whiting），混合品种，熟，干热烹调（烤/煎）,"Fish, whiting, mixed species, cooked, dry heat",23.48,1.69,0.0,,,,,Finfish and Shellfish Products,少见鱼名，保留英文 whiting 便于核对
sr_legacy_175162,sr_legacy,175162,大西洋狼鱼，生,"Fish, wolffish, Atlantic, raw",17.5,2.39,0.0,,,,,Finfish and Shellfish Products,少见鱼名，保留英文 wolffish 便于核对
sr_legacy_175163,sr_legacy,175163,黄尾鱼/鰤鱼，混合品种，生,"Fish, yellowtail, mixed species, raw",23.14,5.24,0.0,,,,,Finfish and Shellfish Products,
sr_legacy_175164,sr_legacy,175164,阿拉斯加帝王蟹，生,"Crustaceans, crab, alaska king, raw",18.29,0.6,0.0,,,,,Finfish and Shellfish Products,
sr_legacy_175165,sr_legacy,175165,沟鲶（channel catfish），养殖，生,"Fish, catfish, channel, farmed, raw",15.23,5.94,0.0,,,,,Finfish and Shellfish Products,
sr_legacy_175166,sr_legacy,175166,沟鲶（channel catfish），养殖，熟，干热烹调（烤/煎）,"Fish, catfish, channel, farmed, cooked, dry heat",18.44,7.19,0.0,,,,,Finfish and Shellfish Products,
sr_legacy_175167,sr_legacy,175167,大西洋三文鱼（鲑鱼），养殖，生,"Fish, salmon, Atlantic, farmed, raw",20.42,13.42,0.0,,,,,Finfish and Shellfish Products,
sr_legacy_175168,sr_legacy,175168,大西洋三文鱼（鲑鱼），养殖，熟，干热烹调（烤/煎）,"Fish, salmon, Atlantic, farmed, cooked, dry heat",22.1,12.35,0.0,,,,,Finfish and Shellfish Products,
sr_legacy_175169,sr_legacy,175169,小龙虾/淡水螯虾，混合品种，养殖，生,"Crustaceans, crayfish, mixed species, farmed, raw",14.85,0.97,0.0,,,,,Finfish and Shellfish Products,
sr_legacy_175170,sr_legacy,175170,小龙虾/淡水螯虾，混合品种，养殖，熟，水煮/蒸煮,"Crustaceans, crayfish, mixed species, farmed, cooked, moist heat",17.52,1.3,0.0,,,,,Finfish and Shellfish Products,
sr_legacy_175171,sr_legacy,175171,美洲牡蛎，野生，熟，干热烹调（烤/煎）,"Mollusks, oyster, eastern, wild, cooked, dry heat",8.87,2.65,4.23,,,,,Finfish and Shellfish Products,
sr_legacy_175172,sr_legacy,175172,美洲牡蛎，养殖，生,"Mollusks, oyster, eastern, farmed, raw",5.22,1.55,5.53,,,,,Finfish and Shellfish Products,
sr_legacy_175173,sr_legacy,175173,美洲牡蛎，养殖，熟，干热烹调（烤/煎）,"Mollusks, oyster, eastern, farmed, cooked, dry heat",7.0,2.12,7.28,,,,,Finfish and Shellfish Products,
sr_legacy_175174,sr_legacy,175174,红鲑三文鱼（Sockeye），罐装，整罐内容物,"Salmon, sockeye, canned, total can contents",20.63,7.17,0.0,,,,,Finfish and Shellfish Products,
sr_legacy_175175,sr_legacy,175175,粉红三文鱼（粉鲑），罐装，沥干固形物,"Fish, salmon, pink, canned, drained solids",23.1,5.02,0.0,,,,,Finfish and Shellfish Products,
sr_legacy_175176,sr_legacy,175176,罗非鱼，生,"Fish, tilapia, raw",20.08,1.7,0.0,,,,,Finfish and Shellfish Products,
sr_legacy_175177,sr_legacy,175177,罗非鱼，熟，干热烹调（烤/煎）,"Fish, tilapia, cooked, dry heat",26.15,2.65,0.0,,,,,Finfish and Shellfish Products,
sr_legacy_175178,sr_legacy,175178,太平洋鳕鱼，熟,"Fish, cod, Pacific, cooked",20.42,0.25,0.0,,,,,Finfish and Shellfish Products,
sr_legacy_175179,sr_legacy,175179,虾，生,"Crustaceans, shrimp, raw",20.1,0.51,0.0,,,,,Finfish and Shellfish Products,
sr_legacy_175180,sr_legacy,175180,虾，熟,"Crustaceans, shrimp, cooked",23.98,0.28,0.2,,,,,Finfish and Shellfish Products,
sr_legacy_175181,sr_legacy,175181,溪鳟，生，纽约州,"Fish, trout, brook, raw, New York State",21.23,2.73,0.0,,,,,Finfish and Shellfish Products,
sr_legacy_175182,sr_legacy,175182,焗豆罐头，原味或素食,"Beans, baked, canned, plain or vegetarian",4.75,0.37,21.14,,,,,Legumes and Legume Products,
sr_legacy_175183,sr_legacy,175183,焗豆罐头，含牛肉,"Beans, baked, canned, with beef",6.38,3.45,16.91,,,,,Legumes and Legume Products,
sr_legacy_175184,sr_legacy,175184,焗豆罐头，含热狗肠,"Beans, baked, canned, with franks",6.75,6.57,15.39,,,,,Legumes and Legume Products,franks 指热狗肠/法兰克福香肠
sr_legacy_175185,sr_legacy,175185,焗豆罐头，含猪肉,"Beans, baked, canned, with pork",5.19,1.55,19.99,,,,,Legumes and Legume Products,
sr_legacy_175186,sr_legacy,175186,黑豆（Black turtle），成熟籽粒，生,"Beans, black turtle, mature seeds, raw",21.25,0.9,63.25,,,,,Legumes and Legume Products,Black turtle bean 译为黑豆并保留英文品种便于核对
sr_legacy_175187,sr_legacy,175187,黑豆（Black turtle），成熟籽粒，煮熟，不加盐,"Beans, black turtle, mature seeds, cooked, boiled, without salt",8.18,0.35,24.35,,,,,Legumes and Legume Products,Black turtle bean 译为黑豆并保留英文品种便于核对
sr_legacy_175188,sr_legacy,175188,黑豆（Black turtle），成熟籽粒，罐装,"Beans, black turtle, mature seeds, canned",6.03,0.29,16.55,,,,,Legumes and Legume Products,Black turtle bean 译为黑豆并保留英文品种便于核对
sr_legacy_175189,sr_legacy,175189,花豆（Cranberry/Roman 豆），成熟籽粒，生,"Beans, cranberry (roman), mature seeds, raw",23.03,1.23,60.05,,,,,Legumes and Legume Products,Cranberry/Roman bean 按常用名花豆处理
sr_legacy_175190,sr_legacy,175190,大北豆，成熟籽粒，生,"Beans, great northern, mature seeds, raw (Includes foods for USDA's Food Distribution Program)",21.86,1.14,62.37,,,,,Legumes and Legume Products,Great Northern bean 译为大北豆；原文含 USDA Food Distribution Program 说明，中文名中省略
sr_legacy_175191,sr_legacy,175191,大北豆，成熟籽粒，煮熟，不加盐,"Beans, great northern, mature seeds, cooked, boiled, without salt",8.33,0.45,21.09,,,,,Legumes and Legume Products,Great Northern bean 译为大北豆
sr_legacy_175192,sr_legacy,175192,大北豆，成熟籽粒，罐装,"Beans, great northern, mature seeds, canned",7.37,0.39,21.02,,,,,Legumes and Legume Products,Great Northern bean 译为大北豆
sr_legacy_175193,sr_legacy,175193,腰豆，各类型，成熟籽粒，生,"Beans, kidney, all types, mature seeds, raw",23.58,0.83,60.01,,,,,Legumes and Legume Products,
sr_legacy_175194,sr_legacy,175194,红腰豆，成熟籽粒，煮熟，不加盐,"Beans, kidney, red, mature seeds, cooked, boiled, without salt",8.67,0.5,22.8,,,,,Legumes and Legume Products,
sr_legacy_175195,sr_legacy,175195,红腰豆，成熟籽粒，罐装，固形物和汤汁,"Beans, kidney, red, mature seeds, canned, solids and liquids",5.22,0.36,14.83,,,,,Legumes and Legume Products,
sr_legacy_175196,sr_legacy,175196,皇家红腰豆，成熟籽粒，生,"Beans, kidney, royal red, mature seeds, raw",25.33,0.45,58.33,,,,,Legumes and Legume Products,Royal red 为腰豆品种名
sr_legacy_175197,sr_legacy,175197,皇家红腰豆，成熟籽粒，煮熟，不加盐,"Beans, kidney, royal red, mature seeds, cooked, boiled, without salt",9.49,0.17,21.85,,,,,Legumes and Legume Products,Royal red 为腰豆品种名
sr_legacy_175198,sr_legacy,175198,粉红豆，成熟籽粒，煮熟，不加盐,"Beans, pink, mature seeds, cooked, boiled, without salt",9.06,0.49,27.91,,,,,Legumes and Legume Products,Pink bean 为豆类品种名
sr_legacy_175199,sr_legacy,175199,斑豆，成熟籽粒，生,"Beans, pinto, mature seeds, raw (Includes foods for USDA's Food Distribution Program)",21.42,1.23,62.55,,,,,Legumes and Legume Products,Pinto bean 译为斑豆；原文含 USDA Food Distribution Program 说明，中文名中省略
sr_legacy_175200,sr_legacy,175200,斑豆，成熟籽粒，煮熟，不加盐,"Beans, pinto, mature seeds, cooked, boiled, without salt",9.01,0.65,26.22,,,,,Legumes and Legume Products,Pinto bean 译为斑豆
sr_legacy_175201,sr_legacy,175201,斑豆，成熟籽粒，罐装，固形物和汤汁,"Beans, pinto, mature seeds, canned, solids and liquids",4.6,0.56,15.18,,,,,Legumes and Legume Products,Pinto bean 译为斑豆
sr_legacy_175202,sr_legacy,175202,白豆，成熟籽粒，生,"Beans, white, mature seeds, raw",23.36,0.85,60.27,,,,,Legumes and Legume Products,
sr_legacy_175203,sr_legacy,175203,白豆，成熟籽粒，煮熟，不加盐,"Beans, white, mature seeds, cooked, boiled, without salt",9.73,0.35,25.09,,,,,Legumes and Legume Products,
sr_legacy_175204,sr_legacy,175204,白豆，成熟籽粒，罐装,"Beans, white, mature seeds, canned",7.26,0.29,21.2,,,,,Legumes and Legume Products,
sr_legacy_175205,sr_legacy,175205,蚕豆，成熟籽粒，生,"Broadbeans (fava beans), mature seeds, raw",26.12,1.53,58.29,,,,,Legumes and Legume Products,Broadbean/Fava bean 译为蚕豆
sr_legacy_175206,sr_legacy,175206,鹰嘴豆，成熟籽粒，罐装，固形物和汤汁,"Chickpeas (garbanzo beans, bengal gram), mature seeds, canned, solids and liquids",4.92,1.95,13.49,,,,,Legumes and Legume Products,Garbanzo/Bengal gram 均为鹰嘴豆别名
sr_legacy_175207,sr_legacy,175207,辣味豆炖菜罐头，含豆,"Chili with beans, canned",6.12,3.76,13.24,,,,,Legumes and Legume Products,Chili with beans 为美式豆类炖菜
sr_legacy_175208,sr_legacy,175208,豇豆（Catjang），成熟籽粒，生,"Cowpeas, catjang, mature seeds, raw",23.85,2.07,59.64,,,,,Legumes and Legume Products,Catjang 为豇豆近缘品种，保留英文便于核对
sr_legacy_175209,sr_legacy,175209,豇豆（Catjang），成熟籽粒，煮熟，不加盐,"Cowpeas, catjang, mature seeds, cooked, boiled, without salt",8.13,0.71,20.32,,,,,Legumes and Legume Products,Catjang 为豇豆近缘品种，保留英文便于核对
sr_legacy_175210,sr_legacy,175210,扁豆（Hyacinth bean），成熟籽粒，生,"Hyacinth beans, mature seeds, raw",23.9,1.69,60.74,,,,,Legumes and Legume Products,Hyacinth bean 也称藊豆/扁豆，保留英文便于核对
sr_legacy_175211,sr_legacy,175211,扁豆（Hyacinth bean），成熟籽粒，煮熟，不加盐,"Hyacinth beans, mature seeds, cooked, boiled, without salt",8.14,0.58,20.69,,,,,Legumes and Legume Products,Hyacinth bean 也称藊豆/扁豆，保留英文便于核对
sr_legacy_175216,sr_legacy,175216,脱脂豆奶，所有口味，添加钙和维生素 A、D,"Soymilk (all flavors), nonfat, with added calcium, vitamins A and D",2.47,0.04,4.14,,,,,Legumes and Legume Products,
sr_legacy_175237,sr_legacy,175237,黑豆，成熟籽粒，煮熟，加盐,"Beans, black, mature seeds, cooked, boiled, with salt",8.86,0.54,23.71,,,,,Legumes and Legume Products,
sr_legacy_175238,sr_legacy,175238,黑豆，成熟籽粒，罐装，低钠,"Beans, black, mature seeds, canned, low sodium",6.03,0.29,16.55,,,,,Legumes and Legume Products,
sr_legacy_175239,sr_legacy,175239,黑豆（Black turtle），成熟籽粒，煮熟，加盐,"Beans, black turtle, mature seeds, cooked, boiled, with salt",8.18,0.35,24.35,,,,,Legumes and Legume Products,Black turtle bean 译为黑豆并保留英文品种便于核对
sr_legacy_175240,sr_legacy,175240,花豆（Cranberry/Roman 豆），成熟籽粒，煮熟，加盐,"Beans, cranberry (roman), mature seeds, cooked, boiled, with salt",9.34,0.46,24.46,,,,,Legumes and Legume Products,Cranberry/Roman bean 按常用名花豆处理
sr_legacy_175241,sr_legacy,175241,菜豆（French bean），成熟籽粒，煮熟，加盐,"Beans, french, mature seeds, cooked, boiled, with salt",7.05,0.76,24.02,,,,,Legumes and Legume Products,French bean 直译容易误解，保留英文便于核对
sr_legacy_175242,sr_legacy,175242,红腰豆，成熟籽粒，煮熟，加盐,"Beans, kidney, red, mature seeds, cooked, boiled, with salt",8.67,0.5,22.8,,,,,Legumes and Legume Products,
sr_legacy_175243,sr_legacy,175243,红腰豆，成熟籽粒，罐装，沥干固形物，清水冲洗,"Beans, kidney, red, mature seeds, canned, drained solids, rinsed in tap water",8.12,0.93,20.8,,,,,Legumes and Legume Products,
sr_legacy_175244,sr_legacy,175244,皇家红腰豆，成熟籽粒，煮熟，加盐,"Beans, kidney, royal red, mature seeds, cooked, boiled with salt",9.49,0.17,21.85,,,,,Legumes and Legume Products,Royal red 为腰豆品种名
sr_legacy_175245,sr_legacy,175245,红腰豆，成熟籽粒，罐装，固形物和汤汁，低钠,"Beans, kidney, red, mature seeds, canned, solids and liquid, low sodium",5.22,0.36,14.83,,,,,Legumes and Legume Products,
sr_legacy_175246,sr_legacy,175246,小白豆，成熟籽粒，煮熟，加盐,"Beans, small white, mature seeds, cooked, boiled, with salt",8.97,0.64,25.81,,,,,Legumes and Legume Products,
sr_legacy_175247,sr_legacy,175247,斑豆，成熟籽粒，罐装，固形物和汤汁，低钠,"Beans, pinto, mature seeds, canned, solids and liquids, low sodium",4.6,0.56,15.18,,,,,Legumes and Legume Products,Pinto bean 译为斑豆
sr_legacy_175248,sr_legacy,175248,黄色菜豆，成熟籽粒，煮熟，加盐,"Beans, yellow, mature seeds, cooked, boiled, with salt",9.16,1.08,25.28,,,,,Legumes and Legume Products,为避免与 soybean 黄豆混淆，译为黄色菜豆
sr_legacy_175249,sr_legacy,175249,白豆，成熟籽粒，煮熟，加盐,"Beans, white, mature seeds, cooked, boiled, with salt",9.73,0.35,25.09,,,,,Legumes and Legume Products,
sr_legacy_175250,sr_legacy,175250,鹰嘴豆，成熟籽粒，罐装，固形物和汤汁，低钠,"Chickpeas (garbanzo beans, bengal gram), mature seeds, canned, solids and liquids, low sodium",4.92,1.95,13.49,,,,,Legumes and Legume Products,Garbanzo/Bengal gram 均为鹰嘴豆别名
sr_legacy_175251,sr_legacy,175251,豇豆（Catjang），成熟籽粒，煮熟，加盐,"Cowpeas, catjang, mature seeds, cooked, boiled, with salt",8.13,0.71,20.32,,,,,Legumes and Legume Products,Catjang 为豇豆近缘品种，保留英文便于核对
sr_legacy_175252,sr_legacy,175252,黑眼豆（豇豆），成熟籽粒，煮熟，加盐,"Cowpeas, common (blackeyes, crowder, southern), mature seeds, cooked, boiled, with salt",7.73,0.53,20.76,,,,,Legumes and Legume Products,Blackeyes/crowder/southern 均为 cowpea 类型，中文以黑眼豆/豇豆便于搜索
sr_legacy_175253,sr_legacy,175253,扁豆（Hyacinth bean），成熟籽粒，煮熟，加盐,"Hyacinth beans, mature seeds, cooked, boiled, with salt",8.14,0.58,20.7,,,,,Legumes and Legume Products,Hyacinth bean 也称藊豆/扁豆，保留英文便于核对
sr_legacy_175254,sr_legacy,175254,小扁豆，成熟籽粒，煮熟，加盐,"Lentils, mature seeds, cooked, boiled, with salt",9.02,0.38,19.54,,,,,Legumes and Legume Products,Lentil 译为小扁豆
sr_legacy_175255,sr_legacy,175255,绿豆，成熟籽粒，煮熟，加盐,"Mung beans, mature seeds, cooked, boiled, with salt",7.02,0.38,19.15,,,,,Legumes and Legume Products,
sr_legacy_175256,sr_legacy,175256,黑绿豆（Urad bean），成熟籽粒，煮熟，加盐,"Mungo beans, mature seeds, cooked, boiled, with salt",7.54,0.55,18.34,,,,,Legumes and Legume Products,Mungo/black gram 常见于南亚饮食，保留 Urad 便于核对
sr_legacy_175257,sr_legacy,175257,劈半豌豆，成熟籽粒，煮熟，加盐,"Peas, split, mature seeds, cooked, boiled, with salt",8.34,0.39,20.51,,,,,Legumes and Legume Products,split pea 指劈半豌豆
sr_legacy_175258,sr_legacy,175258,花生，各类型，油炸/油烤，不加盐,"Peanuts, all types, oil-roasted, without salt",28.03,52.5,15.26,,,,,Legumes and Legume Products,oil-roasted 按油烤/油炸处理
sr_legacy_175259,sr_legacy,175259,新西兰进口，冷冻，羊腰肉，可分离瘦肉和脂肪，熟，炙烤,"Lamb, New Zealand, imported, frozen, loin, separable lean and fat, cooked, broiled",23.43,23.88,0.0,,,,,"Lamb, Veal, and Game Products",
sr_legacy_175260,sr_legacy,175260,新西兰进口羔羊法式修整羊排架（部分露骨），仅可分离瘦肉，生,"Lamb, New Zealand, imported, rack - partly frenched, separable lean only, raw",20.65,8.61,0.0,,,,,"Lamb, Veal, and Game Products",Frenched 指法式修整、肋骨外露
sr_legacy_175261,sr_legacy,175261,新西兰进口羔羊法式修整羊排架（部分露骨），仅可分离瘦肉，快速烤熟,"Lamb, New Zealand, imported, rack - partly frenched, separable lean only, cooked, fast roasted",24.43,10.63,0.0,,,,,"Lamb, Veal, and Game Products",Frenched 指法式修整、肋骨外露
sr_legacy_175262,sr_legacy,175262,新西兰进口羔羊方切肩肉，可分离瘦肉和脂肪，生,"Lamb, New Zealand, imported, square-cut shoulder, separable lean and fat, raw",16.16,22.89,0.24,,,,,"Lamb, Veal, and Game Products",
sr_legacy_175263,sr_legacy,175263,新西兰进口，冷冻，羔羊肉，整肩（臂部和肩胛），可分离瘦肉和脂肪，熟，炖煮,"Lamb, New Zealand, imported, frozen, shoulder, whole (arm and blade), separable lean and fat, cooked, braised",28.21,26.27,0.0,,,,,"Lamb, Veal, and Game Products",
sr_legacy_175264,sr_legacy,175264,新西兰进口羔羊方切肩肉，仅可分离瘦肉，生,"Lamb, New Zealand, imported, square-cut shoulder, separable lean only, raw",19.72,8.3,0.0,,,,,"Lamb, Veal, and Game Products",
sr_legacy_175265,sr_legacy,175265,小牛零售修整部位混合，仅可分离瘦肉，熟,"Veal, composite of trimmed retail cuts, separable lean only, cooked",31.9,6.58,0.0,,,,,"Lamb, Veal, and Game Products",
sr_legacy_175266,sr_legacy,175266,小牛零售修整部位混合，可分离脂肪，生,"Veal, composite of trimmed retail cuts, separable fat, raw",6.02,67.83,0.0,,,,,"Lamb, Veal, and Game Products",
sr_legacy_175267,sr_legacy,175267,小牛零售修整部位混合，可分离脂肪，熟,"Veal, composite of trimmed retail cuts, separable fat, cooked",9.42,66.74,0.0,,,,,"Lamb, Veal, and Game Products",
sr_legacy_175268,sr_legacy,175268,小牛后腿上圆肉，可分离瘦肉和脂肪，生,"Veal, leg (top round), separable lean and fat, raw",20.98,3.08,0.0,,,,,"Lamb, Veal, and Game Products",
sr_legacy_175269,sr_legacy,175269,小牛后腿上圆肉，仅可分离瘦肉，生,"Veal, leg (top round), separable lean only, raw",21.28,1.76,0.0,,,,,"Lamb, Veal, and Game Products",
sr_legacy_175270,sr_legacy,175270,小牛后腿上圆肉，仅可分离瘦肉，炖煮熟,"Veal, leg (top round), separable lean only, cooked, braised",36.71,5.09,0.0,,,,,"Lamb, Veal, and Game Products",
sr_legacy_175271,sr_legacy,175271,小牛后腿上圆肉，仅可分离瘦肉，裹粉后平底锅煎熟,"Veal, leg (top round), separable lean only, cooked, pan-fried, breaded",28.41,6.27,9.84,,,,,"Lamb, Veal, and Game Products",
sr_legacy_175272,sr_legacy,175272,小牛后腿上圆肉，仅可分离瘦肉，未裹粉，平底锅煎熟,"Veal, leg (top round), separable lean only, cooked, pan-fried, not breaded",33.17,4.62,0.0,,,,,"Lamb, Veal, and Game Products",
sr_legacy_175273,sr_legacy,175273,小牛腰肉，仅可分离瘦肉，炖煮熟,"Veal, loin, separable lean only, cooked, braised",33.57,9.15,0.0,,,,,"Lamb, Veal, and Game Products",
sr_legacy_175274,sr_legacy,175274,小牛腰肉，仅可分离瘦肉，烤熟,"Veal, loin, separable lean only, cooked, roasted",26.32,6.94,0.0,,,,,"Lamb, Veal, and Game Products",
sr_legacy_175275,sr_legacy,175275,小牛肋部肉，可分离瘦肉和脂肪，生,"Veal, rib, separable lean and fat, raw",18.86,9.01,0.0,,,,,"Lamb, Veal, and Game Products",
sr_legacy_175276,sr_legacy,175276,小牛肋部肉，可分离瘦肉和脂肪，炖煮熟,"Veal, rib, separable lean and fat, cooked, braised",32.43,12.53,0.0,,,,,"Lamb, Veal, and Game Products",
sr_legacy_175277,sr_legacy,175277,小牛整肩肉（肩臂和肩胛），可分离瘦肉和脂肪，生,"Veal, shoulder, whole (arm and blade), separable lean and fat, raw",19.27,5.28,0.0,,,,,"Lamb, Veal, and Game Products",
sr_legacy_175278,sr_legacy,175278,小牛整肩肉（肩臂和肩胛），可分离瘦肉和脂肪，炖煮熟,"Veal, shoulder, whole (arm and blade), separable lean and fat, cooked, braised",32.06,10.14,0.0,,,,,"Lamb, Veal, and Game Products",
sr_legacy_175279,sr_legacy,175279,小牛整肩肉（肩臂和肩胛），可分离瘦肉和脂肪，烤熟,"Veal, shoulder, whole (arm and blade), separable lean and fat, cooked, roasted",25.32,8.42,0.0,,,,,"Lamb, Veal, and Game Products",
sr_legacy_175280,sr_legacy,175280,小牛整肩肉（肩臂和肩胛），仅可分离瘦肉，生,"Veal, shoulder, whole (arm and blade), separable lean only, raw",19.79,3.0,0.0,,,,,"Lamb, Veal, and Game Products",
sr_legacy_175281,sr_legacy,175281,小牛肩臂肉，可分离瘦肉和脂肪，烤熟,"Veal, shoulder, arm, separable lean and fat, cooked, roasted",25.46,8.25,0.0,,,,,"Lamb, Veal, and Game Products",
sr_legacy_175282,sr_legacy,175282,小牛肩臂肉，仅可分离瘦肉，生,"Veal, shoulder, arm, separable lean only, raw",20.04,2.16,0.0,,,,,"Lamb, Veal, and Game Products",
sr_legacy_175283,sr_legacy,175283,小牛肩臂肉，仅可分离瘦肉，炖煮熟,"Veal, shoulder, arm, separable lean only, cooked, braised",35.73,5.33,0.0,,,,,"Lamb, Veal, and Game Products",
sr_legacy_175284,sr_legacy,175284,小牛肩臂肉，仅可分离瘦肉，烤熟,"Veal, shoulder, arm, separable lean only, cooked, roasted",26.13,5.81,0.0,,,,,"Lamb, Veal, and Game Products",
sr_legacy_175285,sr_legacy,175285,小牛肩胛肉，仅可分离瘦肉，烤熟,"Veal, shoulder, blade, separable lean only, cooked, roasted",25.64,6.88,0.0,,,,,"Lamb, Veal, and Game Products",
sr_legacy_175286,sr_legacy,175286,小牛沙朗肉，可分离瘦肉和脂肪，生,"Veal, sirloin, separable lean and fat, raw",19.07,7.81,0.0,,,,,"Lamb, Veal, and Game Products",
sr_legacy_175287,sr_legacy,175287,小牛沙朗肉，可分离瘦肉和脂肪，炖煮熟,"Veal, sirloin, separable lean and fat, cooked, braised",31.26,13.14,0.0,,,,,"Lamb, Veal, and Game Products",
sr_legacy_175288,sr_legacy,175288,小牛沙朗肉，可分离瘦肉和脂肪，烤熟,"Veal, sirloin, separable lean and fat, cooked, roasted",25.14,10.45,0.0,,,,,"Lamb, Veal, and Game Products",
sr_legacy_175289,sr_legacy,175289,小牛炖肉块（腿肉和肩肉），仅可分离瘦肉，炖煮熟,"Veal, cubed for stew (leg and shoulder), separable lean only, cooked, braised",34.94,4.31,0.0,,,,,"Lamb, Veal, and Game Products",
sr_legacy_175290,sr_legacy,175290,小牛绞肉，生,"Veal, ground, raw",18.58,13.06,0.0,,,,,"Lamb, Veal, and Game Products",
sr_legacy_175291,sr_legacy,175291,小牛绞肉，烤炙熟,"Veal, ground, cooked, broiled",24.38,7.56,0.0,,,,,"Lamb, Veal, and Game Products",
sr_legacy_175292,sr_legacy,175292,羚羊肉，生,"Game meat, antelope, raw",22.38,2.03,0.0,,,,,"Lamb, Veal, and Game Products",少见野味，中文按羚羊肉处理
sr_legacy_175293,sr_legacy,175293,美洲野牛肉，草饲，绞肉，生,"Bison, ground, grass-fed, raw",20.23,7.21,0.05,,,,,"Lamb, Veal, and Game Products",
sr_legacy_175294,sr_legacy,175294,海狸肉，生,"Game meat, beaver, raw",24.05,4.8,0.0,,,,,"Lamb, Veal, and Game Products",少见野味，中文按海狸肉处理
sr_legacy_175295,sr_legacy,175295,海狸肉，熟，烤制,"Game meat, beaver, cooked, roasted",34.85,6.96,0.0,,,,,"Lamb, Veal, and Game Products",少见野味，中文按海狸肉处理
sr_legacy_175296,sr_legacy,175296,Beefalo杂交牛肉，综合切块，生,"Game meat, beefalo, composite of cuts, raw",23.3,4.8,0.0,,,,,"Lamb, Veal, and Game Products",Beefalo 为牛与美洲野牛的杂交肉类，保留英文便于核对
sr_legacy_175297,sr_legacy,175297,野猪肉，生,"Game meat, boar, wild, raw",21.51,3.33,0.0,,,,,"Lamb, Veal, and Game Products",
sr_legacy_175298,sr_legacy,175298,野猪肉，熟，烤制,"Game meat, boar, wild, cooked, roasted",28.3,4.38,0.0,,,,,"Lamb, Veal, and Game Products",
sr_legacy_175299,sr_legacy,175299,水牛肉，生,"Game meat, buffalo, water, raw",20.39,1.37,0.0,,,,,"Lamb, Veal, and Game Products",
sr_legacy_175300,sr_legacy,175300,水牛肉，熟，烤制,"Game meat, buffalo, water, cooked, roasted",26.83,1.8,0.0,,,,,"Lamb, Veal, and Game Products",
sr_legacy_175301,sr_legacy,175301,麋鹿肉，生,"Game meat, elk, raw",22.95,1.45,0.0,,,,,"Lamb, Veal, and Game Products",Elk 按北美语境译为麋鹿肉
sr_legacy_175302,sr_legacy,175302,麋鹿肉，熟，烤制,"Game meat, elk, cooked, roasted",30.19,1.9,0.0,,,,,"Lamb, Veal, and Game Products",Elk 按北美语境译为麋鹿肉
sr_legacy_175303,sr_legacy,175303,山羊肉，生,"Game meat, goat, raw",20.6,2.31,0.0,,,,,"Lamb, Veal, and Game Products",
sr_legacy_175304,sr_legacy,175304,山羊肉，熟，烤制,"Game meat, goat, cooked, roasted",27.1,3.03,0.0,,,,,"Lamb, Veal, and Game Products",
